id,chr1,chr2,start1,end1,start2,end2,pvalue,length,ks_median,ks_average,homo1,homo2,homo3,homo4,homo5,block1,block2,ks,density1,density2,class1,class2
42,1,14,436.0,210.0,750.0,903.0,0.0196,34,1.61735,1.6134499999999998,0.5882352941176471,0.8529411764705882,0.9411764705882352,0.9411764705882352,0.9411764705882352,436_434_404_400_380_375_372_369_360_357_353_351_349_348_346_340_337_336_334_320_316_312_305_298_289_285_282_280_263_261_247_238_231_210,750_751_757_763_781_782_785_786_795_803_804_806_810_814_815_818_825_834_837_840_841_844_849_855_858_859_867_868_883_887_888_893_897_903,1.6903_2.2874_1.6887_1.0064_2.1959999999999997_1.65_0.9451_1.1481_1.4194_1.6947_1.9673_1.4297_1.7123_1.3927_1.7034_1.6479_2.2884_1.5868_1.0825_-1_1.4543_2.0276_2.1031_0.8684_1.2603_1.064_3.6379_-1_1.7444_-1_1.5357_-1_0.9571_1.2136,0.14977973568281938,0.2207792207792208,0,0
52,1,17,521.0,211.0,179.0,501.0,0.0453,50,1.45525,1.6162791666666667,0.6,0.8,0.88,0.92,0.94,521_519_480_464_461_451_436_434_405_401_400_399_394_393_390_389_372_369_367_365_360_356_355_353_346_344_338_337_335_334_316_312_308_303_299_284_283_281_280_277_274_269_251_250_247_243_240_232_212_211,179_200_213_214_216_226_231_269_283_287_288_289_291_292_306_307_312_313_315_316_323_325_336_337_342_347_348_349_362_364_376_380_382_385_388_393_395_403_441_445_446_453_463_464_468_474_475_486_499_501,1.2283_5.8074_1.1146_1.1223_1.2389_0.8501_1.3314_1.8034_0.7118_1.4684_2.3161_2.9376_0.8515_0.8391_1.8506_1.1457_1.4271_1.5907_1.0981_1.167_1.1683_1.1668_1.7223_1.5909_1.8513_0.8495_2.8479_2.1251_1.5718_2.0133_1.5726_1.7047_1.4877_3.0776_1.6128_1.2576_0.9614_-1_2.5795_1.6215_1.3858_0.9620000000000001_1.3839_1.599_1.7358_-1_1.659_1.3398_1.3913_1.4421,0.1607717041800643,0.15479876160990713,0,0
53,1,17,826.0,1022.0,596.0,737.0,0.0086,36,1.17635,1.2221352941176469,0.5833333333333334,0.8611111111111112,0.9722222222222222,1.0,1.0,826_828_832_838_851_855_861_863_871_872_874_881_884_886_890_891_902_905_907_910_911_912_922_923_927_928_933_936_947_948_953_959_967_973_988_1022,596_597_599_603_619_621_629_630_634_635_640_647_648_650_656_657_658_660_665_666_667_670_672_673_678_679_686_689_697_699_703_707_710_713_727_737,0.8994_0.875_1.3486_1.0909_1.1983_-1_1.1027_1.3471_2.4409_1.2182_1.5347_1.2018_1.2518_1.1001_1.0479_1.2251_1.4227_1.1544_1.028_0.8331_0.9222_1.59_1.3047_0.9125_1.5076_1.4075_1.6021_1.0095_1.0653_-1_0.7275_0.8666_1.8286_1.3574_1.1343_0.9961,0.18274111675126906,0.2535211267605634,0,0
54,1,17,1384.0,1169.0,2.0,142.0,0.0203,29,1.2102499999999998,1.392566666666667,0.7241379310344828,0.8620689655172413,0.9655172413793104,0.9655172413793104,0.9655172413793104,1384_1378_1362_1360_1358_1355_1349_1347_1342_1340_1336_1327_1324_1322_1310_1305_1302_1300_1295_1289_1282_1281_1275_1262_1228_1223_1218_1192_1169,2_14_19_21_28_30_35_39_40_41_44_45_47_50_53_61_66_69_80_82_87_89_94_95_98_108_115_134_142,1.0601_1.2266_1.3322_1.3034_1.1939_-1_-1_0.9652_1.3002_1.1281_1.0235_0.8919_1.013_1.7654_1.1124_1.0004_1.3105_-1_2.0245_1.6835_-1_1.5374_-1_1.16_0.961_4.7978_1.3253_0.8834_1.4219,0.13425925925925927,0.20567375886524825,0,0
73,10,10,3.0,30.0,558.0,576.0,0.0003,18,0.01,0.021955555555555558,0.9444444444444444,1.0,1.0,1.0,1.0,3_5_6_7_8_9_10_12_13_14_17_18_19_20_25_26_29_30,558_559_560_561_562_563_564_565_566_567_568_569_570_571_572_573_575_576,0.0036_0.028999999999999998_0.0062_0.0228_0.006999999999999999_0.013000000000000001_0.1203_0.019_0.0744_0.0244_0.0045_0.0_0.0062_0.0188_0.0_0.0_0.0_0.046,0.6428571428571429,0.9473684210526316,0,0
74,10,10,558.0,576.0,3.0,30.0,0.0004,18,0.01,0.021955555555555558,0.8333333333333334,0.9444444444444444,1.0,1.0,1.0,558_559_560_561_562_563_564_565_566_567_568_569_570_571_572_573_575_576,3_5_6_7_8_9_10_12_13_14_17_18_19_20_25_26_29_30,0.0036_0.028999999999999998_0.0062_0.0228_0.006999999999999999_0.013000000000000001_0.1203_0.019_0.0744_0.0244_0.0045_0.0_0.0062_0.0188_0.0_0.0_0.0_0.046,0.9473684210526316,0.6428571428571429,0,0
144,10,12,774.0,544.0,133.0,388.0,0.028,56,1.2911,1.4369537037037037,0.6071428571428571,0.8571428571428571,0.9285714285714286,0.9642857142857144,0.9821428571428572,774_767_763_758_749_748_747_740_737_729_728_727_725_716_710_709_706_705_694_686_683_672_670_668_666_651_649_645_644_643_642_640_637_636_635_633_631_630_627_621_619_618_612_606_596_592_586_581_579_575_574_571_562_548_547_544,133_139_153_159_160_161_162_168_169_190_191_195_199_201_204_209_213_214_221_223_224_231_233_235_236_242_246_248_249_256_266_269_271_273_294_295_296_297_298_301_305_306_315_320_335_344_348_352_358_362_363_370_383_386_387_388,2.3254_1.0154_1.1709_1.3144_1.6045_0.7338_1.7611_0.8991_0.9292_0.8501_0.8871_0.9364_-1_1.3132_1.6008_1.4638_0.9942_0.9521_1.2839_4.0606_1.024_1.7872_1.5932_1.3142_1.4948_1.0864_1.0616_0.8344_1.0166_1.72_1.1927_1.2983_2.0802_1.2718_1.0429_2.1295_1.6306_1.0323_1.0362_1.8897_0.8252_1.3845_1.5059_0.9496_1.4849_1.0381_-1_2.3542_1.1378_1.7619999999999998_1.7166_2.4142_0.8546_2.0557_3.4789999999999996_1.0006,0.2424242424242425,0.21875,0,0
163,10,19,128.0,85.0,412.0,445.0,0.0169,15,0.9826,1.35215,0.5333333333333333,0.6666666666666666,0.8,0.8666666666666667,0.9333333333333332,128_125_124_123_119_103_102_101_98_97_96_93_92_86_85,412_415_418_420_424_431_432_434_435_436_437_442_443_444_445,2.0580000000000003_0.9561_0.9059999999999999_0.9655_0.9997_0.7936_-1_2.3797_1.8638_0.8706_1.6175_-1_-1_1.9013_0.914,0.3409090909090909,0.4411764705882353,0,0
227,11,9,8.0,329.0,10.0,341.0,0.0374,50,1.14135,1.325975,0.7,0.84,0.86,0.88,0.92,8_11_13_17_19_24_25_30_40_50_51_53_55_58_64_66_70_71_73_75_88_91_98_99_104_105_110_112_113_114_115_120_158_198_227_237_243_251_264_265_273_280_284_288_293_299_300_303_316_329,10_18_19_24_28_33_38_44_57_63_64_65_68_70_73_76_77_82_87_90_115_120_125_128_130_132_137_138_140_141_146_147_176_213_220_222_224_225_239_247_262_279_281_283_289_291_292_293_304_341,0.9644_1.8405_4.3387_0.9376_1.1724_-1_1.0764_1.1297_1.0438_0.9336_1.4319_1.7062_1.395_0.9675_1.6445_1.0372_-1_-1_2.6934_1.4389_2.0246_0.8378_1.5963_2.4817_-1_1.1316_-1_1.465_1.3754_0.9358_1.0499_1.1852_0.8619_1.1169_1.2589_0.8608_1.1511_1.0556_1.2674_0.826_1.0861_0.8341_-1_1.0149_1.1703_1.2611_1.4995_1.0778_0.8238_1.3417,0.15527950310559005,0.15060240963855426,0,0
229,11,9,195.0,158.0,155.0,179.0,0.0121,12,1.0817,1.1146181818181815,0.5,0.75,0.75,0.9166666666666666,0.9166666666666666,195_191_190_189_188_186_183_178_173_168_165_158,155_158_159_162_163_164_165_167_170_171_173_179,1.1579_1.3122_1.0011_0.9082_1.0257_1.4018_1.3691_0.8581_-1_1.1211_1.0817_1.0239,0.3157894736842105,0.48,0,0
232,12,10,388.0,133.0,544.0,781.0,0.0056,53,1.2718,1.4283999999999997,0.7358490566037735,0.9056603773584906,0.9622641509433962,0.981132075471698,1.0,388_387_386_383_370_363_362_358_352_348_344_335_320_315_306_305_301_298_297_296_295_294_273_271_249_248_246_242_236_235_233_231_224_223_221_214_213_210_206_201_199_195_191_190_169_168_162_161_160_159_153_139_133,544_547_548_562_571_574_575_579_581_586_592_596_606_612_618_619_621_627_630_631_633_635_636_637_644_645_649_651_666_668_670_672_683_686_694_705_706_709_712_716_725_727_728_729_737_740_747_748_749_758_763_767_781,1.0006_3.4789999999999996_2.0557_0.8546_2.4142_1.7166_1.7619999999999998_1.1378_2.3542_-1_1.0381_1.4849_0.9496_1.5059_1.3845_0.8252_1.8897_1.0362_1.0323_1.6306_2.1295_1.0429_1.2718_2.0802_1.0166_0.8344_1.0616_1.0864_1.4948_1.3142_1.5932_1.7872_1.024_4.0606_1.2839_0.9521_0.9942_1.0034_1.3632_1.3132_-1_0.9364_0.8871_0.8501_0.9292_0.8991_1.7611_0.7338_1.6045_1.3144_1.1709_1.0154_2.4873,0.20703125,0.2226890756302521,0,0
234,12,10,477.0,428.0,77.0,124.0,0.0367,11,1.036,1.14521,0.5454545454545454,0.9090909090909092,0.9090909090909092,0.9090909090909092,1.0,477_474_468_455_454_446_442_441_440_430_428,77_80_84_96_98_104_114_118_120_123_124,0.9879_0.8640000000000001_1.5501_1.6465_-1_1.5179_1.0841_1.3814_0.8198_0.7814_0.8190000000000001,0.22,0.22916666666666666,0,0
344,12,19,313.0,394.0,205.0,304.0,0.0075,18,1.3062,1.5631611111111112,0.6666666666666666,0.7777777777777778,0.8888888888888888,0.9444444444444444,1.0,313_315_318_322_334_335_336_340_346_347_348_352_368_370_384_385_393_394,205_211_219_220_225_228_229_238_242_243_248_256_268_269_270_301_302_304,1.2291_1.6534_1.1791_1.4142_2.0364_2.9269_0.7902_1.3833_1.0552_0.9657_1.9141_1.1478_1.2094_2.3201_3.2674_1.2289_0.8115_1.6042,0.2195121951219512,0.18,0,0
345,12,19,201.0,246.0,129.0,178.0,0.0238,11,1.359,1.4432454545454545,0.6363636363636364,1.0,1.0,1.0,1.0,201_203_206_208_211_215_226_231_235_237_246,129_132_135_140_141_147_159_163_167_174_178,1.359_1.07_1.2949_1.4447_1.6671_1.1966_1.5587_1.9295_0.8740000000000001_2.2503_1.2309,0.2391304347826087,0.22,0,0
346,12,19,428.0,529.0,418.0,482.0,0.0147,12,1.3478,1.3719666666666666,0.8333333333333334,1.0,1.0,1.0,1.0,428_430_437_454_455_466_472_473_497_509_519_529,418_420_421_435_437_447_451_452_461_462_468_482,1.0493_0.769_2.2061_1.5116_1.5035_1.4596_1.0629_1.236_1.2163_2.0631_1.4841_0.9021,0.1176470588235294,0.18461538461538465,0,0
470,13,6,214.0,489.0,326.0,602.0,0.0466,58,1.2385,1.4879072727272726,0.603448275862069,0.7758620689655172,0.8103448275862069,0.8620689655172413,0.9137931034482759,214_216_219_222_227_233_235_240_241_245_249_263_265_268_279_280_282_283_286_289_299_300_304_308_311_315_318_345_346_347_348_349_351_352_353_362_363_367_370_371_378_379_382_383_384_385_396_409_411_427_429_432_433_445_474_483_484_489,326_327_329_335_346_349_353_355_357_358_360_366_367_370_373_374_376_377_379_387_399_400_402_406_410_413_453_458_459_460_467_468_469_470_471_481_482_483_492_493_498_500_501_503_509_510_512_518_521_523_524_526_531_532_547_565_566_602,1.045_1.1497_1.0839_-1_0.9767_1.3953_2.2064_5.1374_2.8494_1.5823_1.5019999999999998_0.9718_0.9688_1.1421_1.5964_1.2599_1.6262_1.2321_0.6991_0.72_1.2211_1.1565_1.1982_2.5657_1.347_1.2336_0.8838_1.8666_-1_1.2385_0.8674_1.4781_1.2895_1.3746_1.1618_1.1725_1.3881_1.02_3.8671_0.7892_-1_1.3814_1.095_1.2986_1.6544_1.0425_0.9620000000000001_1.3681_2.9149_0.9589_0.987_2.5269999999999997_1.9321_2.4392_0.9979_1.5548_1.1815_1.2758,0.21014492753623187,0.2093862815884477,0,0
471,13,6,15.0,205.0,616.0,792.0,0.0119,33,1.18425,1.3067468749999998,0.7272727272727273,0.9090909090909092,0.9393939393939394,0.9696969696969696,0.9696969696969696,15_18_24_27_46_47_48_49_52_55_58_66_67_74_83_90_95_101_104_105_106_111_132_138_142_147_148_149_154_165_167_175_205,616_618_619_622_641_642_646_648_650_651_653_664_666_675_680_683_685_690_694_695_699_713_730_748_749_755_757_760_762_772_773_785_792,-1_1.0916_1.1242_0.726_2.656_0.7661_1.3176_1.3997_1.1321_1.3651_1.7728_1.3005_0.9538_1.771_2.5981_1.0777_1.6375_1.1261_0.8293_1.2499_1.1168_1.0457_1.2174_1.3532_1.0044_1.1838_1.0668_1.4763_1.1847_1.7936_0.9453_0.8572_1.6756,0.17277486910994766,0.1864406779661017,0,0
473,13,6,763.0,847.0,1218.0,1301.0,0.0362,14,1.31625,1.6702785714285713,0.7142857142857143,0.9285714285714286,1.0,1.0,1.0,763_766_768_773_774_775_780_781_785_789_822_839_844_847,1218_1243_1244_1245_1246_1247_1250_1253_1256_1269_1277_1292_1294_1301,2.1638_1.0524_1.3652_1.2673_1.5351_0.9609_0.813_2.4311_0.9204_1.6689_1.6452_5.449_0.9098_1.2018,0.16470588235294115,0.16666666666666666,0,0
479,13,8,283.0,484.0,746.0,925.0,0.0193,39,1.2419,1.3670435897435895,0.5128205128205128,0.8461538461538461,0.8974358974358975,0.8974358974358975,0.9230769230769232,283_289_300_308_310_311_318_340_347_348_349_360_361_363_368_370_371_378_379_392_393_396_398_400_406_407_408_427_428_430_432_464_465_468_472_473_474_483_484,746_748_759_768_769_770_790_791_792_798_800_808_811_815_819_827_829_831_833_835_838_839_840_843_860_861_864_868_869_870_875_885_886_895_899_901_903_924_925,2.2225_0.6829_1.0146_1.1393_1.2142_1.2419_1.3995_1.7875_0.8611_1.06_1.0436_1.3898_2.5287_2.3758_1.4392_2.1344_0.9551_2.0227_1.0838_1.0498_1.7608_0.9635_0.7564_0.8455_1.0018_1.3445_1.2598_0.9874_0.8594_1.1583_1.7859_1.4234_1.1256_1.4415_2.0749_1.3756_1.2983_2.0355_1.1702,0.19306930693069307,0.21666666666666667,0,0
480,13,8,83.0,200.0,308.0,426.0,0.0171,26,1.47425,1.6767192307692311,0.7307692307692307,0.8846153846153846,0.9230769230769232,1.0,1.0,83_91_93_104_105_110_113_118_121_130_132_133_134_142_147_149_150_154_155_165_174_188_189_194_197_200,308_313_317_326_332_336_342_344_350_359_363_364_366_380_381_384_385_387_391_401_411_418_419_422_424_426,1.1286_2.0366_3.2657_0.6728_1.175_3.1374_1.5822_1.1833_1.1861_3.8175_2.7619_1.002_0.8555_0.8473_1.8794_1.7387_2.0980000000000003_1.0225_2.1719_2.108_1.6003_0.8534_1.2646_0.9468_1.8929_1.3663,0.22033898305084745,0.2184873949579832,0,0
481,13,8,614.0,514.0,577.0,657.0,0.0091,21,1.0802,1.1368050000000005,0.6666666666666666,0.8571428571428571,0.8571428571428571,0.9047619047619048,0.9047619047619048,614_613_608_599_597_594_590_585_582_580_574_566_561_558_557_543_540_538_516_515_514,577_584_587_593_596_603_604_606_609_611_612_615_629_630_631_646_648_649_655_656_657,1.047_0.6812_1.3228_1.6627_1.3301_1.041_1.2967_1.2345_0.8731_1.1134_0.9519_1.4827_1.0284_1.671_-1_0.9459_0.9005_0.8634_0.6772_1.2167_1.3959,0.2079207920792079,0.25925925925925924,0,0
482,13,8,287.0,216.0,660.0,715.0,0.0091,19,1.0276,1.1936105263157897,0.631578947368421,0.8421052631578947,1.0,1.0,1.0,287_286_284_276_263_253_251_245_243_240_239_238_237_231_225_220_219_217_216,660_662_664_671_674_676_678_684_685_686_688_690_692_696_698_708_713_714_715,0.8119_0.8322_1.172_1.6608_1.0276_0.9811_0.915_2.8415_0.9064_1.1511_0.8137_0.8886_1.1431_1.7277_1.3101_1.3897_1.3479_0.7745_0.9837,0.2638888888888889,0.3392857142857143,0,0
483,13,8,1611.0,1524.0,1282.0,1369.0,0.0124,14,1.27705,1.2958428571428573,0.6428571428571429,0.8571428571428571,0.9285714285714286,0.9285714285714286,1.0,1611_1610_1609_1601_1585_1575_1573_1569_1562_1560_1547_1535_1533_1524,1282_1286_1287_1302_1311_1328_1329_1332_1340_1341_1342_1359_1360_1369,2.1501_1.6185_1.4565_1.8929_1.3314_1.2227_1.4015_0.9035_0.8393_0.6451_0.9425_1.5581_0.9806_1.1991,0.1590909090909091,0.1590909090909091,0,0
490,14,1,903.0,750.0,210.0,436.0,0.025,34,1.56755,1.6112633333333333,0.6470588235294118,0.7941176470588235,0.8529411764705882,0.9411764705882352,0.9411764705882352,903_897_893_888_887_883_868_867_859_858_855_849_844_841_840_837_834_825_818_815_814_812_806_804_803_801_786_785_782_781_763_757_751_750,210_231_238_247_261_263_280_282_285_289_298_305_311_316_320_334_336_337_340_346_348_349_351_353_357_360_369_372_375_380_399_404_434_436,1.2136_0.9571_-1_1.5357_-1_1.7444_-1_3.6379_1.064_1.2603_0.8684_2.1031_1.5483_1.4543_-1_1.0825_1.5868_2.2884_1.6479_1.7034_1.3927_2.049_1.4297_1.9673_1.6947_1.3627_1.1481_0.9451_1.65_2.1959999999999997_1.1401_1.6887_2.2874_1.6903,0.2207792207792208,0.14977973568281938,0,0
491,14,1,1585.0,1694.0,855.0,974.0,0.0292,23,1.4999,1.5924739130434786,0.6521739130434783,0.8695652173913043,0.9565217391304348,0.9565217391304348,1.0,1585_1593_1595_1598_1605_1607_1608_1609_1610_1621_1622_1624_1626_1634_1647_1669_1678_1680_1681_1682_1684_1689_1694,855_872_874_877_881_884_886_887_889_891_897_899_902_914_942_944_947_948_949_953_956_967_974,2.4368_1.4999_2.0082_1.4062_1.587_1.3672_0.7858_4.3994_2.4645_2.3168_1.1333_0.7783_1.1709_1.6174_2.3913_0.8454_0.9399_1.6071_0.8992_0.7198_0.8784_1.6303_1.7438,0.20909090909090908,0.19166666666666668,0,0
492,14,1,1211.0,1061.0,1219.0,1391.0,0.0082,24,1.2573,1.5226782608695653,0.625,0.8333333333333334,0.875,0.9166666666666666,0.9583333333333334,1211_1199_1193_1190_1183_1181_1172_1168_1163_1161_1149_1146_1143_1114_1113_1110_1104_1102_1100_1099_1084_1071_1068_1061,1219_1247_1257_1261_1282_1285_1297_1299_1302_1306_1309_1313_1317_1340_1341_1345_1348_1354_1355_1359_1375_1381_1382_1391,1.1954_0.8765_1.2719_1.1827_-1_0.9342_0.8746_1.7272_1.3684_0.8219_1.6867_1.2573_1.1759_1.2148_0.8759999999999999_2.889_1.6959_1.4575_2.9955_1.0873_1.4264_4.5227_1.3899_1.0939,0.15894039735099338,0.13872832369942195,0,0
576,14,17,1552.0,1739.0,596.0,771.0,0.0073,27,1.24425,1.4266615384615382,0.5185185185185185,0.8518518518518519,0.8888888888888888,0.9629629629629628,0.9629629629629628,1552_1569_1572_1574_1581_1585_1593_1595_1605_1607_1608_1626_1633_1638_1658_1668_1678_1682_1688_1689_1705_1707_1715_1722_1724_1736_1739,596_604_614_615_620_621_635_640_647_648_650_658_668_671_687_693_697_703_709_710_732_734_749_755_756_759_771,0.9544_3.7271_-1_0.9755_0.8797_1.2379_1.6379_1.8823_1.2982_0.9562_0.8787_1.3267_1.2082_1.7807_1.9828_0.9205_1.1475_0.7463_1.6985_1.9924_1.4775_1.23_1.5281_1.2506_1.1318_2.0534_1.1903,0.14361702127659576,0.1534090909090909,0,0
577,14,17,1067.0,1223.0,1.0,131.0,0.0122,24,1.1342,1.3117347826086958,0.6666666666666666,0.9166666666666666,0.9166666666666666,0.9583333333333334,0.9583333333333334,1067_1085_1100_1106_1114_1116_1119_1120_1122_1132_1158_1163_1165_1167_1169_1171_1175_1180_1183_1192_1208_1210_1211_1223,1_12_30_37_41_42_46_48_51_54_55_66_67_68_70_73_75_85_87_111_113_114_116_131,0.9156_0.8094_1.2413_1.1342_1.1955_2.4703_1.0608_0.8363_0.818_2.3847_0.7126_1.3882_1.1793_0.8738_1.0529_1.0391_0.9111_0.91_1.6288_2.4504_1.9202_1.6444_-1_1.5930000000000002,0.15286624203821655,0.18320610687022895,0,0
578,14,17,1524.0,1459.0,859.0,945.0,0.0072,20,1.21565,1.2800944444444444,0.9,0.95,0.95,0.95,0.95,1524_1523_1522_1517_1512_1506_1505_1503_1502_1501_1499_1494_1493_1491_1489_1483_1475_1473_1469_1459,859_862_863_866_877_881_882_884_890_891_893_900_901_905_907_910_917_919_942_945,1.8606_-1_1.198_-1_0.8559_0.9398_1.4641_1.2333_1.4277_1.0761_1.4937_1.3001_1.0214_1.4794_0.9575_0.8797_1.9731_1.0682_1.1495_1.6636,0.30303030303030304,0.2298850574712644,0,0
579,14,17,837.0,1036.0,405.0,593.0,0.015,20,1.1361,1.4022800000000002,0.6,0.9,0.95,0.95,1.0,837_839_844_868_878_888_891_909_940_954_959_960_971_972_976_980_1018_1020_1029_1036,405_408_420_441_455_468_476_504_528_534_535_536_567_568_572_573_577_583_589_593,1.1794_0.9247_1.3365_2.2966_1.3476_1.5586_1.0671_2.3152_1.2568_1.0034_1.6301_1.0861_2.5329_0.8097_0.9623_0.9932_0.9371_1.0928_0.9111_2.8044,0.1,0.1058201058201058,0,0
593,14,7,234.0,16.0,356.0,601.0,0.0361,32,1.28215,1.396415625,0.59375,0.78125,0.90625,0.96875,0.96875,234_228_227_215_214_189_179_167_157_155_154_152_151_133_131_129_120_113_112_100_98_90_83_70_63_61_55_53_48_46_18_16,356_367_370_405_409_416_430_448_453_457_458_469_471_496_499_503_509_519_526_537_538_543_559_567_572_573_578_589_594_595_600_601,1.4921_1.6306_2.0698_1.0162_1.0943_1.9941_0.9859_1.1131_0.9207_0.9955_0.8553_1.0997_0.8371_1.1377_3.6012_0.8918_1.5315_1.0228_1.5002_2.0265_1.2899_1.7044_1.3071_1.7799_1.3998_1.3132_1.2744_0.8838_1.2617_0.8384_2.384_1.4326,0.1461187214611872,0.13008130081300814,0,0
649,15,16,726.0,840.0,1235.0,1341.0,0.0138,20,1.39625,1.5994777777777778,0.6,0.85,0.85,0.95,1.0,726_738_743_751_753_758_767_772_774_776_789_799_804_811_812_824_826_832_837_840,1235_1243_1250_1258_1262_1264_1268_1271_1272_1275_1287_1293_1298_1301_1306_1320_1325_1334_1337_1341,1.3771_1.8437_-1_1.9264_1.8779_1.3544_1.3331_1.0566_-1_1.5888_2.4483_1.0478_2.9971_1.077_1.0296_1.1493_2.2988_1.0993_1.87_1.4154,0.17391304347826084,0.18691588785046728,0,0
660,15,2,929.0,702.0,73.0,312.0,0.0053,45,1.3445,1.5204813953488376,0.7111111111111111,0.9111111111111112,0.9555555555555556,0.9777777777777776,0.9777777777777776,929_928_927_919_918_915_914_910_908_907_905_902_901_900_896_893_884_872_854_843_840_838_827_820_814_812_811_810_809_804_779_776_770_758_756_755_751_750_747_742_739_734_732_727_702,73_74_77_91_92_94_95_99_100_102_108_109_110_114_118_120_127_137_148_154_159_165_173_199_212_215_216_217_221_224_243_246_248_256_258_259_270_271_275_284_286_287_290_295_312,1.2904_0.8629_1.3248_1.2771_1.1185_1.1081_2.2469_2.7446_1.6126_1.1302_0.8174_1.1057_1.8507_1.5427_-1_1.4467_1.8753_1.8838_1.5736_0.9372_1.4109_2.1009_1.1009_1.2121_2.2841_1.0590000000000002_0.8905_1.2822_1.2915_2.4973_1.3332_1.5455_1.7155_2.3107_2.4037_1.5582_1.0022_1.0112_0.9015_1.3445_2.5559_0.9511_1.4208_2.4481_-1,0.1973684210526316,0.1875,0,0
661,15,2,616.0,365.0,517.0,796.0,0.0421,30,1.218,1.5852888888888887,0.7,0.8,0.8,0.8,0.9,616_615_613_602_584_572_568_556_555_554_528_512_498_480_471_460_456_455_452_446_438_436_423_422_410_409_404_375_366_365,517_521_523_561_570_583_593_606_610_612_621_622_642_650_653_655_660_661_662_673_678_687_714_716_740_741_745_774_795_796,0.904_2.1301_1.3605_1.5128_4.1292_1.5285_1.0152_1.4923_1.0604_1.3558_3.2136_1.0281_-1_1.1868_0.9405_0.7406_4.6809_1.416_0.7991_-1_0.6532_1.218_3.4798_0.9242_1.3562_0.9913_1.439_-1_1.0306_1.2161,0.11904761904761905,0.10714285714285714,0,0
674,16,15,1235.0,1341.0,726.0,840.0,0.0179,20,1.39625,1.5994777777777778,0.75,0.95,0.95,0.95,1.0,1235_1243_1250_1258_1262_1264_1268_1271_1272_1275_1287_1293_1298_1301_1306_1320_1325_1334_1337_1341,726_738_743_751_753_758_767_772_774_776_789_799_804_811_812_824_826_832_837_840,1.3771_1.8437_-1_1.9264_1.8779_1.3544_1.3331_1.0566_-1_1.5888_2.4483_1.0478_2.9971_1.077_1.0296_1.1493_2.2988_1.0993_1.87_1.4154,0.18691588785046728,0.17391304347826084,0,0
818,16,2,1341.0,1243.0,159.0,286.0,0.0087,19,1.35,1.3869315789473682,0.631578947368421,0.8947368421052632,0.9473684210526316,0.9473684210526316,0.9473684210526316,1341_1339_1337_1323_1311_1306_1301_1298_1295_1290_1286_1279_1265_1264_1261_1258_1252_1247_1243,159_162_165_193_205_215_216_224_225_229_237_239_255_256_264_270_279_282_286,1.5039_0.9258_1.6941_1.0625_0.8493_1.1188_0.6695_1.8765_1.7182_0.7823_1.4828_1.2706_1.1436_1.7912_1.35_1.9809_1.2226_1.8981_2.011,0.1919191919191919,0.1484375,0,0
828,17,1,501.0,179.0,211.0,521.0,0.0389,50,1.4271,1.6411617021276594,0.54,0.8,0.84,0.94,0.94,501_499_486_475_474_468_465_463_453_446_445_441_403_395_393_388_385_382_380_376_364_362_349_348_347_345_337_336_325_323_316_315_313_312_307_306_294_291_289_288_287_283_269_231_226_216_214_213_200_179,211_212_232_240_243_247_250_251_269_274_277_280_281_283_284_299_303_308_311_316_334_335_337_338_344_346_353_355_356_360_365_367_369_372_389_390_393_394_399_400_401_405_434_436_451_461_464_480_519_521,1.4421_1.3913_1.3398_1.659_-1_1.7358_0.7388_1.3839_0.9620000000000001_1.3858_1.6215_2.5795_-1_0.9614_1.2576_1.6128_3.0776_1.4877_3.4536_1.5726_2.0133_1.5718_2.1251_2.8479_0.8495_-1_1.5909_1.7223_1.1668_1.1683_1.167_1.0981_1.5907_1.4271_1.1457_1.8506_1.3549_0.8515_2.9376_2.3161_1.4684_0.7118_1.8034_1.3314_0.8501_1.2389_1.1223_1.1146_5.8074_1.2283,0.15479876160990713,0.1607717041800643,0,0
829,17,1,596.0,737.0,826.0,1022.0,0.0117,37,1.20005,1.2759666666666665,0.6756756756756757,0.8108108108108109,0.9189189189189192,0.9459459459459459,0.9459459459459459,596_597_599_603_619_622_629_630_634_635_640_647_648_650_656_657_658_660_665_666_667_670_672_673_678_679_686_689_692_697_699_703_707_710_713_727_737,826_828_832_838_851_855_861_863_871_872_874_881_884_886_890_891_902_905_907_910_911_912_922_923_927_928_933_936_942_947_948_953_959_967_973_988_1022,0.8994_0.875_1.3486_1.0909_1.1983_2.2705_1.1027_1.3471_2.4409_1.2182_1.5347_1.2018_1.2518_1.1001_1.0479_1.2251_1.4227_1.1544_1.028_0.8331_0.9222_1.59_1.3047_0.9125_1.5076_1.4075_1.6021_1.0095_2.1117_1.0653_-1_0.7275_0.8666_1.8286_1.3574_1.1343_0.9961,0.2605633802816901,0.18781725888324874,0,0
830,17,1,142.0,2.0,1169.0,1384.0,0.0232,29,1.2102499999999998,1.4202416666666666,0.6896551724137931,0.9310344827586208,0.9310344827586208,0.9655172413793104,1.0,142_134_115_108_104_95_94_89_87_82_80_69_66_61_53_50_47_45_44_41_40_39_35_30_28_21_19_14_2,1169_1192_1218_1223_1247_1262_1275_1280_1282_1289_1295_1300_1302_1305_1310_1322_1324_1327_1336_1340_1342_1347_1349_1355_1358_1360_1362_1378_1384,1.4219_0.8834_1.3253_4.7978_0.986_1.16_-1_2.1766_-1_1.6835_2.0245_-1_1.3105_1.0004_1.1124_1.7654_1.013_0.8919_1.0235_1.1281_1.3002_0.9652_-1_-1_1.1939_1.3034_1.3322_1.2266_1.0601,0.20567375886524825,0.13425925925925927,0,0
836,17,14,596.0,771.0,1552.0,1739.0,0.0288,29,1.22795,1.360603846153846,0.4482758620689655,0.7931034482758621,0.8620689655172413,0.8965517241379308,0.9310344827586208,596_604_614_615_620_621_635_640_647_648_650_657_658_668_671_684_693_697_703_708_709_710_732_734_749_755_756_757_771,1552_1569_1572_1575_1581_1585_1593_1595_1605_1607_1608_1621_1626_1633_1638_1664_1668_1678_1682_1687_1688_1689_1705_1707_1715_1722_1724_1738_1739,0.9544_3.7271_-1_1.2259_0.8797_1.2379_1.6379_1.8823_1.2982_0.9562_0.8787_-1_1.3267_1.2082_1.7807_1.0403_0.9205_1.1475_0.7463_-1_1.6985_1.9924_1.4775_1.23_1.5281_1.2506_1.1318_1.028_1.1903,0.16477272727272727,0.15425531914893614,0,0
837,17,14,1.0,131.0,1067.0,1223.0,0.0392,24,1.1342,1.2739695652173917,0.625,0.9166666666666666,0.9583333333333334,1.0,1.0,1_12_30_37_41_42_46_48_51_54_55_66_67_68_70_73_75_85_87_99_113_114_116_131,1067_1085_1100_1106_1114_1116_1119_1120_1122_1132_1158_1163_1165_1167_1169_1171_1175_1180_1183_1203_1208_1210_1211_1223,0.9156_0.8094_1.2413_1.1342_1.1955_2.4703_1.0608_0.8363_0.818_2.3847_0.7126_1.3882_1.1793_0.8738_1.0529_1.0391_0.9111_0.91_1.6288_1.5818_1.9202_1.6444_-1_1.5930000000000002,0.18320610687022895,0.15286624203821655,0,0
838,17,14,945.0,846.0,1459.0,1565.0,0.0043,22,1.21565,1.3063249999999995,0.9545454545454546,1.0,1.0,1.0,1.0,945_942_919_917_910_907_906_901_900_893_891_890_884_882_881_877_866_863_862_859_858_846,1459_1469_1473_1475_1483_1489_1491_1493_1494_1499_1501_1502_1503_1505_1506_1512_1517_1522_1523_1524_1526_1565,1.6636_1.1495_1.0682_1.9731_0.8797_0.9575_1.6821_1.0214_1.3001_1.4937_1.0761_1.4277_1.2333_1.4641_0.9398_0.8559_-1_1.198_-1_1.8606_1.1488_1.7333,0.22,0.205607476635514,0,0
970,18,3,889.0,592.0,337.0,598.0,0.0434,46,1.3883,1.581009523809524,0.6739130434782609,0.8913043478260869,0.9130434782608696,0.9782608695652174,0.9782608695652174,889_886_884_877_851_841_832_828_802_798_789_785_759_754_751_750_742_736_731_718_716_715_708_707_704_701_683_677_675_656_651_649_646_633_629_627_616_611_606_605_603_601_597_595_594_592,337_341_345_377_381_383_389_395_426_428_431_433_452_458_468_470_473_479_482_494_497_498_510_511_512_513_516_520_523_536_542_545_547_552_557_558_569_572_574_576_578_580_581_590_591_598,0.8786_1.0339_1.0807_2.6177_1.4002_1.3764_1.1316_1.7246_0.7891_0.8979_1.2145_1.6657_3.0662_3.0041_3.0424_1.8679_1.1216_1.8421_1.5875_2.6499_1.3616_1.4442_1.6372_-1_0.9148_1.3248_2.9599_1.0295_1.1744_1.6537_1.1367_1.2543_1.459_-1_1.1242_1.1633_1.0657_2.1634_-1_-1_1.6059999999999999_1.2787_1.9913_1.1569_1.6607_1.8495,0.15436241610738255,0.17557251908396945,0,0
971,18,3,897.0,1045.0,3.0,170.0,0.0278,31,1.2977,1.3726999999999998,0.7096774193548387,0.9032258064516128,0.9032258064516128,0.967741935483871,1.0,897_904_912_917_920_923_930_931_933_937_940_948_949_967_969_970_976_978_993_994_997_1007_1012_1015_1016_1022_1027_1031_1033_1043_1045,3_6_9_12_13_15_18_25_32_39_46_49_50_57_58_81_88_89_96_97_100_117_133_137_138_149_157_161_162_169_170,1.0111_1.0396_1.1021_1.6834_1.5216_0.9239_1.8076_0.8549_1.0626_0.9504_1.3892_1.6863_1.7625_2.3873_1.1242_1.6204_1.081_0.9756_1.219_1.2977_1.4563_1.2931_2.0248_2.0218_1.8465_1.208_1.3157_0.7728_1.3573_1.2297_1.5273,0.2080536912751678,0.1845238095238096,0,0
972,18,3,197.0,5.0,180.0,343.0,0.0132,26,1.38105,1.5161833333333334,0.5384615384615384,0.9615384615384616,0.9615384615384616,0.9615384615384616,1.0,197_196_191_177_176_175_167_131_127_104_101_97_94_92_91_82_75_64_62_56_45_43_40_29_13_5,180_181_191_202_204_205_214_241_242_267_273_285_286_287_288_291_295_296_297_303_312_313_316_318_328_343,1.1461_1.5117_0.7053_-1_2.0946_1.3413_0.8762_1.8866_-1_0.9767_1.0895_2.44_1.5386_1.5147_1.6893_1.1676_1.1938_1.9144_0.9644_1.1036_2.6053_1.3323_1.4208_2.2643_0.8715_2.7398,0.13471502590673576,0.15853658536585366,0,0
980,18,4,779.0,1050.0,1102.0,1402.0,0.0045,63,1.2998,1.4017406779661021,0.7619047619047619,0.9047619047619048,0.9682539682539684,0.9682539682539684,0.9841269841269841,779_780_781_782_784_785_787_793_794_797_798_804_806_809_819_820_822_831_843_845_846_848_851_852_856_861_862_866_868_873_877_879_882_884_890_891_900_904_915_923_926_927_928_930_937_938_946_959_968_969_988_989_996_1012_1013_1016_1031_1032_1034_1039_1045_1049_1050,1102_1103_1108_1110_1112_1114_1115_1116_1118_1122_1134_1143_1151_1154_1163_1165_1166_1184_1190_1195_1196_1198_1200_1201_1204_1210_1212_1213_1214_1239_1246_1247_1248_1249_1257_1263_1270_1276_1279_1285_1290_1292_1293_1318_1320_1321_1324_1330_1334_1335_1346_1347_1355_1361_1364_1366_1389_1390_1391_1393_1396_1400_1402,1.187_1.2724_2.0967_-1_1.4221_1.2771_1.2965_1.4997_1.2783_1.7424_1.2657_0.8377_1.0061_2.9248_1.7224_2.3201_1.5939_1.2148_1.3607_0.867_1.9758_-1_0.6972_1.0258_1.1783_1.4635_1.167_1.0762_2.1619_-1_1.9408_0.9337_1.3439_0.9452_1.2998_2.464_1.1747_0.9551_1.3613_0.9838_1.0901_1.1116_1.5207_-1_0.9538_1.3167_1.3104_1.5377_1.0484_1.1636_1.755_2.8426_1.359_1.4283_1.0873_1.5562_0.8371_0.8759999999999999_1.9995_1.0608_1.3626_1.6486_1.5033,0.23161764705882354,0.20930232558139536,0,0
988,18,7,477.0,597.0,1311.0,1422.0,0.0144,26,1.4224,1.5354346153846157,0.6923076923076923,0.8461538461538461,0.8846153846153846,0.9615384615384616,0.9615384615384616,477_478_488_490_494_496_497_499_501_510_514_516_517_525_534_541_542_544_546_548_555_567_568_573_574_597,1311_1315_1323_1324_1326_1329_1330_1336_1338_1346_1353_1355_1364_1371_1372_1375_1378_1385_1386_1388_1397_1407_1411_1412_1413_1422,1.5968_1.335_1.3127_1.5506_2.0102_1.4588_0.9595_1.3004_0.9434_1.0332_1.0307_1.2436_1.4817_1.4897_2.8394_1.5254_1.5848_1.1864_0.8305_1.0723_2.0172_1.2934_2.2033_1.386_1.9769999999999999_3.2593,0.21487603305785125,0.23214285714285715,0,0
989,18,7,592.0,701.0,1735.0,1828.0,0.0151,24,1.4853,1.5922136363636363,0.6666666666666666,0.7916666666666666,0.8333333333333334,0.8333333333333334,0.875,592_597_599_603_604_606_609_610_614_616_617_622_628_630_631_637_641_642_643_647_651_655_694_701,1735_1741_1742_1747_1751_1755_1756_1758_1760_1762_1769_1770_1785_1789_1791_1792_1795_1797_1799_1804_1809_1811_1827_1828,-1_1.4877_2.6745_1.6076_1.7181_2.715_0.8858_0.8805_1.1695_0.9934_2.6809_3.0599_1.5886_1.0659_-1_1.1649_1.9436_1.2227_0.9347_1.7734_1.3492_1.6722_1.4829_0.9577,0.21818181818181812,0.2553191489361702,0,0
997,19,10,445.0,412.0,85.0,128.0,0.0209,15,1.3086,1.507564285714286,0.4666666666666667,0.8,0.9333333333333332,1.0,1.0,445_444_443_442_437_436_435_434_433_431_424_420_418_415_412,85_86_90_93_96_97_98_101_102_103_119_123_124_125_128,0.914_1.9013_2.0449_-1_1.6175_0.8706_1.8638_2.3797_2.8352_0.7936_0.9997_0.9655_0.9059999999999999_0.9561_2.0580000000000003,0.4411764705882353,0.3409090909090909,0,0
1000,19,12,200.0,304.0,294.0,394.0,0.0362,18,1.39135,1.4962777777777778,0.8333333333333334,0.9444444444444444,1.0,1.0,1.0,200_205_211_219_220_225_228_229_238_242_243_248_256_268_269_301_302_304,294_309_315_318_322_334_335_336_340_346_347_348_352_368_370_385_393_394,1.8932_1.3994_1.6534_1.1791_1.4142_2.0364_2.9269_0.7902_1.3833_1.0552_0.9657_1.9141_1.1478_1.2094_2.3201_1.2289_0.8115_1.6042,0.17142857142857146,0.1782178217821782,0,0
1001,19,12,418.0,482.0,428.0,529.0,0.0222,13,1.4596,1.4691307692307694,0.8461538461538461,1.0,1.0,1.0,1.0,418_420_421_435_437_447_451_452_459_461_462_468_482,428_430_437_454_455_466_472_473_489_497_509_519_529,1.0493_0.769_2.2061_1.5116_1.5035_1.4596_1.0629_1.236_2.6351_1.2163_2.0631_1.4841_0.9021,0.2,0.12745098039215685,0,0
1002,19,12,129.0,178.0,201.0,246.0,0.0087,12,1.359,1.4432454545454545,0.5,0.8333333333333334,0.8333333333333334,0.8333333333333334,0.8333333333333334,129_132_135_140_141_147_153_159_163_167_174_178,201_203_206_208_211_215_220_226_231_235_237_246,1.359_1.07_1.2949_1.4447_1.6671_1.1966_-1_1.5587_1.9295_0.8740000000000001_2.2503_1.2309,0.24,0.2608695652173913,0,0
1107,2,15,312.0,73.0,700.0,929.0,0.0185,45,1.3777,1.520036363636364,0.7333333333333333,0.9333333333333332,0.9555555555555556,0.9777777777777776,1.0,312_295_290_287_286_284_275_271_270_259_258_256_248_246_243_224_221_217_216_215_212_199_173_165_159_154_148_137_127_120_118_114_110_109_108_102_100_99_95_94_92_91_77_74_73,700_727_732_734_739_742_747_750_751_755_756_758_770_776_779_804_809_810_811_812_814_820_827_837_840_843_854_872_884_893_895_898_901_902_905_907_908_910_914_915_918_919_927_928_929,-1_2.4481_1.4208_0.9511_2.5559_1.3445_0.9015_1.0112_1.0022_1.5582_2.4037_2.3107_1.7155_1.5455_1.3332_2.4973_1.2915_1.2822_0.8905_1.0590000000000002_2.2841_1.2121_1.1009_1.8252_1.4109_0.9372_1.5736_1.8838_1.8753_1.4467_1.8427_1.4766_1.8507_1.1057_0.8174_1.1302_1.6126_2.7446_2.2469_1.1081_1.1185_1.2771_1.3248_0.8629_1.2904,0.1875,0.1956521739130435,0,0
1114,2,16,286.0,159.0,1243.0,1341.0,0.0154,19,1.35,1.3869315789473682,0.5263157894736842,0.8947368421052632,0.8947368421052632,0.8947368421052632,0.9473684210526316,286_282_279_270_264_256_255_239_237_229_225_224_216_215_205_193_165_162_159,1243_1247_1252_1258_1261_1264_1265_1279_1286_1290_1295_1298_1301_1306_1311_1323_1337_1339_1341,2.011_1.8981_1.2226_1.9809_1.35_1.7912_1.1436_1.2706_1.4828_0.7823_1.7182_1.8765_0.6695_1.1188_0.8493_1.0625_1.6941_0.9258_1.5039,0.1484375,0.1919191919191919,0,0
1164,3,18,3.0,170.0,897.0,1045.0,0.0235,31,1.2931,1.3469935483870965,0.6451612903225806,0.967741935483871,1.0,1.0,1.0,3_6_9_12_13_15_18_25_32_39_46_49_50_57_58_81_88_89_96_97_100_117_133_137_138_149_157_161_162_169_170,897_904_912_917_921_923_930_931_933_937_940_948_949_967_969_970_976_978_993_994_997_1007_1012_1015_1016_1022_1027_1031_1033_1043_1045,1.0111_1.0396_1.1021_1.6834_0.7247_0.9239_1.8076_0.8549_1.0626_0.9504_1.3892_1.6863_1.7625_2.3873_1.1242_1.6204_1.081_0.9756_1.219_1.2977_1.4563_1.2931_2.0248_2.0218_1.8465_1.208_1.3157_0.7728_1.3573_1.2297_1.5273,0.1845238095238096,0.2080536912751678,0,0
1165,3,18,343.0,180.0,5.0,197.0,0.0345,26,1.4208,1.5319,0.6538461538461539,0.8461538461538461,0.9230769230769232,0.9230769230769232,0.9230769230769232,343_328_318_316_313_312_303_297_296_295_291_288_287_286_285_273_267_245_242_214_205_204_202_191_181_180,5_13_29_40_43_45_56_62_64_75_82_91_92_94_97_99_104_130_131_167_175_176_177_191_196_197,2.7398_0.8715_2.2643_1.4208_1.3323_2.6053_1.1036_0.9644_1.9144_1.1938_1.1676_1.6893_1.5147_1.5386_2.44_1.21_0.9767_1.6189_2.0563_0.8762_1.3413_2.0946_-1_0.7053_1.5117_1.1461,0.15853658536585366,0.13471502590673576,0,0
1166,3,18,214.0,156.0,233.0,342.0,0.0495,11,1.2574,1.7009124999999998,0.2727272727272727,0.9090909090909092,0.9090909090909092,1.0,1.0,214_205_204_202_196_191_181_180_162_159_156,233_239_240_242_249_255_261_262_298_332_342,0.8824_1.3529_2.1514_-1_0.9002_0.6971_1.7017_1.1619_-1_4.7597_-1,0.1864406779661017,0.1,0,0
1224,3,4,111.0,243.0,1358.0,1448.0,0.0371,18,1.47995,1.5548666666666664,0.7222222222222222,0.8888888888888888,1.0,1.0,1.0,111_133_134_135_138_152_154_155_156_158_161_166_170_183_184_202_241_243,1358_1361_1362_1365_1366_1376_1377_1379_1383_1388_1389_1392_1396_1410_1411_1438_1445_1448,1.1812_1.96_1.4496_2.9862_1.8794_1.1601_1.0879_2.6272_1.5103_0.9632_0.8048_1.2538_1.5319999999999998_0.9029_1.1838_1.774_2.1006_1.6306,0.13533834586466165,0.1978021978021978,0,0
1225,3,4,4.0,59.0,1269.0,1336.0,0.0242,13,1.229,1.3308,0.6923076923076923,1.0,1.0,1.0,1.0,4_6_15_27_28_29_31_37_38_39_48_58_59,1269_1276_1285_1298_1299_1300_1302_1316_1318_1320_1322_1335_1336,1.59_1.1184_1.2031_1.229_1.9831_1.4708_1.1247_0.8908_1.7249_0.9717_1.0889_1.5066_1.3984,0.23214285714285715,0.19117647058823528,0,0
1226,3,4,351.0,377.0,1194.0,1246.0,0.0384,11,1.579,1.6448666666666667,0.3636363636363637,0.8181818181818182,0.8181818181818182,0.9090909090909092,0.9090909090909092,351_352_354_356_360_367_371_372_373_374_377,1194_1196_1200_1202_1207_1210_1219_1226_1227_1240_1246,1.5045_2.4458_0.9149_1.579_1.4077_1.8275_-1_1.6982_-1_2.1535_1.2727,0.4074074074074074,0.2075471698113208,0,0
1238,3,7,746.0,513.0,1624.0,1828.0,0.0326,32,1.36645,1.4623133333333336,0.71875,0.96875,1.0,1.0,1.0,746_707_704_700_676_675_674_664_659_652_640_633_629_601_598_592_581_579_578_573_570_569_567_566_565_561_558_555_542_537_522_513,1624_1629_1636_1640_1661_1663_1671_1674_1684_1690_1700_1710_1711_1731_1735_1737_1741_1744_1747_1754_1761_1762_1765_1767_1768_1776_1778_1790_1809_1814_1821_1828,1.7208_2.8692_0.8022_0.8967_2.0034_1.1909_1.7177_1.4014_1.1218_1.7188_0.8401_1.7208_1.3502_2.716_2.3051_1.4263_1.1239_0.7918_1.6974_1.719_1.176_1.1445_0.9007_1.0072_0.7307_1.3827_-1_-1_1.125_2.3921_1.2765_1.6005,0.13675213675213674,0.15609756097560976,0,0
1239,3,7,439.0,500.0,1239.0,1303.0,0.0431,13,1.49295,1.666483333333333,0.6923076923076923,0.6923076923076923,0.7692307692307693,0.9230769230769232,0.9230769230769232,439_444_451_458_459_467_476_482_484_487_491_492_500,1239_1243_1246_1255_1257_1258_1263_1265_1271_1272_1289_1291_1303,1.0390000000000001_1.7072_1.1293_3.6056_1.4045_-1_1.5002_1.2228_1.6412_2.3426_1.222_1.4857_1.6977,0.20967741935483872,0.2,0,0
1242,4,11,282.0,590.0,321.0,605.0,0.0382,46,1.2915,1.366995348837209,0.6521739130434783,0.7608695652173914,0.7826086956521741,0.8695652173913043,0.9130434782608696,282_295_302_305_312_317_319_320_329_338_339_345_347_352_367_395_432_460_490_491_494_497_507_508_518_519_524_528_533_535_536_537_538_539_544_547_548_549_556_557_559_561_562_563_564_590,321_327_329_332_338_341_348_358_365_371_373_382_383_394_396_431_468_470_472_473_476_478_485_489_504_505_512_518_524_525_527_530_531_537_543_554_560_561_572_574_578_584_587_599_604_605,-1_1.0315_1.526_1.287_1.8683_1.0389_2.2724_1.3802_1.2177_0.6874_0.9677_1.0874_1.3237_1.6318_1.6831_1.2056_1.1988_1.8265_1.034_1.17_1.1386_1.099_1.3911_-1_1.8436_1.0287_1.9126_1.5861_1.7114_1.6364_1.5913_0.7407_0.9628_1.2978_1.2915_1.963_1.1322_1.3964_1.9963_1.0939_1.0267_-1_1.3343_0.8847_0.9045_2.3792,0.1488673139158576,0.16140350877192985,0,0
1243,4,11,193.0,1.0,37.0,321.0,0.0334,35,1.3377,1.4882666666666664,0.6285714285714286,0.8285714285714286,0.8571428571428571,0.8857142857142857,0.9714285714285714,193_190_179_178_172_162_156_152_151_146_144_143_141_137_127_123_121_119_117_107_88_72_71_70_69_43_42_40_37_31_29_26_11_7_1,37_46_64_75_80_84_97_98_99_105_108_109_112_117_156_168_170_171_173_207_242_243_244_247_251_265_269_271_274_278_289_304_316_320_321,1.4773_1.6362_1.5897_3.0466_1.3377_1.4357_0.9761_2.4533_1.8857_1.8423_2.0545_1.1_1.8142_1.1205_0.8531_1.2744_1.1221_1.4116_-1_3.8937_2.3398_1.2235_0.8067_0.9323_0.8582_0.9241_1.5523_1.8066_0.7255_0.8962_0.7784_1.774_0.8995_1.271_-1,0.18134715025906736,0.12280701754385966,0,0
1247,4,18,1102.0,1402.0,779.0,1050.0,0.0071,62,1.2998,1.398027118644068,0.8548387096774194,0.967741935483871,0.9838709677419356,0.9838709677419356,1.0,1102_1103_1108_1110_1112_1114_1115_1116_1118_1122_1131_1143_1151_1154_1163_1165_1166_1184_1190_1195_1196_1198_1200_1201_1204_1210_1212_1213_1214_1220_1246_1247_1248_1249_1257_1263_1270_1276_1279_1285_1290_1292_1293_1318_1320_1321_1324_1330_1334_1335_1346_1355_1361_1364_1366_1389_1390_1391_1393_1396_1400_1402,779_780_781_782_784_785_787_793_794_797_799_804_806_809_819_820_822_831_843_845_846_848_851_852_856_861_862_866_868_874_877_879_882_884_890_891_900_904_915_923_926_927_928_930_937_938_946_959_968_969_988_996_1012_1013_1016_1031_1032_1034_1039_1045_1049_1050,1.187_1.2724_2.0967_-1_1.4221_1.2771_1.2965_1.4997_1.2783_1.7424_1.0809_0.8377_1.0061_2.9248_1.7224_2.3201_1.5939_1.2148_1.3607_0.867_1.9758_-1_0.6972_1.0258_1.1783_1.4635_1.167_1.0762_2.1619_2.8083_1.9408_0.9337_1.3439_0.9452_1.2998_2.464_1.1747_0.9551_1.3613_0.9838_1.0901_1.1116_1.5207_-1_0.9538_1.3167_1.3104_1.5377_1.0484_1.1636_1.755_1.359_1.4283_1.0873_1.5562_0.8371_0.8759999999999999_1.9995_1.0608_1.3626_1.6486_1.5033,0.2059800664451827,0.22794117647058826,0,0
1250,4,3,1358.0,1447.0,111.0,244.0,0.0296,18,1.2758,1.5369388888888889,0.6111111111111112,0.9444444444444444,0.9444444444444444,0.9444444444444444,1.0,1358_1361_1362_1365_1366_1376_1377_1379_1381_1388_1389_1392_1396_1410_1411_1425_1445_1447,111_133_134_135_138_152_154_155_156_158_161_166_171_183_184_214_241_244,1.1812_1.96_1.4496_2.9862_1.8794_1.1601_1.0879_2.6272_1.4585_0.9632_0.8048_1.2538_1.2978_0.9029_1.1838_1.2058_2.1006_2.1621,0.2,0.13432835820895522,0,0
1251,4,3,1276.0,1336.0,6.0,59.0,0.0168,12,1.21605,1.3092,0.5833333333333334,0.9166666666666666,0.9166666666666666,1.0,1.0,1276_1285_1298_1299_1300_1302_1316_1318_1320_1322_1335_1336,6_15_27_28_29_31_37_38_39_48_58_59,1.1184_1.2031_1.229_1.9831_1.4708_1.1247_0.8908_1.7249_0.9717_1.0889_1.5066_1.3984,0.19672131147540986,0.2222222222222222,0,0
1334,4,9,179.0,11.0,73.0,304.0,0.0302,27,1.28775,1.3938769230769228,0.7037037037037037,0.8148148148148148,0.8888888888888888,0.8888888888888888,0.9259259259259259,179_178_177_157_153_152_146_141_137_136_124_106_104_98_97_72_69_66_63_52_48_45_43_29_15_14_11,73_90_97_123_125_128_132_138_147_148_174_201_204_209_211_224_225_226_234_241_243_244_247_283_294_302_304,2.9552_2.1219_1.4291_1.0237_1.6386_2.048_1.0192_2.229_1.3351_1.4809999999999999_1.2203_0.9013_-1_0.7208_1.6293_1.2829_0.9766_1.1013_1.3082_1.4355_0.9941_1.2926_1.0797_1.9358_1.1073_1.1646_0.8097,0.15976331360946747,0.11637931034482756,0,0
1456,5,7,615.0,277.0,56.0,403.0,0.0415,56,1.3917,1.4240818181818182,0.5535714285714286,0.7142857142857143,0.75,0.8571428571428571,0.8928571428571429,615_614_608_607_605_600_599_598_594_593_588_574_573_568_558_556_546_541_534_527_521_515_507_504_494_481_477_475_466_445_436_428_424_419_417_416_413_406_402_383_381_380_379_369_355_353_339_338_327_326_325_316_292_290_286_277,56_70_71_73_74_80_81_82_97_98_101_112_113_121_124_127_131_134_156_159_187_189_190_191_194_197_204_206_208_216_221_229_230_244_246_248_260_268_270_279_283_285_287_305_323_324_335_336_341_348_349_353_357_358_393_403,2.1501_1.4967_1.4034_1.6049_0.9071_1.4815_0.8094_1.0493_1.6299_1.2977_1.0942_1.4036_1.2329_3.2208_1.5758_1.4486_1.5330000000000001_1.469_2.1734_1.8252_1.5522_1.0808_0.782_1.4876_1.3917_2.8958_1.2405_1.3238_1.015_1.1766_1.7983_0.7145_1.5217_0.8073_1.3312_1.1879_1.1256_1.2371_1.5230000000000001_1.5125_1.0265_1.9522_0.9833_3.0369_0.9824_0.9585_-1_1.8122_0.8292_1.6880000000000002_1.5832_1.1065_1.0583_1.6968_1.0233_1.0756,0.16519174041297935,0.16091954022988506,0,0
1457,5,7,10.0,270.0,414.0,607.0,0.0095,36,1.27655,1.4824970588235296,0.6944444444444444,0.8333333333333334,0.9166666666666666,0.9722222222222222,0.9722222222222222,10_11_27_33_36_39_41_43_46_48_56_74_76_77_79_80_83_87_94_101_102_108_112_115_129_141_151_153_156_175_177_181_208_228_231_270,414_416_430_431_432_435_437_438_443_444_449_455_459_460_469_470_472_483_493_496_498_506_515_519_527_531_534_535_538_555_557_559_572_589_593_607,1.3808_0.8502_1.2425_1.2584_1.8172_2.8087_0.9113_1.5029_-1_1.2829_1.2158_1.1194_1.3766_1.0757_1.2477_1.5147_0.826_1.6887_1.3363_1.2702_1.4626_0.9743_1.6478_0.9653_1.5383_4.5704_2.445_1.4271_1.2148_1.1553_2.151_2.3089_-1_0.9218_0.9564_0.9399,0.13793103448275862,0.1855670103092784,0,0
1458,5,7,641.0,786.0,658.0,778.0,0.034,29,1.155,1.2921965517241385,0.8275862068965517,0.9655172413793104,0.9655172413793104,0.9655172413793104,1.0,641_672_676_677_678_679_700_701_705_706_716_717_720_722_732_736_740_743_748_750_757_759_767_768_774_775_782_783_786,658_668_672_677_680_681_684_685_687_689_707_713_720_722_727_731_734_736_745_748_750_752_763_766_767_768_772_775_778,0.8305_1.157_1.7238_1.1373_1.8906_1.4857_1.3554_1.0632_1.0498_1.4965_1.0761_0.8614_1.1058_1.155_2.3583_1.0841_1.3182_0.8804_1.4371_2.2873_0.7737_1.4343_1.4954_1.0645_1.169_1.0297_0.8745_1.7936_1.0855,0.19863013698630136,0.2396694214876033,0,0
1467,6,13,616.0,792.0,15.0,205.0,0.0041,33,1.18425,1.3113843749999998,0.7575757575757576,0.9090909090909092,0.9393939393939394,0.9696969696969696,1.0,616_618_619_622_641_642_646_648_650_651_653_664_666_675_680_683_685_690_694_695_699_713_730_748_749_755_757_760_762_772_773_775_792,15_18_24_27_46_47_48_49_52_55_58_66_67_74_83_90_95_101_104_105_106_111_132_138_142_147_148_149_154_165_167_180_205,-1_1.0916_1.1242_0.726_2.656_0.7661_1.3176_1.3997_1.1321_1.3651_1.7728_1.3005_0.9538_1.771_2.5981_1.0777_1.6375_1.1261_0.8293_1.2499_1.1168_1.0457_1.2174_1.3532_1.0044_1.1838_1.0668_1.4763_1.1847_1.7936_0.9453_1.0056_1.6756,0.1864406779661017,0.17277486910994766,0,0
1468,6,13,242.0,53.0,1569.0,1682.0,0.0359,23,1.24935,1.4385722222222217,0.4782608695652174,0.7826086956521741,0.8695652173913043,0.9130434782608696,0.9565217391304348,242_234_230_224_221_213_210_207_205_201_166_162_146_140_133_132_130_129_115_100_95_93_53,1569_1573_1577_1584_1585_1600_1601_1605_1609_1614_1618_1636_1641_1647_1652_1653_1654_1655_1668_1669_1671_1672_1682,0.9991_1.3641_1.886_1.1455_1.2522_1.7659_1.1957_1.2136_1.8961_1.1053_-1_1.5423_0.8436_2.1998_-1_-1_1.4122_-1_-1_2.5564_1.0993_1.2465_1.1707,0.12105263157894736,0.20175438596491227,0,0
1469,6,13,1218.0,1301.0,763.0,847.0,0.0431,13,1.2018,1.3245538461538462,0.6923076923076923,0.9230769230769232,1.0,1.0,1.0,1218_1243_1244_1245_1246_1247_1250_1253_1256_1269_1276_1294_1301,763_766_768_773_774_775_780_781_785_789_822_844_847,2.1638_1.0524_1.3652_1.2673_1.5351_0.9609_0.813_2.4311_0.9204_1.6689_0.9295_0.9098_1.2018,0.15476190476190474,0.15294117647058825,0,0
1514,6,8,386.0,596.0,739.0,925.0,0.011,45,1.2976,1.382025,0.4444444444444444,0.8222222222222222,0.9111111111111112,0.9555555555555556,0.9555555555555556,386_387_400_403_406_410_418_421_427_432_442_453_460_462_466_467_468_474_475_482_492_493_498_499_500_512_523_525_526_527_528_529_534_535_539_543_546_547_550_589_590_591_594_595_596,739_748_759_766_768_770_773_775_782_783_786_790_792_795_796_798_800_804_805_815_824_829_831_832_833_839_868_872_873_874_877_878_882_884_889_896_902_903_904_917_919_920_923_924_925,1.5613_0.7635_0.8891_1.4621_0.6746_1.2887_1.5782_1.1241_1.385_1.3996_1.1844_1.1129_1.0055_1.2386_0.8295_1.2876_1.4646_1.0609_0.863_1.5941_1.7258_0.8577_-1_1.4933_1.3065_0.9217_1.5755_1.3919_2.0847_1.1242_2.2986_2.5484_0.8087_1.0855_1.7429_2.4355_1.0626_1.044_0.9306_2.0358_1.8952_2.1322_1.7383_1.7817_1.0205,0.2132701421800948,0.2406417112299465,0,0
1515,6,8,643.0,787.0,234.0,414.0,0.0196,32,1.2973,1.321625806451613,0.78125,0.90625,0.9375,0.96875,0.96875,643_647_652_653_667_668_670_674_677_680_682_687_691_694_695_708_713_726_727_729_730_745_749_752_753_760_762_766_770_771_772_787,234_235_248_249_270_271_274_295_298_308_309_320_323_326_331_333_335_356_357_362_363_377_380_381_382_384_387_395_398_400_401_414,1.8153_1.3664_1.1545_1.5609_1.0285_1.1505_1.4111_1.9968_0.8971_1.1699_1.2078_1.0112_1.3911_1.0693_1.0006_1.1524_1.5167_1.3301_0.9405_1.5867_-1_1.4193_0.6683_1.9072_1.6951_1.3854_1.2634_2.1209_1.3724_1.1361_1.2973_0.9476,0.2206896551724138,0.17679558011049726,0,0
1516,6,8,1360.0,1182.0,927.0,1110.0,0.0389,31,1.266,1.398985185185185,0.5806451612903226,0.7741935483870968,0.8387096774193549,0.9032258064516128,0.9354838709677421,1360_1359_1358_1354_1352_1344_1343_1340_1339_1334_1330_1328_1314_1308_1298_1293_1291_1269_1245_1242_1241_1236_1233_1227_1223_1221_1202_1201_1200_1189_1182,927_928_929_933_940_943_945_946_947_953_954_961_971_976_999_1000_1003_1022_1038_1041_1044_1047_1048_1055_1057_1062_1082_1092_1095_1109_1110,-1_1.9352_-1_1.1967_1.0141_1.1716_2.2026_1.5077_1.0677_1.561_1.871_1.0412_1.244_1.0955_1.004_2.2786_1.442_-1_1.2517_1.9389_-1_1.2663_0.8307_2.4055_1.1471_1.0565_1.266_1.5114_0.8016_1.315_1.349,0.17318435754189945,0.16847826086956522,0,0
1518,6,8,381.0,312.0,658.0,724.0,0.0173,15,1.2619,1.3327733333333334,0.6666666666666666,0.9333333333333332,1.0,1.0,1.0,381_379_377_369_366_359_358_355_348_347_338_329_327_325_312,658_662_663_672_674_681_684_687_694_695_704_713_715_721_724,1.6159999999999999_0.8595_0.9654_1.1103_0.7664_1.296_1.9306_1.2619_1.4146_1.0997_1.1874_1.3039_1.0449_2.6424_1.4926,0.21428571428571427,0.22388059701492533,0,0
1530,7,14,607.0,356.0,27.0,234.0,0.0397,32,1.2617,1.3592774193548385,0.8125,0.9375,0.96875,0.96875,0.96875,607_595_594_591_589_578_573_572_568_559_544_538_537_526_519_509_503_499_496_471_469_458_457_453_448_430_416_409_405_370_367_356,27_46_48_52_53_55_61_63_70_81_90_98_99_112_113_120_129_130_133_151_152_154_155_157_167_179_189_214_215_227_228_234,1.113_0.8384_1.2617_1.6516_0.8838_1.2744_1.3132_1.3998_2.5428_1.3534_2.6174_1.2899_-1_1.5002_1.0228_1.5315_0.8918_2.4098_1.1377_0.8371_1.0997_0.8553_0.9955_0.9207_1.1131_0.9859_1.9941_1.0943_1.0162_2.0698_1.6306_1.4921,0.12698412698412698,0.15384615384615385,0,0
1537,7,18,1311.0,1422.0,477.0,597.0,0.0233,26,1.386,1.5372640000000002,0.6538461538461539,0.8846153846153846,0.9230769230769232,0.9615384615384616,0.9615384615384616,1311_1315_1323_1324_1326_1329_1330_1336_1338_1346_1353_1355_1364_1371_1372_1375_1378_1385_1386_1388_1397_1407_1411_1412_1413_1422,477_478_488_490_494_496_497_499_501_510_514_516_517_527_534_541_542_544_546_548_555_567_568_573_574_597,1.5968_1.335_1.3127_1.5506_2.0102_1.4588_0.9595_1.3004_0.9434_1.0332_1.0307_1.2436_1.4817_-1_2.8394_1.5254_1.5848_1.1864_0.8305_1.0723_2.0172_1.2934_2.2033_1.386_1.9769999999999999_3.2593,0.23214285714285715,0.21487603305785125,0,0
1538,7,18,1735.0,1828.0,592.0,701.0,0.0449,23,1.49925,1.55162,0.7391304347826086,0.9130434782608696,0.9130434782608696,0.9130434782608696,0.9565217391304348,1735_1741_1742_1747_1751_1755_1756_1758_1760_1762_1769_1770_1785_1789_1791_1792_1795_1796_1799_1804_1809_1827_1828,592_597_599_603_604_606_609_610_614_616_617_620_628_630_636_637_641_642_643_647_651_687_701,-1_1.4877_2.6745_1.6076_1.7181_2.715_0.8858_0.8805_1.1695_0.9934_2.6809_-1_1.5886_1.0659_1.5108_1.1649_1.9436_-1_0.9347_1.7734_1.3492_1.9306_0.9577,0.2446808510638297,0.20909090909090908,0,0
1546,7,3,1828.0,1624.0,513.0,746.0,0.0138,34,1.39205,1.535165625,0.7058823529411765,0.9411764705882352,0.9705882352941176,0.9705882352941176,1.0,1828_1821_1815_1809_1791_1790_1784_1776_1768_1767_1765_1762_1761_1754_1747_1744_1741_1737_1735_1731_1711_1710_1703_1697_1690_1684_1674_1671_1663_1661_1640_1636_1629_1624,513_522_537_542_552_555_558_561_565_566_567_569_570_573_578_579_581_592_598_600_629_633_640_644_652_657_664_674_675_676_700_704_707_746,1.6005_1.2765_1.5915_1.125_4.4129_-1_-1_1.3827_0.7307_1.0072_0.9007_1.1445_1.176_1.719_1.6974_0.7918_1.1239_1.4263_2.3051_2.8496_1.3502_1.7208_0.8401_1.5996_1.7188_1.0322_1.4014_1.7177_1.1909_2.0034_0.8967_0.8022_2.8692_1.7208,0.16585365853658535,0.1452991452991453,0,0
1547,7,3,1239.0,1303.0,439.0,501.0,0.0358,13,1.4045,1.5855461538461535,0.6153846153846154,0.6923076923076923,0.7692307692307693,1.0,1.0,1239_1243_1246_1255_1257_1258_1263_1265_1270_1271_1289_1291_1303,439_444_451_458_459_468_476_482_484_487_491_492_501,1.0390000000000001_1.7072_1.1293_3.6056_1.4045_2.0367_1.5002_1.2228_1.3039_1.9291_1.222_1.4857_1.0261,0.2,0.20634920634920634,0,0
1553,7,5,414.0,593.0,10.0,231.0,0.0145,35,1.30325,1.4503941176470587,0.7142857142857143,0.9428571428571428,0.9428571428571428,0.9714285714285714,1.0,414_416_430_431_432_437_438_443_449_451_455_459_460_469_470_472_483_493_496_498_506_515_519_527_531_534_535_538_555_557_559_569_589_591_593,10_11_27_33_36_41_43_46_56_73_74_76_77_79_80_83_87_94_101_102_108_112_115_129_141_151_153_156_175_177_181_210_228_229_231,1.3808_0.8502_1.2425_1.2584_1.8172_0.9113_1.5029_-1_1.2158_1.6351_1.1194_1.3766_1.0757_1.2477_1.5147_0.826_1.6887_1.3363_1.2702_1.4626_0.9743_1.6478_0.9653_1.5383_4.5704_2.445_1.4271_1.2148_1.1553_2.151_2.3089_0.9267_0.9218_1.3782_0.9564,0.19444444444444445,0.15765765765765766,0,0
1554,7,5,658.0,778.0,641.0,786.0,0.034,31,1.156,1.3081900000000002,0.7096774193548387,0.8709677419354839,0.967741935483871,1.0,1.0,658_659_666_668_672_677_680_681_684_685_687_689_707_713_720_722_727_731_734_736_745_748_750_752_763_766_767_768_772_775_778,641_642_662_672_676_677_678_679_700_701_705_706_716_717_720_722_732_736_740_743_748_750_757_759_767_768_774_775_782_783_786,0.8305_1.7719999999999998_-1_1.157_1.7238_1.1373_1.8906_1.4857_1.3554_1.0632_1.0498_1.4965_1.0761_0.8614_1.1058_1.155_2.3583_1.0841_1.3182_0.8804_1.4371_2.2873_0.7737_1.4343_1.4954_1.0645_1.169_1.0297_0.8745_1.7936_1.0855,0.25619834710743805,0.2123287671232877,0,0
1570,7,7,1.0,56.0,868.0,907.0,0.0109,29,0.0127,0.06559655172413792,0.5517241379310345,0.6551724137931034,0.7586206896551724,0.8620689655172413,0.8965517241379308,1_2_3_22_23_25_26_27_29_30_31_33_34_36_37_38_39_40_42_43_45_46_47_48_51_52_53_55_56,868_869_870_871_872_873_875_876_877_881_882_883_884_885_887_888_890_891_892_893_894_895_896_897_898_900_902_904_907,0.4026_0.0_0.0081_0.0_0.0319_0.0062_0.0_0.0_0.0557_0.0284_0.0118_0.0034_0.0_0.4597_0.0469_0.0219_0.0195_0.3772_0.0_0.0688_0.0125_0.0643_0.0127_0.0_0.1422_0.0235_0.0048_0.0_0.1002,0.5178571428571429,0.725,0,0
1572,7,7,868.0,907.0,1.0,56.0,0.0129,28,0.0126,0.05421785714285714,0.5714285714285714,0.6785714285714286,0.7857142857142857,0.8571428571428571,0.8928571428571429,868_869_870_871_872_873_875_876_881_882_883_884_885_887_888_890_891_892_893_894_895_896_897_898_900_902_904_907,1_2_3_22_23_25_26_27_28_31_33_34_36_37_38_39_41_42_43_45_46_47_48_51_52_53_55_56,0.4026_0.0_0.0081_0.0_0.0319_0.0062_0.0_0.0_0.025_0.0118_0.0034_0.0_0.4597_0.0469_0.0219_0.0195_0.0521_0.0_0.0688_0.0125_0.0643_0.0127_0.0_0.1422_0.0235_0.0048_0.0_0.1002,0.7,0.5,0,0
1638,8,13,746.0,925.0,283.0,484.0,0.0277,40,1.25085,1.4055474999999995,0.625,0.875,0.925,0.925,0.975,746_748_759_768_769_770_773_791_792_798_800_808_811_815_819_824_829_831_833_835_838_839_840_843_860_861_864_868_869_870_875_880_885_886_895_899_901_903_924_925,283_289_302_308_310_311_336_340_347_348_349_360_361_363_368_370_371_378_379_392_393_396_398_400_406_407_408_427_428_430_432_443_464_465_468_472_473_474_483_484,2.2225_0.6829_0.9652_1.1393_1.2142_1.2419_1.3514_1.7875_0.8611_1.06_1.0436_1.3898_2.5287_2.3758_1.4392_2.9534_0.9551_2.0227_1.0838_1.0498_1.7608_0.9635_0.7564_0.8455_1.0018_1.3445_1.2598_0.9874_0.8594_1.1583_1.7859_2.1857_1.4234_1.1256_1.4415_2.0749_1.3756_1.2983_2.0355_1.1702,0.2222222222222222,0.19801980198019808,0,0
1639,8,13,308.0,426.0,83.0,200.0,0.0209,27,1.3873,1.6296074074074074,0.6666666666666666,0.7777777777777778,0.8148148148148148,0.9259259259259259,0.9259259259259259,308_313_314_317_326_332_335_342_344_350_359_363_364_366_380_381_384_385_387_391_401_411_418_419_422_424_426,83_91_93_94_104_105_111_113_118_121_130_132_133_134_142_147_149_150_154_155_165_174_188_189_194_197_200,1.1286_2.0366_2.195_3.2255_0.6728_1.175_1.3873_1.5822_1.1833_1.1861_3.8175_2.7619_1.002_0.8555_0.8473_1.8794_1.7387_2.0980000000000003_1.0225_2.1719_2.108_1.6003_0.8534_1.2646_0.9468_1.8929_1.3663,0.22689075630252106,0.2288135593220339,0,0
1640,8,13,657.0,577.0,514.0,614.0,0.0127,21,1.0802,1.1368050000000005,0.7142857142857143,0.8571428571428571,0.8571428571428571,0.9047619047619048,0.9523809523809524,657_656_655_649_648_646_631_630_629_615_612_611_609_606_604_603_596_593_587_584_577,514_515_516_538_540_543_557_558_561_566_574_580_582_585_590_594_597_599_608_613_614,1.3959_1.2167_0.6772_0.8634_0.9005_0.9459_-1_1.671_1.0284_1.4827_0.9519_1.1134_0.8731_1.2345_1.2967_1.041_1.3301_1.6627_1.3228_0.6812_1.047,0.25925925925925924,0.2079207920792079,0,0
1641,8,13,715.0,660.0,216.0,287.0,0.008,20,1.08535,1.22006,0.6,0.9,0.9,0.95,0.95,715_714_713_708_698_696_692_690_688_686_685_684_678_676_674_671_670_664_662_660,216_217_219_220_225_231_237_238_239_240_243_245_251_253_263_269_275_284_286_287,0.9837_0.7745_1.3479_1.3897_1.3101_1.7277_1.1431_0.8886_0.8137_1.1511_0.9064_2.8415_0.915_0.9811_1.0276_1.976_1.4074_1.172_0.8322_0.8119,0.35714285714285715,0.2777777777777778,0,0
1642,8,13,1369.0,1286.0,1524.0,1610.0,0.0467,13,1.2525,1.2302461538461538,0.6923076923076923,0.8461538461538461,1.0,1.0,1.0,1369_1360_1359_1342_1341_1340_1332_1329_1328_1311_1302_1287_1286,1524_1533_1535_1547_1560_1561_1569_1573_1574_1585_1600_1609_1610,1.1991_0.9806_1.5581_0.9425_0.6451_1.2525_0.9035_1.4015_1.18_1.3314_1.5239_1.4565_1.6185,0.15476190476190474,0.14942528735632185,0,0
1655,8,6,739.0,932.0,386.0,625.0,0.021,47,1.38845,1.415208695652174,0.6382978723404256,0.8085106382978723,0.8936170212765957,0.9148936170212766,0.9361702127659576,739_748_749_759_766_768_769_773_775_782_783_786_790_792_795_796_798_800_804_805_815_824_829_831_832_833_839_868_872_873_874_877_878_882_884_889_896_902_903_904_917_919_920_923_924_925_932,386_387_388_400_403_406_411_418_421_427_432_442_453_460_462_466_467_468_474_475_482_492_493_498_499_500_512_523_525_526_527_528_529_534_535_539_543_546_547_550_589_590_591_594_595_596_625,1.5613_0.7635_2.248_0.8891_1.4621_0.6746_1.5478_1.5782_1.1241_1.385_1.3996_1.1844_1.1129_1.0055_1.2386_0.8295_1.2876_1.4646_1.0609_0.863_1.5941_1.7258_0.8577_-1_1.4933_1.3065_0.9217_1.5755_1.3919_2.0847_1.1242_2.2986_2.5484_0.8087_1.0855_1.7429_2.4355_1.0626_1.044_0.9306_2.0358_1.8952_2.1322_1.7383_1.7817_1.0205_1.7834,0.2422680412371134,0.19583333333333333,0,0
1656,8,6,234.0,414.0,643.0,787.0,0.0222,34,1.3137,1.3256218750000002,0.5588235294117647,0.7941176470588235,0.8235294117647058,0.8529411764705882,0.8823529411764706,234_235_248_249_257_270_271_274_295_298_308_309_320_323_326_331_333_335_356_357_362_363_377_380_381_382_384_387_395_398_400_401_407_414,643_646_652_653_662_667_668_670_674_677_680_682_687_691_694_695_708_713_726_727_729_730_745_749_752_753_760_762_766_770_771_772_776_787,1.8153_1.3567_1.1545_1.5609_-1_1.0285_1.1505_1.4111_1.9968_0.8971_1.1699_1.2078_1.0112_1.3911_1.0693_1.0006_1.1524_1.5167_1.3301_0.9405_1.5867_-1_1.4193_0.6683_1.9072_1.6951_1.3854_1.2634_2.1209_1.3724_1.1361_1.2973_1.4592_0.9476,0.1878453038674033,0.23448275862068965,0,0
1659,8,6,726.0,658.0,314.0,381.0,0.0071,15,1.1874,1.3046399999999998,0.8,0.8666666666666667,1.0,1.0,1.0,726_721_715_713_704_695_694_687_684_681_674_672_663_662_658,314_325_327_329_338_347_348_355_358_359_366_369_377_379_381,1.0706_2.6424_1.0449_1.3039_1.1874_1.0997_1.4146_1.2619_1.9306_1.296_0.7664_1.1103_0.9654_0.8595_1.6159999999999999,0.21739130434782608,0.22058823529411764,0,0
1698,9,11,10.0,341.0,8.0,329.0,0.0238,49,1.14135,1.3269750000000002,0.7346938775510204,0.8571428571428571,0.9387755102040816,0.9591836734693876,0.9591836734693876,10_18_19_24_28_31_38_44_57_63_64_65_68_70_73_76_77_82_87_90_120_125_128_130_132_137_138_140_141_146_147_176_213_220_222_224_225_239_247_262_279_281_283_289_291_292_293_304_341,8_11_13_17_19_24_25_30_40_50_51_53_55_58_64_66_70_71_73_75_91_98_99_104_105_110_112_113_114_115_120_158_198_227_237_243_251_264_265_273_280_284_288_293_299_300_303_316_329,0.9644_1.8405_4.3387_0.9376_1.1724_2.0686_1.0764_1.1297_1.0438_0.9336_1.4319_1.7062_1.395_0.9675_1.6445_1.0372_-1_-1_2.6934_1.4389_0.8378_1.5963_2.4817_-1_1.1316_-1_1.465_1.3754_0.9358_1.0499_1.1852_0.8619_1.1169_1.2589_0.8608_1.1511_1.0556_1.2674_0.826_1.0861_0.8341_-1_1.0149_1.1703_1.2611_1.4995_1.0778_0.8238_1.3417,0.14759036144578316,0.15217391304347827,0,0
1699,9,11,382.0,645.0,443.0,623.0,0.0399,28,1.3504999999999998,1.4425214285714285,0.5357142857142857,0.75,0.8214285714285714,0.8928571428571429,0.9285714285714286,382_401_429_433_434_460_462_468_474_477_485_505_509_517_530_532_533_535_545_551_552_561_566_571_582_601_611_645,443_455_469_472_474_476_477_483_489_490_492_497_504_507_524_525_527_530_536_544_545_552_561_563_565_595_616_623,1.6133_1.6673_0.9159_1.2821_1.3759_0.9014_1.651_2.0141_1.5862_1.431_0.8328_1.3777_1.1977_2.3616_2.1808_2.3281_1.3251_0.9329_1.0893_1.4508_2.3683_1.0036_1.2009_1.1411_1.2199_2.1624_0.7651_1.0143,0.10606060606060606,0.15469613259668508,0,0
1700,9,11,179.0,155.0,158.0,195.0,0.0052,12,1.0817,1.1146181818181815,0.75,0.9166666666666666,0.9166666666666666,0.9166666666666666,1.0,179_173_171_170_167_165_164_163_162_159_158_155,158_165_168_173_178_183_186_188_189_190_191_195,1.0239_1.0817_1.1211_-1_0.8581_1.3691_1.4018_1.0257_0.9082_1.0011_1.3122_1.1579,0.48,0.3157894736842105,0,0
1703,9,4,304.0,73.0,11.0,179.0,0.048,27,1.28775,1.4402999999999997,0.7407407407407407,0.9259259259259259,0.9259259259259259,0.9629629629629628,1.0,304_302_294_283_247_244_243_241_234_226_225_224_211_209_204_201_174_148_147_138_132_128_125_123_97_90_73,11_14_15_29_43_45_48_52_63_66_69_72_97_98_104_106_124_136_137_141_146_150_151_157_177_178_179,0.8097_1.1646_1.1073_1.9358_1.0797_1.2926_0.9941_1.4355_1.3082_1.1013_0.9766_1.2829_1.6293_0.7208_-1_0.9013_1.2203_1.4809999999999999_1.3351_2.229_1.0192_2.0984_2.7952_1.0237_1.4291_2.1219_2.9552,0.11637931034482756,0.15976331360946747,0,0
1704,9,4,392.0,585.0,384.0,558.0,0.0403,23,1.18045,1.3547727272727272,0.6086956521739131,1.0,1.0,1.0,1.0,392_416_422_428_433_459_460_464_465_474_476_492_509_513_527_530_532_533_535_566_569_570_585,384_401_438_462_490_493_494_503_505_508_509_512_518_520_527_533_535_536_537_549_552_554_558,1.0458_1.6511_1.0765_0.6551_1.0638_1.6194_2.0226_1.3353_0.6755_1.2844_-1_1.0312_1.5646_2.3566_1.0348_1.7326_2.5553_1.4821_0.9490000000000001_1.8107_1.0669_0.838_0.9537,0.11855670103092784,0.13142857142857142,0,0
