,loc1,loc2,color
0,0.5390463565831026,0.02772026685070163,red
1,0.5391633202074155,0.027758607468752396,red
2,0.5393192717064993,0.027796948086803157,red
3,0.5393582595812703,0.027873629322904683,red
4,0.5393972474560412,0.028026991795107734,red
5,0.5394362353308121,0.0280653324131585,red
6,0.539475223205583,0.02810367303120926,red
7,0.539514211080354,0.028142013649260025,red
8,0.5396311747046668,0.028180354267310786,red
9,0.5396701625794378,0.02821869488536155,red
10,0.5397481383289797,0.02825703550341231,red
11,0.5398651019532925,0.028372057357564602,red
12,0.5399040898280635,0.028410397975615363,red
13,0.5399430777028345,0.028448738593666128,red
14,0.5400210534523763,0.02848707921171689,red
15,0.5400990292019182,0.02856376044781842,red
16,0.5401380170766892,0.02860210106586918,red
17,0.540254980701002,0.028640441683919944,red
18,0.5402939685757729,0.02871712292002147,red
19,0.5403329564505439,0.02875546353807223,red
20,0.5403719443253149,0.028793804156122996,red
21,0.5404109322000857,0.028832144774173757,red
22,0.5404499200748567,0.02887048539222452,red
23,0.5405278958243986,0.028947166628326047,red
24,0.5405668836991696,0.02898550724637681,red
25,0.5406058715739405,0.029062188482478334,red
26,0.5406448594487114,0.0291005291005291,red
27,0.5406838473234824,0.02913886971857986,red
28,0.5408397988225662,0.029215550954681386,red
29,0.5408787866973371,0.02929223219078291,red
30,0.5409177745721081,0.029330572808833676,red
31,0.5409567624468791,0.029368913426884437,red
32,0.5409957503216499,0.029407254044935202,red
33,0.5410347381964209,0.029445594662985963,red
34,0.5411517018207338,0.029522275899087493,red
35,0.5411906896955047,0.029560616517138254,red
36,0.5412296775702756,0.02959895713518902,red
37,0.5412686654450466,0.029675638371290544,red
38,0.5413076533198176,0.02975231960739207,red
39,0.5413466411945885,0.02979066022544283,red
40,0.5414246169441304,0.029867341461544357,red
41,0.5414636048189013,0.02990568207959512,red
42,0.5415025926936723,0.03017406640595046,red
43,0.5415415805684433,0.030250747642051986,red
44,0.5415805684432141,0.03028908826010275,red
45,0.5417755078170688,0.03063415382255962,red
46,0.5418144956918398,0.03067249444061038,red
47,0.5418534835666108,0.030710835058661144,red
48,0.5418924714413818,0.030749175676711905,red
49,0.5419314593161527,0.03078751629476267,red
50,0.5419704471909236,0.03082585691281343,red
51,0.5420094350656945,0.030864197530864196,red
52,0.5420484229404655,0.030902538148914957,red
53,0.5420874108152365,0.03094087876696572,red
54,0.5421653865647783,0.030979219385016483,red
55,0.5422043744395493,0.031017560003067247,red
56,0.5422823501890912,0.03105590062111801,red
57,0.5423213380638622,0.031094241239168773,red
58,0.542360325938633,0.031132581857219534,red
59,0.542399313813404,0.03120926309332106,red
60,0.542438301688175,0.031247603711371825,red
61,0.5424772895629459,0.03128594432942259,red
62,0.5425552653124879,0.03136262556552411,red
63,0.5426332410620297,0.03143930680162564,red
64,0.5426722289368007,0.03151598803772716,red
65,0.5427112168115716,0.03155432865577793,red
66,0.5428281804358844,0.03159266927382869,red
67,0.5429061561854264,0.031669350509930215,red
68,0.5429841319349682,0.03170769112798098,red
69,0.5430231198097392,0.031746031746031744,red
70,0.5430621076845101,0.031784372364082505,red
71,0.5431010955592811,0.03182271298213327,red
72,0.5431400834340521,0.031861053600184035,red
73,0.5431790713088229,0.031899394218234796,red
74,0.5432180591835939,0.03193773483628556,red
75,0.5432570470583649,0.03197607545433632,red
76,0.5433350228079068,0.03205275669043785,red
77,0.5433740106826777,0.03209109730848861,red
78,0.5434129985574486,0.03216777854459014,red
79,0.5436079379313034,0.0322061191626409,red
80,0.5436469258060743,0.03224445978069166,red
81,0.5436859136808453,0.03232114101679319,red
82,0.5437249015556163,0.03235948163484395,red
83,0.5437638894303871,0.03247450348899624,red
84,0.5438028773051581,0.032704547197300815,red
85,0.543841865179929,0.03274288781535158,red
86,0.5439978166790128,0.032781228433402344,red
87,0.5440368045537838,0.03285790966950387,red
88,0.5440757924285547,0.03327965646806226,red
89,0.5441147803033257,0.03343301894026531,red
90,0.5441927560528675,0.03347135955831608,red
91,0.5443487075519513,0.03362472203051913,red
92,0.5444656711762642,0.03366306264856989,red
93,0.5445046590510352,0.033701403266620654,red
94,0.544582634800577,0.033739743884671415,red
95,0.5446606105501189,0.03377808450272218,red
96,0.5447385862996608,0.033816425120772944,red
97,0.5447775741744317,0.033854765738823706,red
98,0.5448165620492027,0.03389310635687447,red
99,0.5448555499239737,0.033931446974925235,red
100,0.5448945377987446,0.033969787592975996,red
101,0.5449335256735155,0.03400812821102676,red
102,0.5449725135482865,0.034084809447128286,red
103,0.5450115014230574,0.03419983130128058,red
104,0.5450894771725994,0.0342765125373821,red
105,0.5451284650473702,0.03431485315543286,red
106,0.5451674529221412,0.03454489686373744,red
107,0.5452454286716831,0.0345832374817882,red
108,0.545323404421225,0.03465991871788973,red
109,0.5453623922959959,0.03469825933594049,red
110,0.5454403680455379,0.034774940572042015,red
111,0.5455573316698507,0.03481328119009278,red
112,0.5455963195446216,0.034851621808143544,red
113,0.5456353074193926,0.034889962426194306,red
114,0.5456742952941636,0.034928303044245074,red
115,0.5457522710437054,0.035004984280346596,red
116,0.5458302467932473,0.03504332489839736,red
117,0.5458692346680183,0.035081665516448125,red
118,0.5459472104175601,0.03515834675254965,red
119,0.5459861982923311,0.03519668737060041,red
120,0.546025186167102,0.03523502798865118,red
121,0.546064174041873,0.03527336860670194,red
122,0.5461031619166439,0.03535004984280346,red
123,0.5461421497914148,0.03538839046085423,red
124,0.5461811376661858,0.03546507169695575,red
125,0.5462201255409568,0.03550341231500651,red
126,0.5462591134157277,0.03554175293305728,red
127,0.5462981012904987,0.03558009355110804,red
128,0.5463760770400405,0.035656774787209564,red
129,0.5464150649148115,0.03581013725941262,red
130,0.5464540527895825,0.035963499731615674,red
131,0.5464930406643534,0.036001840349666435,red
132,0.5465320285391243,0.036040180967717196,red
133,0.5465710164138953,0.03607852158576796,red
134,0.5466100042886662,0.036155202821869487,red
135,0.5466489921634372,0.03623188405797101,red
136,0.5466879800382082,0.03627022467602178,red
137,0.54676595578775,0.03630856529407254,red
138,0.546804943662521,0.03638524653017406,red
139,0.5468439315372919,0.03761214630779848,red
140,0.5468829194120629,0.03765048692584924,red
141,0.5469219072868338,0.0376888275439,red
142,0.5469608951616047,0.03772716816195077,red
143,0.5469998830363757,0.03776550878000153,red
144,0.5470388709111467,0.037842190016103054,red
145,0.5470778587859176,0.037957211870255345,red
146,0.5471948224102304,0.037995552488306106,red
147,0.5472338102850014,0.038033893106356874,red
148,0.5472727981597724,0.038072233724407635,red
149,0.5473117860345432,0.038110574342458396,red
150,0.5473507739093142,0.03814891496050916,red
151,0.5473897617840852,0.038187255578559925,red
152,0.5474287496588561,0.03822559619661069,red
153,0.5476626769074818,0.03826393681466145,red
154,0.5477016647822527,0.03830227743271221,red
155,0.5477406526570237,0.03834061805076298,red
156,0.5477796405317946,0.03837895866881374,red
157,0.5478186284065656,0.0384172992868645,red
158,0.5479355920308784,0.03757380568974772,red
159,0.5480135677804203,0.03749712445364619,red
160,0.5480525556551913,0.03745878383559543,red
161,0.5480915435299621,0.03742044321754466,red
162,0.5481305314047331,0.0373821025994939,red
163,0.5481695192795041,0.03734376198144314,red
164,0.548247495029046,0.037037037037037035,red
165,0.5483254707785878,0.036998696418986274,red
166,0.5483644586533588,0.03688367456483398,red
167,0.5484034465281298,0.03684533394678322,red
168,0.5485204101524426,0.03673031209263093,red
169,0.5485983859019845,0.03669197147458017,red
170,0.5487153495262973,0.0366536308565294,red
171,0.5487543374010683,0.03661529023847864,red
172,0.5488323131506102,0.03657694962042788,red
173,0.5488713010253811,0.03653860900237711,red
174,0.548910288900152,0.03650026838432635,red
175,0.548949276774923,0.03845563990491527,red
176,0.548988264649694,0.03849398052296603,red
177,0.5490272525244649,0.03853232114101679,red
178,0.5490662403992358,0.03857066175906755,red
179,0.5491052282740068,0.03860900237711832,red
180,0.5491442161487777,0.03868568361321984,red
181,0.5492611797730905,0.0387240242312706,red
182,0.5493001676478615,0.03880070546737213,red
183,0.5493391555226325,0.03883904608542289,red
184,0.5493781433974034,0.038877386703473654,red
185,0.5494171312721744,0.038992408557625945,red
186,0.5494561191469453,0.039030749175676706,red
187,0.5494951070217162,0.039069089793727474,red
188,0.5495340948964872,0.039107430411778235,red
189,0.5495730827712582,0.039145771029828996,red
190,0.5496510585208,0.03918411164787976,red
191,0.5498849857694257,0.03929913350203205,red
192,0.5499239736441967,0.03937581473813358,red
193,0.5499629615189676,0.04052603327965647,red
194,0.5500019493937386,0.04056437389770723,red
195,0.5500409372685096,0.04060271451575799,red
196,0.5500799251432804,0.04075607698796104,red
197,0.5501189130180514,0.04083275822406257,red
198,0.5501579008928223,0.04090943946016409,red
199,0.5501968887675933,0.040947780078214854,red
200,0.5502358766423643,0.04110114255041791,red
201,0.5502748645171351,0.041139483168468674,red
202,0.550430816016219,0.041177823786519435,red
203,0.5504698038909899,0.041216164404570196,red
204,0.5505087917657608,0.041292845640671726,red
205,0.5505477796405318,0.04133118625872249,red
206,0.5505867675153028,0.04144620811287478,red
207,0.5506647432648446,0.04156122996702707,red
208,0.5508986705134703,0.04159957058507783,red
209,0.5509376583882413,0.04163791120312859,red
210,0.5509766462630122,0.0418296142933824,red
211,0.5510156341377832,0.04198297676558546,red
212,0.5510546220125541,0.042059658001686984,red
213,0.551093609887325,0.042097998619737745,red
214,0.551171585636867,0.0425580860363469,red
215,0.5512105735116379,0.04259642665439767,red
216,0.5512495613864088,0.04263476727244843,red
217,0.5512885492611798,0.04267310789049919,red
218,0.5513275371359507,0.04271144850854995,red
219,0.5514055128854927,0.04274978912660072,red
220,0.5514445007602635,0.04278812974465148,red
221,0.5514834886350345,0.04294149221685453,red
222,0.5515224765098055,0.043363239015412926,red
223,0.5515614643845764,0.04340157963346369,red
224,0.5516004522593474,0.04343992025151445,red
225,0.5516784280088892,0.04351660148761598,red
226,0.5517953916332021,0.04366996395981903,red
227,0.5519123552575149,0.027336860670194002,red
228,0.5519513431322859,0.027260179434092476,red
229,0.5519903310070569,0.027106816961889425,red
230,0.5520293188818277,0.02706847634383866,red
231,0.5521072946313696,0.026991795107737134,red
232,0.5521462825061406,0.026953454489686373,red
233,0.5521852703809116,0.02691511387163561,red
234,0.5522242582556824,0.026876773253584847,red
235,0.5523412218799953,0.026838432635534083,red
236,0.5524191976295372,0.02680009201748332,red
237,0.5524581855043081,0.026761751399432557,red
238,0.5526141370033919,0.026723410781381792,red
239,0.5526531248781629,0.02668507016333103,red
240,0.5526921127529338,0.026646729545280266,red
241,0.5527311006277048,0.026608388927229505,red
242,0.5527700885024758,0.02657004830917874,red
243,0.5528480642520176,0.02653170769112798,red
244,0.5528870521267886,0.026493367073077215,red
245,0.5529260400015595,0.02641668583697569,red
246,0.5529650278763305,0.026378345218924928,red
247,0.5530040157511014,0.026340004600874163,red
248,0.5530430036258723,0.02384786442757457,red
249,0.5530819915006433,0.02396288628172686,red
250,0.5531209793754143,0.02400122689977762,red
251,0.553276930874498,0.024039567517828386,red
252,0.553315918749269,0.024077908135879147,red
253,0.5533938944988108,0.02411624875392991,red
254,0.5534328823735818,0.024154589371980676,red
255,0.5535108581231237,0.024231270608082202,red
256,0.5535498459978947,0.024269611226132963,red
257,0.5536278217474365,0.024307951844183728,red
258,0.5536668096222075,0.02434629246223449,red
259,0.5537057974969785,0.024384633080285253,red
260,0.5537447853717494,0.024422973698336015,red
261,0.5538227611212913,0.02449965493443754,red
262,0.5538617489960622,0.024537995552488305,red
263,0.5539007368708332,0.024576336170539066,red
264,0.5539397247456042,0.024653017406640592,red
265,0.5539787126203751,0.024691358024691357,red
266,0.554056688369917,0.024729698642742118,red
267,0.5540956762446879,0.024768039260792882,red
268,0.5541736519942299,0.024806379878843644,red
269,0.5543296034933136,0.024844720496894408,red
270,0.5543685913680846,0.02488306111494517,red
271,0.5544075792428554,0.024921401732995934,red
272,0.5544465671176264,0.024959742351046695,red
273,0.5544855549923974,0.02499808296909746,red
274,0.5545245428671683,0.025036423587148224,red
275,0.5545635307419393,0.02511310482324975,red
276,0.5546025186167102,0.025764895330112718,red
277,0.5546415064914811,0.025803235948163483,red
278,0.5546804943662521,0.025841576566214244,red
279,0.5547194822410231,0.025956598420366534,red
280,0.554758470115794,0.0259949390384173,red
281,0.5547974579905649,0.02603327965646806,red
282,0.5548754337401068,0.026071620274518825,red
283,0.5549534094896488,0.026109960892569586,red
284,0.5549923973644196,0.02614830151062035,red
285,0.5550313852391906,0.026224982746721876,red
286,0.5550703731139616,0.026263323364772637,red
287,0.5551093609887325,0.026301663982823402,red
288,0.5562789972318609,0.023809523809523808,red
289,0.5564349487309447,0.023617820719269992,red
290,0.5566688759795704,0.02357948010121923,red
291,0.5567078638543413,0.023541139483168466,red
292,0.5567468517291122,0.023502798865117705,red
293,0.5567858396038832,0.02346445824706694,red
294,0.5568638153534251,0.021969174143087185,red
295,0.5569028032281961,0.022007514761137947,red
296,0.5569807789777379,0.022122536615290237,red
297,0.5570197668525089,0.022160877233341,red
298,0.5570587547272798,0.02227589908749329,red
299,0.5570977426020508,0.022314239705544053,red
300,0.5571367304768217,0.022352580323594815,red
301,0.5572147062263636,0.02242926155969634,red
302,0.5572536941011346,0.022467602177747105,red
303,0.5572926819759055,0.022505942795797866,red
304,0.5573706577254474,0.02254428341384863,red
305,0.5574876213497603,0.022582624031899392,red
306,0.5575266092245312,0.022735986504102444,red
307,0.5575655970993021,0.022582624031899392,red
308,0.557721548598386,0.022774327122153208,red
309,0.5577605364731568,0.022851008358254734,red
310,0.5578775000974697,0.022889348976305495,red
311,0.5579164879722407,0.02296603021240702,red
312,0.5579554758470116,0.023004370830457786,red
313,0.5579944637217825,0.023042711448508547,red
314,0.5580334515965535,0.02308105206655931,red
315,0.5580724394713245,0.023119392684610073,red
316,0.5581504152208663,0.023157733302660837,red
317,0.558384342469492,0.02193083352503642,red
318,0.558423330344263,0.02189249290698566,red
319,0.5584623182190339,0.021815811670884134,red
320,0.5585013060938049,0.02177747105283337,red
321,0.5589301727162852,0.021700789816731843,red
322,0.5590081484658271,0.02139406487232574,red
323,0.5591251120901399,0.021317383636224214,red
324,0.5592420757144528,0.02127904301817345,red
325,0.5593590393387656,0.02124070240012269,red
326,0.5593980272135366,0.021125680545970398,red
327,0.5594760029630785,0.021048999309868872,red
328,0.5595149908378494,0.020933977455716585,red
329,0.5595539787126204,0.020665593129361243,red
330,0.5595929665873913,0.020627252511310482,red
331,0.5596319544621623,0.020588911893259718,red
332,0.5597489180864751,0.01959205582393988,red
333,0.5599048695855589,0.01970707767809217,red
334,0.5599438574603298,0.019745418296142934,red
335,0.560528675581894,0.01970707767809217,red
336,0.5606456392062069,0.019898780768345985,red
337,0.5606846270809778,0.019937121386396747,red
338,0.5607626028305197,0.02020550571275209,red
339,0.5608405785800616,0.02024384633080285,red
340,0.5608795664548325,0.020282186948853614,red
341,0.5609185543296035,0.020320527566904376,red
342,0.5609575422043744,0.02035886818495514,red
343,0.5609965300791454,0.019438693351736827,red
344,0.5610355179539164,0.0193620121156353,red
345,0.5611524815782292,0.01932367149758454,red
346,0.5611914694530001,0.01920864964343225,red
347,0.561269445202542,0.01917030902538149,red
348,0.5613084330773129,0.019055287171229198,red
349,0.5615033724511677,0.01894026531707691,red
350,0.5615423603259386,0.018901924699026146,red
351,0.5616593239502515,0.01882524346292462,red
352,0.5618542633241063,0.018633540372670804,red
353,0.5619712269484191,0.01844183728241699,red
354,0.5620881905727318,0.018403496664366227,red
355,0.5621271784475028,0.018365156046315466,red
356,0.5621661663222738,0.01828847481021394,red
357,0.5622051541970448,0.018058431101909363,red
358,0.5622441420718157,0.017943409247757072,red
359,0.5622831299465866,0.01779004677555402,red
360,0.5623221178213575,0.01763668430335097,red
361,0.5623611056961285,0.017598343685300204,red
362,0.5624000935708995,0.017560003067249443,red
363,0.562711996569067,0.017329959358944866,red
364,0.562750984443838,0.0172916187408941,red
365,0.5627899723186089,0.017214937504792575,red
366,0.5629849116924637,0.01709991565064029,red
367,0.5630238995672346,0.017023234414538763,red
368,0.5631018753167765,0.016869871942335708,red
369,0.5631798510663184,0.01675485008818342,red
370,0.5632578268158602,0.016716509470132656,red
371,0.5632968146906312,0.016678168852081895,red
372,0.5637256813131116,0.016563146997929604,red
373,0.5637646691878826,0.016524806379878843,red
374,0.5638036570626536,0.01648646576182808,red
375,0.5640765721860501,0.016448125143777317,red
376,0.5643494873094468,0.01621808143547274,red
377,0.5643884751842178,0.01610305958132045,red
378,0.5644274630589886,0.016026378345218924,red
379,0.5644664509337596,0.01598803772716816,red
380,0.5645054388085305,0.015949697109117398,red
381,0.5645834145580725,0.015873015873015872,red
382,0.5646224024328433,0.015796334636914346,red
383,0.5648173418066981,0.01571965340081282,red
384,0.564856329681469,0.015681312782762056,red
385,0.56489531755624,0.015642972164711295,red
386,0.564934305431011,0.01560463154666053,red
387,0.5649732933057819,0.015527950310559004,red
388,0.5652462084291785,0.015489609692508241,red
389,0.5655970993021171,0.015297906602254427,red
390,0.565636087176888,0.014339391150985353,red
391,0.5656750750516589,0.014377731769036116,red
392,0.5657530508012009,0.014492753623188404,red
393,0.5659090023002846,0.014914500421746798,red
394,0.5659479901750556,0.01495284103979756,red
395,0.5659869780498266,0.014262709914883827,red
396,0.5660649537993684,0.014109347442680775,red
397,0.5661039416741394,0.01403266620657925,red
398,0.5661429295489103,0.013994325588528487,red
399,0.5662598931732231,0.011540526033279656,red
400,0.5662988810479941,0.011885591595736522,red
401,0.566337868922765,0.012115635304041101,red
402,0.5664548325470778,0.012384019630396441,red
403,0.5664938204218488,0.012537382102599493,red
404,0.5665328082966198,0.012614063338701019,red
405,0.5666497719209326,0.013495897553868567,red
406,0.5667667355452455,0.01353423817191933,red
407,0.5670006627938711,0.013955984970477724,red
408,0.567039650668642,0.014837819185645272,red
409,0.567078638543413,0.013879303734376198,red
410,0.567117626418184,0.013840963116325435,red
411,0.5674295294163515,0.013649260026071619,red
412,0.5677414324145191,0.011042097998619736,red
413,0.5680533354126867,0.010927076144467448,red
414,0.5680923232874576,0.010888735526416685,red
415,0.5682092869117704,0.010773713672264396,red
416,0.5682482747865414,0.009891879457096847,red
417,0.5683262505360833,0.00966183574879227,red
418,0.5683652384108542,0.00862663906142167,red
419,0.5687161292837928,0.008434935971167854,red
420,0.5687551171585636,0.008396595353117091,red
421,0.5688720807828765,0.00812821102676175,red
422,0.5689500565324185,0.008013189172609462,red
423,0.5689890444071893,0.0070930143393911505,red
424,0.5695348746539827,0.004217467985583927,red
425,0.5696128504035245,0.003067249444061038,red
426,0.5696518382782955,0.0030289088260102752,red
427,0.5696908261530664,0.002913886971857986,red
428,0.5697298140278374,0.002760524499654934,red
429,0.5698467776521502,0.0026838432635534083,red
430,0.5699247534016921,0.0026071620274518825,red
431,0.5700807049007759,0.0018403496664366227,red
432,0.5701196927755469,0.0018020090483858598,red
433,0.5702366563998597,0.0017253278122843338,red
434,0.5702756442746306,0.001648646576182808,red
435,0.5703146321494016,0.0010351966873706003,red
436,0.5703536200241724,0.0009968560693198374,red
437,0.5704315957737144,0.327888965570125,red
438,0.5704705836484854,0.00034506556245686676,red
439,0.5705875472727981,0.32773560309792193,red
440,0.5706265351475691,0.32769726247987113,red
441,0.5706655230223401,0.3276589218618204,red
442,0.5708604623961948,0.32762058124376964,red
443,0.5709384381457366,0.32758224062571883,red
444,0.5709774260205076,0.3275439000076681,red
445,0.5710164138952786,0.32750555938961734,red
446,0.5710554017700495,0.3274288781535158,red
447,0.5710943896448205,0.32739053753546504,red
448,0.5711333775195914,0.3273521969174143,red
449,0.5712893290186752,0.32727551568131275,red
450,0.5713283168934461,0.327237175063262,red
451,0.5713673047682171,0.32719883444521125,red
452,0.571445280517759,0.32716049382716045,red
453,0.5715232562673008,0.32708381259105895,red
454,0.5715622441420718,0.3270454719730082,red
455,0.5716012320168428,0.3270071313549574,red
456,0.5716402198916137,0.32696879073690666,red
457,0.5717181956411556,0.3268921095008051,red
458,0.5719131350150103,0.32685376888275436,red
459,0.572147062263636,0.3268154282647036,red
460,0.5722640258879489,0.32677708764665286,red
461,0.5723420016374907,0.32673874702860206,red
462,0.5724979531365745,0.3267004064105513,red
463,0.5725369410113454,0.32662372517444976,red
464,0.5726149167608874,0.3263936814661452,red
465,0.5727318803852002,0.3263553408480944,red
466,0.5727708682599711,0.3263170002300437,red
467,0.5728098561347421,0.32616363775784063,red
468,0.5728488440095131,0.3261252971397899,red
469,0.572887831884284,0.3260869565217391,red
470,0.5729268197590549,0.32604861590368833,red
471,0.5729658076338259,0.3258952534314853,red
472,0.5731997348824516,0.32585691281343454,red
473,0.5732387227572225,0.32581857219538374,red
474,0.5732777106319935,0.325780231577333,red
475,0.5733166985067644,0.32562686910512995,red
476,0.5733556863815353,0.3255885284870792,red
477,0.5733946742563063,0.3254735066329269,red
478,0.5737065772544738,0.32543516601487615,red
479,0.5737455651292448,0.32539682539682535,red
480,0.5737845530040158,0.3253584847787746,red
481,0.5738235408787867,0.32532014416072386,red
482,0.5739015166283286,0.3252818035426731,red
483,0.5740184802526415,0.3252434629246223,red
484,0.5740574681274124,0.32520512230657156,red
485,0.5745253226246637,0.32512844107047,red
486,0.5748372256228313,0.32501341921631777,red
487,0.5748762134976022,0.32497507859826696,red
488,0.5749152013723732,0.32486005674411467,red
489,0.5749931771219151,0.3247833755080132,red
490,0.5751101407462279,0.3247450348899624,red
491,0.5751491286209989,0.3247066942719116,red
492,0.5752271043705408,0.3246683536538609,red
493,0.5752660922453117,0.3245916724177593,red
494,0.5753050801200826,0.3245533317997086,red
495,0.5753440679948536,0.32451499118165783,red
496,0.5753830558696246,0.3244766505636071,red
497,0.5754610316191664,0.32439996932750553,red
498,0.5755000194939374,0.3243616287094548,red
499,0.5755779952434793,0.324323288091404,red
500,0.5756169831182503,0.32428494747335324,red
501,0.5756949588677921,0.3242466068553025,red
502,0.575811922492105,0.32420826623725174,red
503,0.5759288861164178,0.32416992561920094,red
504,0.5759678739911888,0.32409324438309944,red
505,0.5760068618659597,0.3240165631469979,red
506,0.5760458497407306,0.32386320067479485,red
507,0.5762797769893563,0.3237865194386933,red
508,0.5763187648641273,0.32374817882064255,red
509,0.5763577527388982,0.3235948163484395,red
510,0.5764357284884402,0.3234797944942872,red
511,0.576474716363211,0.32344145387623646,red
512,0.576552692112753,0.3234031132581857,red
513,0.5766306678622949,0.32332643202208416,red
514,0.5766696557370657,0.3232880914040334,red
515,0.5767086436118367,0.32324975078598267,red
516,0.5767476314866077,0.32321141016793187,red
517,0.5767866193613786,0.3231730695498811,red
518,0.5771764981090881,0.3221378728625105,red
519,0.5772934617334009,0.32252127904301814,red
520,0.5773324496081719,0.3225596196610689,red
521,0.5774104253577138,0.3226746415152212,red
522,0.5774494132324847,0.3227896633693735,red
523,0.5774884011072556,0.32286634460547503,red
524,0.5775273889820266,0.32244459780691664,red
525,0.5775663768567976,0.32240625718886584,red
526,0.5776053647315685,0.3223679165708151,red
527,0.5776833404811104,0.32232957595276435,red
528,0.5777223283558813,0.32229123533471354,red
529,0.5778003041054233,0.3222528947166628,red
530,0.5778782798549651,0.32221455409861205,red
531,0.5779172677297361,0.3221378728625105,red
532,0.577956255604507,0.3220228510083582,red
533,0.5780342313540489,0.32198451039030745,red
534,0.5780732192288198,0.32110267617513993,red
535,0.5781122071035908,0.321256038647343,red
536,0.5781511949783618,0.3229046852235258,red
537,0.5781901828531327,0.32167778544590137,red
538,0.5782291707279036,0.3218311479181044,red
539,0.5782681586026746,0.3219461697722567,red
540,0.5783461343522165,0.32209953224445975,red
541,0.5784630979765293,0.32045088566827695,red
542,0.5785410737260712,0.3204125450502262,red
543,0.578619049475613,0.32033586381412466,red
544,0.578697025225155,0.32022084195997236,red
545,0.578736013099926,0.3201825013419216,red
546,0.5787750009746969,0.32014416072387086,red
547,0.5788139888494678,0.32010582010582006,red
548,0.5789699403485516,0.3196457326892109,red
549,0.5792038675971772,0.326585384556399,red
550,0.5793208312214901,0.326585384556399,red
551,0.5794377948458029,0.32654704393834827,red
552,0.5794767827205739,0.3264703627022467,red
553,0.5795157705953449,0.3190322828003987,red
554,0.5795547584701158,0.3190706234184495,red
555,0.5795937463448867,0.32643202208419597,red
556,0.5796327342196577,0.3263936814661452,red
557,0.5796717220944286,0.31910896403650024,red
558,0.5797496978439706,0.31922398589065254,red
559,0.5798276735935124,0.3190322828003987,red
560,0.5798666614682834,0.3192623265087033,red
561,0.5799056493430543,0.31891726094624645,red
562,0.5799446372178253,0.31887892032819565,red
563,0.5799836250925962,0.3188405797101449,red
564,0.5800226129673671,0.3187255578559926,red
565,0.5801005887169091,0.3186488766198911,red
566,0.58013957659168,0.3186105360018403,red
567,0.5802175523412219,0.318495514147688,red
568,0.5803735038403057,0.31845717352963726,red
569,0.5804904674646185,0.31834215167548496,red
570,0.5806074310889313,0.3182271298213327,red
571,0.5806854068384733,0.3181887892032819,red
572,0.5807243947132442,0.31815044858523117,red
573,0.5807633825880152,0.3181121079671804,red
574,0.580919334087099,0.3180737673491296,red
575,0.5809583219618699,0.3180354267310789,red
576,0.5810362977114117,0.3179970861130281,red
577,0.5810752855861827,0.3179204048769266,red
578,0.5811142734609537,0.3178437236408251,red
579,0.5812312370852665,0.3178053830227743,red
580,0.5812702249600374,0.31776704240472353,red
581,0.5813092128348084,0.31581167088413464,red
582,0.5813482007095794,0.31577333026608384,red
583,0.581582127958205,0.31569664902998235,red
584,0.5816211158329759,0.3150831991411701,red
585,0.5816601037077469,0.31504485852311936,red
586,0.5816990915825179,0.3150831991411701,red
587,0.5817380794572888,0.3151215397592209,red
588,0.5817770673320597,0.3151982209953224,red
589,0.5818550430816016,0.31527490223142396,red
590,0.5819330188311436,0.31538992408557626,red
591,0.5819720067059144,0.315428264703627,red
592,0.5820109945806854,0.3155432865577793,red
593,0.5820499824554564,0.3156583084119316,red
594,0.5820889703302273,0.31492983666896707,red
595,0.5821279582049983,0.3148914960509163,red
596,0.5822059339545401,0.31282110267617513,red
597,0.5822449218293111,0.3129744651483782,red
598,0.5822839097040821,0.3140863430718503,red
599,0.582322897578853,0.31293612453032743,red
600,0.5824398612031658,0.3129744651483782,red
601,0.5826737884517915,0.3142780461621041,red
602,0.5827127763265625,0.3143163867801549,red
603,0.5827907520761043,0.31446974925235793,red
604,0.5828297399508753,0.3143163867801549,red
605,0.5828687278256462,0.3145464304884594,red
606,0.5829077157004172,0.3146997929606625,red
607,0.582985691449959,0.3106740280653324,red
608,0.583063667199501,0.3133578713288858,red
609,0.583102655074272,0.31339621194693656,red
610,0.5831416429490428,0.31182424660685526,red
611,0.5831806308238138,0.31186258722490606,red
612,0.5832196186985847,0.3119009278429568,red
613,0.5832586065733557,0.31193926846100756,red
614,0.5834145580724395,0.31481481481481477,red
615,0.5834535459472104,0.3137796181274442,red
616,0.5835705095715232,0.312514377731769,red
617,0.5836484853210652,0.31174756537075377,red
618,0.583726461070607,0.31170922475270296,red
619,0.583765448945378,0.3116708841346522,red
620,0.5840383640687746,0.31163254351660147,red
621,0.5840773519435456,0.3114791810443984,red
622,0.5841163398183166,0.3114408404263477,red
623,0.5841943155678584,0.3114024998082969,red
624,0.5842333034426294,0.31048232497507855,red
625,0.5842722913174003,0.31052066559312935,red
626,0.5843502670669422,0.3105590062111801,red
627,0.5843892549417131,0.31059734682923085,red
628,0.5844282428164841,0.31063568744728165,red
629,0.5844672306912551,0.3106740280653324,red
630,0.584506218566026,0.31071236868338314,red
631,0.5845452064407969,0.3107507093014339,red
632,0.5850130609380483,0.30894870025304805,red
633,0.585169012437132,0.3089870408710988,red
634,0.585208000311903,0.3090253814891496,red
635,0.585246988186674,0.30906372210720034,red
636,0.5853249639362158,0.3092170845794034,red
637,0.5853639518109868,0.30925542519745414,red
638,0.5854029396857577,0.3093321064335557,red
639,0.5854419275605287,0.30937044705160643,red
640,0.5854809154352997,0.30940878766965724,red
641,0.5855588911848415,0.3097921938501648,red
642,0.5855978790596125,0.3099072157043171,red
643,0.5856758548091544,0.30998389694041867,red
644,0.5857148426839253,0.31040564373897706,red
645,0.5857538305586962,0.3104439843570278,red
646,0.58590978205778,0.3033893106356874,red
647,0.5861047214316347,0.3089103596349973,red
648,0.5866895395531989,0.3037343761981443,red
649,0.5867285274279699,0.30377271681619505,red
650,0.5869234668018246,0.3040411011425504,red
651,0.5869624546765956,0.30407944176060114,red
652,0.5870014425513665,0.30411778237865195,red
653,0.5871184061756793,0.3042328042328042,red
654,0.5871573940504503,0.30430948546890574,red
655,0.5872353697999922,0.30453952917721033,red
656,0.5872743576747631,0.3046162104133118,red
657,0.587352333424305,0.3049229353577179,red
658,0.587391321299076,0.3049612759757687,red
659,0.587430309173847,0.3050379572118702,red
660,0.5875472727981598,0.305076297829921,red
661,0.5876252485477017,0.30519131968407326,red
662,0.5876642364224726,0.30522966030212406,red
663,0.5877422121720145,0.30534468215627636,red
664,0.5877812000467855,0.30707000996856065,red
665,0.5878201879215564,0.30718503182271295,red
666,0.5890288120394558,0.307338394294916,red
667,0.5890677999142266,0.30730005367686525,red
668,0.5891457756637686,0.307338394294916,red
669,0.5892237514133105,0.3072617130588145,red
670,0.5893017271628523,0.3072233724407637,red
671,0.5893407150376233,0.30753009738516984,red
672,0.5893797029123943,0.30764511923932214,red
673,0.5894966665367071,0.3070316693505099,red
674,0.58961363016102,0.3077984817115252,red
675,0.5898865452844165,0.30323594816348437,red
676,0.5899255331591875,0.3031976075454336,red
677,0.5901204725330422,0.3031592669273828,red
678,0.5901984482825842,0.3029292232190783,red
679,0.590237436157355,0.30285254198297673,red
680,0.5903933876564389,0.30277586074687524,red
681,0.5905103512807517,0.30273752012882443,red
682,0.5910561815275449,0.3008204892262863,red
683,0.5912121330266287,0.30097385169848934,red
684,0.5912511209013996,0.3010505329345909,red
685,0.5912901087761706,0.30108887355264163,red
686,0.5913290966509416,0.3011272141706924,red
687,0.5913680845257125,0.3011655547887432,red
688,0.5915240360247963,0.30131891726094623,red
689,0.5915630238995673,0.3013955984970477,red
690,0.5916799875238801,0.3024691358024691,red
691,0.591718975398651,0.3024691358024691,red
692,0.5918359390229638,0.30243079518441834,red
693,0.5919918905220477,0.3022774327122153,red
694,0.5920698662715895,0.30220075147611375,red
695,0.5923037935202152,0.3025074764205199,red
696,0.592459745019299,0.2993635457403573,red
697,0.59249873289407,0.3018556859136569,red
698,0.5928496237670084,0.30059044551798175,red
699,0.5928886116417794,0.30055210489993095,red
700,0.5929275995165504,0.3005137642818802,red
701,0.5929665873913214,0.30036040180967716,red
702,0.5930055752660922,0.3003220611916264,red
703,0.5930445631408632,0.3002837205735756,red
704,0.5930835510156341,0.3002070393374741,red
705,0.5931225388904051,0.3001686987194233,red
706,0.5931615267651761,0.30013035810137256,red
707,0.5932395025147179,0.29944022697645883,red
708,0.5933174782642598,0.2999769956291695,red
709,0.5933954540138017,0.30001533624722027,red
710,0.5934734297633436,0.30005367686527107,red
711,0.5935124176381146,0.3000920174833218,red
712,0.5935903933876564,0.30005367686527107,red
713,0.5937073570119693,0.30001533624722027,red
714,0.5937853327615111,0.2999769956291695,red
715,0.5938243206362821,0.2994785675945096,red
716,0.593902296385824,0.29944022697645883,red
717,0.5939802721353659,0.29924852388620504,red
718,0.5940192600101368,0.29921018326815424,red
719,0.5940582478849078,0.2991718426501035,red
720,0.5940972357596788,0.29913350203205274,red
721,0.5942141993839916,0.29882677708764666,red
722,0.5942921751335335,0.29871175523349436,red
723,0.5943311630083045,0.29859673337934206,red
724,0.5943701508830753,0.2981749865807837,red
725,0.5944091387578463,0.29825166781688517,red
726,0.5944481266326173,0.298443370907139,red
727,0.5944871145073882,0.29848171152518976,red
728,0.5945261023821592,0.2985200521432405,red
729,0.594604078131701,0.29859673337934206,red
730,0.5947600296307848,0.2985200521432405,red
731,0.5947990175055557,0.29848171152518976,red
732,0.5948380053803267,0.298443370907139,red
733,0.5949939568794105,0.2977532397822253,red
734,0.5954228235018909,0.29882677708764666,red
735,0.5955397871262038,0.2975998773100222,red
736,0.5956177628757456,0.29786826163637753,red
737,0.5956567507505166,0.2979832834905298,red
738,0.5957347265000585,0.29802162410858063,red
739,0.5958127022496004,0.2980599647266314,red
740,0.5958516901243713,0.2981749865807837,red
741,0.5959296658739133,0.29748485545586995,red
742,0.5959686537486841,0.2975231960739207,red
743,0.5960466294982261,0.2975998773100222,red
744,0.5961635931225389,0.297638217928073,red
745,0.5962415688720808,0.2977148991641745,red
746,0.5963975203711646,0.29748485545586995,red
747,0.5966314476197903,0.2974081742197684,red
748,0.5966704354945612,0.2972931523656161,red
749,0.596748411244103,0.2972164711295146,red
750,0.5969043627431869,0.29706310865731156,red
751,0.5970213263674997,0.29702476803926076,red
752,0.5971382899918125,0.29694808680315926,red
753,0.5971772778665835,0.29690974618510846,red
754,0.5972552536161254,0.2968714055670577,red
755,0.5972942414908964,0.29683306494900696,red
756,0.5973332293656672,0.2967947243309562,red
757,0.5973722172404382,0.2967563837129054,red
758,0.5974112051152092,0.29671804309485467,red
759,0.597528168739522,0.29660302124070237,red
760,0.5975671566142929,0.2965646806226516,red
761,0.5976061444890639,0.29648799938655007,red
762,0.5976451323638349,0.2964113181504486,red
763,0.5976841202386058,0.2963729775323978,red
764,0.5977231081133767,0.296334636914347,red
765,0.5977620959881477,0.2962962962962963,red
766,0.5978010838629186,0.29625795567824553,red
767,0.5978400717376896,0.29621961506019473,red
768,0.5978790596124606,0.296181274442144,red
769,0.5979180474872314,0.29614293382409324,red
770,0.5980350111115443,0.2960662525879917,red
771,0.5980739989863153,0.29602791196994094,red
772,0.5981129868610862,0.2959895713518902,red
773,0.5981519747358571,0.29591289011578864,red
774,0.5981909626106281,0.2958745494977379,red
775,0.5983079262349409,0.29572118702553485,red
776,0.5984248898592538,0.2955678245533318,red
777,0.5984638777340248,0.29549114331723025,red
778,0.5985028656087956,0.2954528026991795,red
779,0.5985808413583376,0.29537612146307796,red
780,0.5986588171078795,0.29526109960892566,red
781,0.5986978049826504,0.2952227589908749,red
782,0.5987367928574213,0.29518441837282416,red
783,0.5988537564817342,0.2951077371367226,red
784,0.598931732231276,0.29506939651867187,red
785,0.599009707980818,0.2935741124146921,red
786,0.5992046473546727,0.2931140249980829,red
787,0.5992436352294437,0.2930756843800322,red
788,0.5992826231042147,0.29292232190782913,red
789,0.5993216109789855,0.2928839812897784,red
790,0.5993605988537565,0.2928456406717276,red
791,0.5993995867285274,0.29280730005367683,red
792,0.5994385746032984,0.29273061881757534,red
793,0.5994775624780694,0.29269227819952454,red
794,0.5995165503528402,0.2926539375814738,red
795,0.5995555382276112,0.29261559696342304,red
796,0.5997894654762369,0.29196380645656006,red
797,0.5998674412257788,0.29177210336630627,red
798,0.5999064291005497,0.29173376274825547,red
799,0.6000233927248626,0.2916954221302047,red
800,0.6001403563491754,0.2915804002760524,red
801,0.6002573199734883,0.2915420596580017,red
802,0.6002963078482592,0.2915037190399509,red
803,0.6003352957230301,0.2914270378038494,red
804,0.6003742835978011,0.29138869718579863,red
805,0.600452259347343,0.2913503565677478,red
806,0.6004912472221139,0.2912353347135956,red
807,0.6005302350968849,0.29115865347749403,red
808,0.6006471987211978,0.29062188482478335,red
809,0.6006861865959686,0.2906985660608849,red
810,0.6007251744707396,0.2907752472969864,red
811,0.6008811259698233,0.29081358791503714,red
812,0.6009980895941363,0.2910819722413925,red
813,0.601232016842762,0.2905452035886818,red
814,0.6013099925923038,0.29039184111647875,red
815,0.6013489804670747,0.290353500498428,red
816,0.6014269562166167,0.29031515988037726,red
817,0.6015049319661585,0.2902768192623265,red
818,0.6015439198409295,0.2902384786442757,red
819,0.6016218955904714,0.29020013802622496,red
820,0.6016998713400132,0.2901234567901234,red
821,0.6017778470895552,0.29008511617207267,red
822,0.6018168349643261,0.2900467755540219,red
823,0.601855822839097,0.29000843493597117,red
824,0.6019337985886389,0.28997009431792037,red
825,0.6019727864634099,0.2898934130818189,red
826,0.6020117743381809,0.28985507246376807,red
827,0.6020507622129517,0.2898167318457173,red
828,0.6021287379624937,0.28974005060961583,red
829,0.6022457015868065,0.2896633693735143,red
830,0.6022846894615774,0.28958668813741273,red
831,0.6024016530858903,0.289548347519362,red
832,0.6024406409606612,0.28951000690131123,red
833,0.6024796288354322,0.2894716662832605,red
834,0.6025186167102031,0.2894333256652097,red
835,0.6025965924597451,0.28939498504715894,red
836,0.6026355803345159,0.2893566444291082,red
837,0.6026745682092869,0.2893183038110574,red
838,0.6027135560840579,0.2892416225749559,red
839,0.6027915318335998,0.28916494133885434,red
840,0.6028695075831416,0.2890115788666513,red
841,0.6029084954579126,0.28897323824860055,red
842,0.6029474833326836,0.288896557012499,red
843,0.6029864712074545,0.28885821639444825,red
844,0.6030254590822255,0.2888198757763975,red
845,0.6031424227065383,0.2887048539222452,red
846,0.6032203984560802,0.28866651330419446,red
847,0.6032593863308511,0.28862817268614366,red
848,0.603337362080393,0.288091404033433,red
849,0.603376349955164,0.2880530634153822,red
850,0.603415337829935,0.2880147227973315,red
851,0.6034543257047058,0.28797638217928073,red
852,0.6034933135794768,0.2878997009431792,red
853,0.6035323014542477,0.28786136032512843,red
854,0.6036102772037897,0.28782301970707763,red
855,0.6036882529533315,0.28774633847097614,red
856,0.6038052165776444,0.2877079978529254,red
857,0.6038442044524153,0.2876696572348746,red
858,0.6039221802019572,0.28763131661682384,red
859,0.6039611680767282,0.2875546353807223,red
860,0.6040001559514991,0.28751629476267154,red
861,0.60403914382627,0.2874779541446208,red
862,0.6041561074505829,0.2873629322904685,red
863,0.6041950953253539,0.28732459167241775,red
864,0.6042730710748957,0.2872479104363162,red
865,0.6043900346992086,0.2870562073460624,red
866,0.6044290225739795,0.2870178667280116,red
867,0.6059105618152755,0.2869411854919101,red
868,0.6059495496900464,0.28686450425580856,red
869,0.6060275254395883,0.2868261636377578,red
870,0.6060665133143592,0.28678782301970707,red
871,0.6061055011891302,0.28667280116555477,red
872,0.606261452688214,0.286634460547504,red
873,0.6063394284377559,0.2865961199294532,red
874,0.6064563920620687,0.2865194386933517,red
875,0.6064953799368397,0.286481098075301,red
876,0.6065733556863815,0.2863660762211487,red
877,0.6066123435611525,0.2863277356030979,red
878,0.6066513314359234,0.28628939498504713,red
879,0.6066903193106944,0.2862510543669964,red
880,0.6067682950602363,0.28621271374894564,red
881,0.6068462708097782,0.28598267004064104,red
882,0.6069242465593201,0.2859443294225903,red
883,0.6069632344340911,0.28586764818648874,red
884,0.6070022223088619,0.285829307568438,red
885,0.6070412101836329,0.2857909669503872,red
886,0.6070801980584039,0.2857142857142857,red
887,0.6071191859331748,0.28567594509623495,red
888,0.6071581738079458,0.2855992638601334,red
889,0.6071971616827166,0.2854075607698796,red
890,0.6072361495574876,0.2853692201518288,red
891,0.6072751374322586,0.28533087953377806,red
892,0.6073141253070296,0.2852925389157273,red
893,0.6073531131818005,0.2852541982976765,red
894,0.6073921010565714,0.285177517061575,red
895,0.6074310889313423,0.28513917644352427,red
896,0.6074700768061133,0.28510083582547346,red
897,0.6075090646808843,0.2850624952074227,red
898,0.6075480525556552,0.2849474733532704,red
899,0.6075870404304261,0.2848707921171689,red
900,0.607665016179968,0.2848324514991181,red
901,0.607704004054739,0.2847941108810674,red
902,0.60774299192951,0.2847557702630166,red
903,0.6078209676790518,0.2846790890269151,red
904,0.6078599555538228,0.28464074840886433,red
905,0.6078989434285937,0.2846024077908136,red
906,0.6079379313033647,0.28452572655471203,red
907,0.6079769191781356,0.2844873859366613,red
908,0.6080159070529065,0.28444904531861054,red
909,0.6080548949276775,0.284372364082509,red
910,0.6081328706772194,0.28433402346445824,red
911,0.6081718585519903,0.28429568284640744,red
912,0.6082108464267613,0.2842573422283567,red
913,0.6082498343015322,0.28421900161030594,red
914,0.6082888221763032,0.2841806609922552,red
915,0.6083278100510742,0.2841423203742044,red
916,0.608444773675387,0.28410397975615365,red
917,0.6084837615501579,0.2840656391381029,red
918,0.6085227494249289,0.2840272985200521,red
919,0.6085617372996998,0.28398895790200135,red
920,0.6086007251744707,0.2839506172839506,red
921,0.6086787009240127,0.28387393604784905,red
922,0.6087176887987836,0.2838355954297983,red
923,0.6087566766735545,0.28379725481174756,red
924,0.6087956645483255,0.28368223295759526,red
925,0.6088736402978674,0.2836055517214937,red
926,0.6089126281726384,0.2835288704853922,red
927,0.6089516160474092,0.2834905298673414,red
928,0.6089906039221802,0.28345218924929066,red
929,0.6090295917969512,0.28337550801318917,red
930,0.6090685796717221,0.28333716739513837,red
931,0.6091075675464931,0.2832988267770876,red
932,0.609146555421264,0.2832221455409861,red
933,0.6091855432960349,0.2831838049229353,red
934,0.6092245311708059,0.2831454643048846,red
935,0.6092635190455769,0.28310712368683383,red
936,0.6093414947951187,0.283068783068783,red
937,0.6093804826698896,0.2830304424507323,red
938,0.6094584584194316,0.28299210183268153,red
939,0.6094974462942025,0.28291542059658,red
940,0.6097313735428281,0.2828003987424277,red
941,0.6098093492923701,0.2827237175063262,red
942,0.609887325041912,0.28268537688827544,red
943,0.6099263129166829,0.28264703627022464,red
944,0.6100042886662248,0.2826086956521739,red
945,0.6101602401653086,0.28253201441607234,red
946,0.6101992280400795,0.2824936737980216,red
947,0.6102382159148505,0.2824169925619201,red
948,0.6103161916643923,0.2823786519438693,red
949,0.6106670825373309,0.28234031132581855,red
950,0.6107450582868728,0.282263630089717,red
951,0.6107840461616437,0.2821869488536155,red
952,0.6108230340364147,0.28214860823556476,red
953,0.6108620219111857,0.2818418832911586,red
954,0.6109010097859566,0.28180354267310787,red
955,0.6109399976607275,0.2817652020550571,red
956,0.6110569612850404,0.2817268614370063,red
957,0.6110959491598114,0.28168852081895557,red
958,0.6111349370345822,0.2816501802009048,red
959,0.6112129127841242,0.2816118395828541,red
960,0.6112519006588951,0.2815351583467525,red
961,0.6113688642832079,0.28145847711065103,red
962,0.6114078521579789,0.2814201364926002,red
963,0.6114468400327498,0.2813817958745495,red
964,0.6115248157822917,0.2812667740203972,red
965,0.6115638036570626,0.28122843340234643,red
966,0.6116417794066046,0.2811900927842957,red
967,0.6117197551561464,0.28111341154819414,red
968,0.6118367187804593,0.2810367303120926,red
969,0.6119536824047721,0.28099838969404184,red
970,0.6119926702795431,0.2809600490759911,red
971,0.612031658154314,0.28092170845794034,red
972,0.612070646029085,0.2808450272218388,red
973,0.6121096339038559,0.28080668660378805,red
974,0.6121486217786268,0.2807300053676865,red
975,0.6122655854029397,0.28069166474963575,red
976,0.6123825490272525,0.280653324131585,red
977,0.6124605247767945,0.28057664289548345,red
978,0.6124995126515653,0.2805383022774327,red
979,0.6125774884011073,0.2804999616593819,red
980,0.6126164762758782,0.28046162104133116,red
981,0.6126554641506492,0.2804232804232804,red
982,0.612733439900191,0.28038493980522966,red
983,0.612772427774962,0.2803082585691281,red
984,0.612811415649733,0.28026991795107736,red
985,0.6129283792740458,0.2801932367149758,red
986,0.6132012943974424,0.2801165554788743,red
987,0.6133182580217552,0.280001533624722,red
988,0.6133572458965262,0.2799631930066712,red
989,0.6133962337712972,0.27992485238862047,red
990,0.613474209520839,0.2798865117705697,red
991,0.6135131973956099,0.279848171152519,red
992,0.6135911731451519,0.2798098305344682,red
993,0.6136301610199228,0.2797331492983667,red
994,0.6136691488946937,0.27969480868031593,red
995,0.6137081367694647,0.27965646806226513,red
996,0.6137471246442356,0.2796181274442144,red
997,0.6138251003937776,0.27954144620811283,red
998,0.6138640882685484,0.2795031055900621,red
999,0.6139030761433194,0.2794264243539606,red
1000,0.6139420640180904,0.2793114024998083,red
1001,0.6140200397676323,0.2792730618817575,red
1002,0.6140980155171741,0.27923472126370674,red
1003,0.6141370033919451,0.279196380645656,red
1004,0.6141759912667161,0.27915804002760525,red
1005,0.614214979141487,0.2790813587915037,red
1006,0.614253967016258,0.27900467755540215,red
1007,0.6142929548910289,0.2789663369373514,red
1008,0.6143709306405708,0.27789279963193003,red
1009,0.6144489063901127,0.27800782148608233,red
1010,0.6144878942648836,0.2780845027221839,red
1011,0.6146438457639675,0.2783528870485392,red
1012,0.6150337245116769,0.2784295682846407,red
1013,0.6150727123864478,0.27846790890269146,red
1014,0.6151506881359897,0.278544590138793,red
1015,0.6151896760107607,0.27862127137489456,red
1016,0.6152676517603025,0.2786596119929453,red
1017,0.6154236032593864,0.27881297446514836,red
1018,0.6154625911341572,0.2788513150831991,red
1019,0.6155015790089282,0.27892799631930065,red
1020,0.6155405668836992,0.2778544590138793,red
1021,0.6156185426332411,0.27777777777777773,red
1022,0.615657530508012,0.277739437159727,red
1023,0.6156965183827829,0.27770109654167624,red
1024,0.6157355062575539,0.2776627559236255,red
1025,0.6157744941323249,0.27758607468752394,red
1026,0.6158134820070958,0.2775477340694732,red
1027,0.6158524698818667,0.2775093934514224,red
1028,0.6158914577566377,0.27747105283337165,red
1029,0.6159304456314086,0.2774327122153209,red
1030,0.6160084213809506,0.27739437159727015,red
1031,0.6160863971304924,0.26700406410551336,red
1032,0.6161643728800343,0.2671574265777164,red
1033,0.6162813365043471,0.26719576719576715,red
1034,0.6163203243791181,0.26723410781381796,red
1035,0.6163593122538891,0.2672724484318687,red
1036,0.6164762758782019,0.26731078904991945,red
1037,0.6165152637529728,0.26734912966797025,red
1038,0.6165932395025148,0.267387470286021,red
1039,0.6166712152520566,0.2676941952304271,red
1040,0.6167102031268276,0.26773253584847784,red
1041,0.6168271667511404,0.26777087646652864,red
1042,0.6168661546259113,0.2678092170845794,red
1043,0.6169051425006823,0.26784755770263013,red
1044,0.6169831182502242,0.2678858983206809,red
1045,0.6170221061249951,0.2679242389387317,red
1046,0.617061093999766,0.26796257955678243,red
1047,0.617139069749308,0.2680009201748332,red
1048,0.6172170454988498,0.2682309638831378,red
1049,0.6172560333736208,0.2682693045011885,red
1050,0.6172950212483918,0.26834598573729007,red
1051,0.6173340091231627,0.2683843263553408,red
1052,0.6174509727474755,0.26842266697339157,red
1053,0.6174899606222465,0.26846100759144237,red
1054,0.6175289484970174,0.26853768882754386,red
1055,0.6175679363717884,0.26857602944559467,red
1056,0.6176069242465593,0.2686143700636454,red
1057,0.6176459121213302,0.26865271068169616,red
1058,0.6176848999961012,0.2686910512997469,red
1059,0.6177238878708722,0.2687293919177977,red
1060,0.617840851495185,0.26876773253584846,red
1061,0.6179188272447269,0.2688060731538992,red
1062,0.6180747787438107,0.26884441377195,red
1063,0.6181137666185816,0.2689210950080515,red
1064,0.6181527544933526,0.26899777624415305,red
1065,0.6182307302428944,0.2690361168622038,red
1066,0.6182697181176654,0.26918947933440684,red
1067,0.6183087059924364,0.2692278199524576,red
1068,0.6183476938672073,0.2696879073690668,red
1069,0.6183866817419783,0.2694578636607622,red
1070,0.6184256696167492,0.26938118242466064,red
1071,0.6185426332410621,0.2693428418066099,red
1072,0.618581621115833,0.26972624798711753,red
1073,0.6186595968653749,0.2698029292232191,red
1074,0.6186985847401458,0.2698412698412698,red
1075,0.6187765604896878,0.2699179510773713,red
1076,0.6188155483644586,0.2699562916954221,red
1077,0.6188935241140006,0.26999463231347287,red
1078,0.6189325119887715,0.2700329729315236,red
1079,0.6190104877383134,0.27010965416762517,red
1080,0.6190884634878553,0.27018633540372666,red
1081,0.6191664392373972,0.26930450118855914,red
1082,0.619244414986939,0.27022467602177747,red
1083,0.61928340286171,0.2702630166398282,red
1084,0.619361378611252,0.27041637911203126,red
1085,0.6196342937346485,0.2704930603481328,red
1086,0.6196732816094195,0.27064642282033585,red
1087,0.6197122694841904,0.2706847634383866,red
1088,0.6197512573589614,0.27072310405643735,red
1089,0.6198292331085032,0.27083812591058964,red
1090,0.6198682209832742,0.27087646652864045,red
1091,0.6199072088580452,0.2709148071466912,red
1092,0.6199461967328161,0.27095314776474194,red
1093,0.619985184607587,0.2709914883827927,red
1094,0.620024172482358,0.2710298290008435,red
1095,0.6201801239814417,0.27114485085499573,red
1096,0.6204140512300674,0.27125987270914803,red
1097,0.6204920269796094,0.27129821332719883,red
1098,0.6205700027291512,0.2713365539452496,red
1099,0.6206089906039222,0.2714132351813511,red
1100,0.6207259542282351,0.2714515757994019,red
1101,0.6207649421030059,0.2714899164174526,red
1102,0.6208039299777769,0.2715282570355034,red
1103,0.6208429178525479,0.2715665976535542,red
1104,0.6208819057273188,0.2716049382716049,red
1105,0.6209598814768607,0.27164327888965567,red
1106,0.6209988693516316,0.2717199601257572,red
1107,0.6210378572264026,0.2717966413618587,red
1108,0.6210768451011736,0.2718349819799095,red
1109,0.6211938087254864,0.27187332259796027,red
1110,0.6212327966002573,0.271911663216011,red
1111,0.6212717844750283,0.27195000383406176,red
1112,0.6213107723497993,0.27198834445211256,red
1113,0.6213887480993411,0.2720266850701633,red
1114,0.621466723848883,0.27210336630626486,red
1115,0.621505711723654,0.2721417069243156,red
1116,0.6215446995984248,0.2722183881604171,red
1117,0.6215836874731958,0.2722567287784679,red
1118,0.6216616632227377,0.27229506939651865,red
1119,0.6217786268470505,0.2723334100145694,red
1120,0.6218566025965925,0.2723717506326202,red
1121,0.6218955904713634,0.27241009125067095,red
1122,0.6219345783461344,0.2724484318687217,red
1123,0.62216850559476,0.27264013495897554,red
1124,0.622207493469531,0.2726784755770263,red
1125,0.6222464813443019,0.2727551568131278,red
1126,0.6223634449686147,0.2727934974311786,red
1127,0.6224024328433857,0.27283183804922934,red
1128,0.6224804085929276,0.27294685990338163,red
1129,0.6225193964676986,0.2731002223755847,red
1130,0.6225583843424695,0.2731385629936354,red
1131,0.6225973722172404,0.2731769036116862,red
1132,0.6227533237163242,0.2732535848477877,red
1133,0.6227923115910952,0.27329192546583847,red
1134,0.6228312994658661,0.2733302660838893,red
1135,0.6229482630901789,0.27336860670194,red
1136,0.6229872509649499,0.2734452879380415,red
1137,0.6230262388397209,0.2734836285560923,red
1138,0.6231432024640337,0.27352196917414306,red
1139,0.6231821903388046,0.2735603097921938,red
1140,0.6232211782135756,0.2735986504102446,red
1141,0.6232601660883466,0.27363699102829536,red
1142,0.6232991539631175,0.1148301510620351,red
1143,0.6233381418378884,0.27371367226439686,red
1144,0.6233771297126594,0.2745188252434629,red
1145,0.6234161175874303,0.27428878153515834,red
1146,0.6234551054622013,0.2742121002990568,red
1147,0.6234940933369723,0.2737903535004984,red
1148,0.6235330812117431,0.27394371597270145,red
1149,0.6235720690865141,0.2745571658615137,red
1150,0.623611056961285,0.2739053753546507,red
1151,0.6237280205855978,0.27459550647956443,red
1152,0.6237670084603688,0.2746338470976152,red
1153,0.6238059963351398,0.2746721877156659,red
1154,0.6238449842099107,0.27471052833371673,red
1155,0.6238839720846817,0.2747488689517675,red
1156,0.6239229599594526,0.11498351353423816,red
1157,0.6239619478342235,0.27494057204202127,red
1158,0.6240009357089945,0.11506019477033969,red
1159,0.6240399235837655,0.2750172532781228,red
1160,0.6240789114585364,0.11509853538839045,red
1161,0.6241178993333073,0.2751322751322751,red
1162,0.624312838707162,0.11529023847864427,red
1163,0.624351826581933,0.27540065945863046,red
1164,0.624390814456704,0.2754390000766812,red
1165,0.6244298023314749,0.27547734069473195,red
1166,0.6244687902062459,0.27551568131278276,red
1167,0.6245467659557877,0.2755540219308335,red
1168,0.6245857538305587,0.27559236254888425,red
1169,0.6250146204530391,0.2756690437849858,red
1170,0.6251315840773519,0.27570738440303655,red
1171,0.6251705719521229,0.2757457250210873,red
1172,0.6252095598268939,0.27582240625718885,red
1173,0.6252485477016648,0.2758607468752396,red
1174,0.6252875355764357,0.2758990874932904,red
1175,0.6253265234512067,0.27593742811134114,red
1176,0.6254044992007486,0.27601410934744264,red
1177,0.6255214628250614,0.2760907905835442,red
1178,0.6255604506998323,0.27612913120159494,red
1179,0.6255994385746033,0.27616747181964574,red
1180,0.6256384264493743,0.2762058124376965,red
1181,0.6257553900736871,0.276282493673798,red
1182,0.6259113415727708,0.2763208342918488,red
1183,0.6259503294475418,0.27635917490989953,red
1184,0.6259893173223128,0.2763975155279503,red
1185,0.6260283051970837,0.276435856146001,red
1186,0.6260672930718547,0.2764741967640518,red
1187,0.6261062809466256,0.2765125373821026,red
1188,0.6261452688213965,0.2765508780001533,red
1189,0.6262622324457094,0.2765892186182041,red
1190,0.6264181839447932,0.27662755923625487,red
1191,0.626574135443877,0.2766658998543056,red
1192,0.6267690748177317,0.27704930603481326,red
1193,0.6268080626925027,0.277087646652864,red
1194,0.6268470505672736,0.2771259872709148,red
1195,0.6268860384420445,0.27716432788896556,red
1196,0.6269250263168155,0.2772026685070163,red
1197,0.6269640141915864,0.27724100912506705,red
1198,0.6271589535654412,0.27727934974311785,red
1199,0.6271979414402121,0.2773176903611686,red
1200,0.6273149050645249,0.27735603097921935,red
1201,0.5393582595812703,0.32831071236868337,blue
1202,0.5394362353308121,0.32861743731308946,blue
1203,0.539514211080354,0.3287707997852925,blue
1204,0.5399430777028345,0.32884748102139405,blue
1205,0.5399820655776054,0.3291158653477494,blue
1206,0.540254980701002,0.32946093091020623,blue
1207,0.5403719443253149,0.3295759527643585,blue
1208,0.5405278958243986,0.32995935894486617,blue
1209,0.5405668836991696,0.3299976995629169,blue
1210,0.5406058715739405,0.33007438079901846,blue
1211,0.5411517018207338,0.3304194463614753,blue
1212,0.5414246169441304,0.3305728088336784,blue
1213,0.5419704471909236,0.33126293995859213,blue
1214,0.5420484229404655,0.3313012805766429,blue
1215,0.5422043744395493,0.3314546430488459,blue
1216,0.5422823501890912,0.33153132428494747,blue
1217,0.5423213380638622,0.3315696649029982,blue
1218,0.542360325938633,0.3316846867571505,blue
1219,0.5426332410620297,0.3322981366459627,blue
1220,0.5429061561854264,0.3326048615903688,blue
1221,0.5429451440601973,0.3328732459167241,blue
1222,0.5430621076845101,0.33291158653477493,blue
1223,0.5433740106826777,0.33337167395138406,blue
1224,0.5435689500565324,0.3335633770416379,blue
1225,0.5436859136808453,0.3336400582777394,blue
1226,0.543919840929471,0.3337550801318917,blue
1227,0.5441147803033257,0.3341768269304501,blue
1228,0.5448165620492027,0.3345602331109577,blue
1229,0.5450115014230574,0.3347902768192623,blue
1230,0.5450894771725994,0.33490529867341456,blue
1231,0.5451284650473702,0.3351736829997699,blue
1232,0.5451674529221412,0.33536538609002375,blue
1233,0.5452064407969122,0.33544206732612525,blue
1234,0.5452454286716831,0.33548040794417605,blue
1235,0.5453623922959959,0.33555708918027755,blue
1236,0.5454403680455379,0.3357487922705314,blue
1237,0.5455573316698507,0.33578713288858214,blue
1238,0.5455963195446216,0.3358254735066329,blue
1239,0.5456353074193926,0.3358638141246837,blue
1240,0.5458302467932473,0.3360555172149375,blue
1241,0.5458692346680183,0.33609385783298823,blue
1242,0.5459861982923311,0.3362088796871405,blue
1243,0.546025186167102,0.3362472203051913,blue
1244,0.5462591134157277,0.33647726401349587,blue
1245,0.5462981012904987,0.3365156046315466,blue
1246,0.546804943662521,0.3370523732842573,blue
1247,0.5469219072868338,0.33720573575646035,blue
1248,0.5470388709111467,0.337589141936968,blue
1249,0.5476626769074818,0.3378575262633233,blue
1250,0.5479745799056494,0.3380492293535772,blue
1251,0.5481305314047331,0.33812591058967867,blue
1252,0.5482864829038169,0.338394294916034,blue
1253,0.5484034465281298,0.3386243386243386,blue
1254,0.5484424344029007,0.33866267924238935,blue
1255,0.548910288900152,0.3389310635687447,blue
1256,0.548949276774923,0.33896940418679544,blue
1257,0.5492611797730905,0.33919944789510004,blue
1258,0.5493781433974034,0.3393528103673031,blue
1259,0.5494561191469453,0.3393911509853539,blue
1260,0.5495730827712582,0.3395061728395061,blue
1261,0.5500019493937386,0.3396211946936584,blue
1262,0.5500409372685096,0.33965953531170917,blue
1263,0.5505477796405318,0.3404646882907752,blue
1264,0.5505867675153028,0.34065639138102904,blue
1265,0.5506257553900737,0.3408097538532321,blue
1266,0.5506647432648446,0.34084809447128284,blue
1267,0.5508986705134703,0.3411164787976382,blue
1268,0.5509376583882413,0.3412315006517905,blue
1269,0.5510546220125541,0.3416149068322981,blue
1270,0.551132597762096,0.34165324745034886,blue
1271,0.5512885492611798,0.3416915880683996,blue
1272,0.5519903310070569,0.3425734222835672,blue
1273,0.5522632461304534,0.3429568284640748,blue
1274,0.5523022340052244,0.3429951690821256,blue
1275,0.5524191976295372,0.3430718503182271,blue
1276,0.552575149128621,0.34311019093627787,blue
1277,0.5530819915006433,0.3433785752626332,blue
1278,0.553315918749269,0.34353193773483626,blue
1279,0.5535498459978947,0.3436853002070393,blue
1280,0.5538227611212913,0.34372364082509005,blue
1281,0.5539397247456042,0.3439153439153439,blue
1282,0.5540956762446879,0.3440303657694962,blue
1283,0.5549534094896488,0.3444521125680546,blue
1284,0.5550703731139616,0.3447971781305114,blue
1285,0.5553432882373582,0.345027221838816,blue
1286,0.5553822761121291,0.34506556245686676,blue
1287,0.5554212639869001,0.34510390307491756,blue
1288,0.5557721548598386,0.3452572655471206,blue
1289,0.556162033607548,0.3455639904915267,blue
1290,0.55624000935709,0.34571735296372974,blue
1291,0.5563959608561737,0.34583237481788204,blue
1292,0.5566298881047994,0.3459090560539836,blue
1293,0.5567468517291122,0.3459857372900851,blue
1294,0.5567858396038832,0.34606241852618663,blue
1295,0.5569807789777379,0.34617744038033893,blue
1296,0.5574486334749893,0.3465991871788973,blue
1297,0.5579554758470116,0.34686757150525266,blue
1298,0.5580334515965535,0.3472126370677095,blue
1299,0.5581894030956372,0.34725097768576024,blue
1300,0.5583063667199502,0.34759604324821713,blue
1301,0.558345354594721,0.3476343838662679,blue
1302,0.558384342469492,0.3478644275745725,blue
1303,0.5585013060938049,0.34820949313702937,blue
1304,0.5591251120901399,0.34851621808143546,blue
1305,0.5591640999649109,0.34859289931753695,blue
1306,0.5593590393387656,0.34863123993558776,blue
1307,0.5608405785800616,0.34912966797024764,blue
1308,0.5608795664548325,0.34916800858829844,blue
1309,0.5617372996997934,0.3498964803312629,blue
1310,0.5619322390736481,0.34993482094931366,blue
1311,0.56201021482319,0.3500115021854152,blue
1312,0.562049202697961,0.3500881834215167,blue
1313,0.5622051541970448,0.3501265240395675,blue
1314,0.5629069359429217,0.35081665516448124,blue
1315,0.5631408631915474,0.350854995782532,blue
1316,0.5632578268158602,0.3513150831991411,blue
1317,0.5636866934383407,0.3578713288858216,blue
1318,0.5647783539319272,0.35775630703166933,blue
1319,0.5648173418066981,0.3577179664136186,blue
1320,0.564856329681469,0.3576796257955678,blue
1321,0.564934305431011,0.35764128517751703,blue
1322,0.5649732933057819,0.3575646039414155,blue
1323,0.5652462084291785,0.3572578789970094,blue
1324,0.5653241841787204,0.35702783528870485,blue
1325,0.5654021599282624,0.35687447281650175,blue
1326,0.5657140629264299,0.3566444291081972,blue
1327,0.5661429295489103,0.3565294072540449,blue
1328,0.5670006627938711,0.3558009355110804,blue
1329,0.5671956021677258,0.35568591365692814,blue
1330,0.5672345900424968,0.35564757303887734,blue
1331,0.5673515536668097,0.35526416685836976,blue
1332,0.5680923232874576,0.3548424200598113,blue
1333,0.5681702990369994,0.3543823326432022,blue
1334,0.5682872626613124,0.35399892646269454,blue
1335,0.5684042262856251,0.35388390460854224,blue
1336,0.5725369410113454,0.657886665133042,blue
1337,0.572887831884284,0.6571198527720267,blue
1338,0.5729268197590549,0.6570815121539759,blue
1339,0.5729658076338259,0.6570431715359251,blue
1340,0.5730047955085968,0.657886665133042,blue
1341,0.5737845530040158,0.656736446591519,blue
1342,0.5741744317517252,0.6580783682232957,blue
1343,0.574291395376038,0.6581167088413464,blue
1344,0.574330383250809,0.6581550494593972,blue
1345,0.578697025225155,0.6563913810290621,blue
1346,0.5796717220944286,0.6561996779388083,blue
1347,0.5797107099691996,0.6560463154666053,blue
1348,0.5798276735935124,0.6560079748485546,blue
1349,0.5798666614682834,0.655931293612453,blue
1350,0.5843892549417131,0.6543976688904225,blue
1351,0.5844672306912551,0.6542059658001687,blue
1352,0.584506218566026,0.6540909439460164,blue
1353,0.5847401458146516,0.6534391534391534,blue
1354,0.5850130609380483,0.6533624722030519,blue
1355,0.5857148426839253,0.6532474503488995,blue
1356,0.5857538305586962,0.6531324284947473,blue
1357,0.5875862606729307,0.6503719039950924,blue
1358,0.5876642364224726,0.6504485852311939,blue
1359,0.5878591757963274,0.6505636070853462,blue
1360,0.5893797029123943,0.6506402883214477,blue
1361,0.589574642286249,0.651560463154666,blue
1362,0.5896526180357908,0.6516754850088183,blue
1363,0.5898475574096456,0.6517521662449198,blue
1364,0.5903543997816679,0.650103519668737,blue
1365,0.5904713634059807,0.6500651790506863,blue
1366,0.5905103512807517,0.6499118165784832,blue
1367,0.5905883270302936,0.6498351353423817,blue
1368,0.5910561815275449,0.648493213710605,blue
1369,0.5912121330266287,0.6486849168008588,blue
1370,0.5913290966509416,0.6488382792730618,blue
1371,0.5915240360247963,0.6489149605091633,blue
1372,0.5922648056454443,0.6492600260716203,blue
1373,0.5923037935202152,0.6493367073077217,blue
1374,0.5935903933876564,0.6479564450578943,blue
1375,0.5936293812624274,0.6478797638217928,blue
1376,0.5940192600101368,0.6469979296066252,blue
1377,0.5940972357596788,0.6469595889885744,blue
1378,0.5943311630083045,0.6466145234261176,blue
1379,0.5944091387578463,0.6464995015719653,blue
1380,0.5969043627431869,0.6458093704470516,blue
1381,0.5970213263674997,0.6457710298290008,blue
1382,0.5971772778665835,0.6456176673567977,blue
1383,0.5972552536161254,0.645579326738747,blue
1384,0.5973722172404382,0.645425964266544,blue
1385,0.597528168739522,0.6453876236484931,blue
1386,0.5975671566142929,0.6453492830304424,blue
1387,0.5977231081133767,0.6452342611762901,blue
1388,0.5977620959881477,0.6451575799401886,blue
1389,0.5981129868610862,0.6445824706694271,blue
1390,0.5981519747358571,0.6445441300513763,blue
1391,0.5984248898592538,0.6443907675791734,blue
1392,0.5985808413583376,0.6441990644889195,blue
1393,0.5986588171078795,0.644122383252818,blue
1394,0.5988147686069633,0.6438156583084119,blue
1395,0.6016218955904714,0.6406333870101986,blue
1396,0.6017778470895552,0.6405567057740971,blue
1397,0.6019727864634099,0.6403266620657925,blue
1398,0.6020117743381809,0.6402883214477417,blue
1399,0.6020507622129517,0.6402116402116401,blue
1400,0.6022067137120356,0.6395981903228279,blue
1401,0.6022457015868065,0.6394831684686757,blue
1402,0.6023236773363484,0.6394064872325741,blue
1403,0.6025186167102031,0.6393298059964726,blue
1404,0.6029474833326836,0.6386780154896097,blue
1405,0.6030254590822255,0.6384863123993558,blue
1406,0.6031814105813093,0.6383712905452036,blue
1407,0.6036882529533315,0.6380262249827466,blue
1408,0.6039221802019572,0.6378728625105436,blue
1409,0.6041171195758119,0.6365309408787669,blue
1410,0.6041561074505829,0.6364926002607162,blue
1411,0.6041950953253539,0.6364159190246146,blue
1412,0.6043900346992086,0.6363008971704623,blue
1413,0.6045459861982924,0.6360708534621577,blue
1414,0.6047019376973761,0.6359558316080055,blue
1415,0.6047409255721471,0.6359174909899548,blue
1416,0.6049748528207728,0.6354574035733456,blue
1417,0.6050138406955436,0.6353807223372441,blue
1418,0.6051697921946275,0.635227359865041,blue
1419,0.6052087800693984,0.6351890192469902,blue
1420,0.6056766345666498,0.6350356567747871,blue
1421,0.6059495496900464,0.6349589755386856,blue
1422,0.606222464813443,0.6349206349206349,blue
1423,0.606261452688214,0.6348056130664825,blue
1424,0.6066123435611525,0.6347672724484318,blue
1425,0.6067293071854654,0.634728931830381,blue
1426,0.6067682950602363,0.6346905912123303,blue
1427,0.6068072829350072,0.6346522505942795,blue
1428,0.6070022223088619,0.6345372287401272,blue
1429,0.6073921010565714,0.6341538225596196,blue
1430,0.6074700768061133,0.6339621194693658,blue
1431,0.60774299192951,0.6338854382332643,blue
1432,0.6078989434285937,0.633770416379112,blue
1433,0.6080548949276775,0.6335787132888582,blue
1434,0.6086007251744707,0.6330036040180967,blue
1435,0.6087566766735545,0.6327735603097921,blue
1436,0.6087956645483255,0.6327352196917414,blue
1437,0.6088346524230964,0.6326968790736907,blue
1438,0.6088736402978674,0.632620197837589,blue
1439,0.6091075675464931,0.6324668353653861,blue
1440,0.6092245311708059,0.6323901541292846,blue
1441,0.6093025069203478,0.6322751322751322,blue
1442,0.6094194705446606,0.6319300667126754,blue
1443,0.6098093492923701,0.63166168238632,blue
1444,0.6110179734102694,0.631009891879457,blue
1445,0.6111739249093532,0.6309715512614062,blue
1446,0.611329876408437,0.6307415075531017,blue
1447,0.6114078521579789,0.6305498044628479,blue
1448,0.6114858279075208,0.6304731232267463,blue
1449,0.6117977309056883,0.6298596733379341,blue
1450,0.6119146945300011,0.629552948393528,blue
1451,0.612031658154314,0.6295146077754773,blue
1452,0.6121486217786268,0.6294379265393758,blue
1453,0.6125774884011073,0.6291312015949697,blue
1454,0.6126554641506492,0.6290928609769189,blue
1455,0.6130843307731295,0.6288628172686144,blue
1456,0.6132402822722134,0.628747795414462,blue
1457,0.613474209520839,0.6284794110881067,blue
1458,0.6135131973956099,0.6284410704700559,blue
1459,0.6139030761433194,0.6282877079978528,blue
1460,0.614253967016258,0.6278659611992945,blue
1461,0.6143709306405708,0.6277509393451421,blue
1462,0.6144099185153418,0.6274825550187868,blue
1463,0.6146828336387383,0.6273675331646346,blue
1464,0.6147218215135093,0.6271758300743807,blue
1465,0.6151506881359897,0.6269457863660761,blue
1466,0.6153846153846154,0.6266007208036193,blue
1467,0.6154236032593864,0.6265623801855685,blue
1468,0.6155405668836992,0.6264473583314163,blue
1469,0.6158524698818667,0.6260256115328579,blue
1470,0.6159694335061796,0.6259105896787056,blue
1471,0.61639830012866,0.6254888428801472,blue
1472,0.6164762758782019,0.6253354804079442,blue
1473,0.6165542516277438,0.6249137336093857,blue
1474,0.6166712152520566,0.6246836899010811,blue
1475,0.6170221061249951,0.6246453492830304,blue
1476,0.6172560333736208,0.6245686680469289,blue
1477,0.6173729969979337,0.6244536461927765,blue
1478,0.6174119848727045,0.6244153055747258,blue
1479,0.6174899606222465,0.6243386243386243,blue
1480,0.6175289484970174,0.6243002837205736,blue
1481,0.6176459121213302,0.6241469212483705,blue
1482,0.6182307302428944,0.6238785369220151,blue
1483,0.618581621115833,0.6237251744498121,blue
1484,0.6186206089906039,0.6236484932137105,blue
1485,0.6186985847401458,0.623571811977609,blue
1486,0.6187765604896878,0.6232650870332029,blue
1487,0.6188155483644586,0.6232267464151522,blue
1488,0.6188545362392296,0.6231884057971014,blue
1489,0.6190104877383134,0.6230350433248983,blue
1490,0.619244414986939,0.62261329652634,blue
1491,0.6196342937346485,0.6222298903458323,blue
1492,0.620024172482358,0.621808143547274,blue
1493,0.6201021482318999,0.6217314623111724,blue
1494,0.6202191118562127,0.6216164404570201,blue
1495,0.6204140512300674,0.6211946936584617,blue
1496,0.6204920269796094,0.6210413311862587,blue
1497,0.6210768451011736,0.6205812437696495,blue
1498,0.6216616632227377,0.6203895406793957,blue
1499,0.6217006510975087,0.6203128594432942,blue
1500,0.622207493469531,0.6201978375891419,blue
1501,0.6222854692190729,0.6201594969710911,blue
1502,0.6231042145892628,0.6198144314086342,blue
1503,0.6232211782135756,0.6195460470822789,blue
1504,0.6232991539631175,0.6194693658461774,blue
1505,0.6235720690865141,0.6193926846100759,blue
1506,0.6241958750828492,0.6193160033739743,blue
1507,0.6248586689539554,0.6184725097768575,blue
1508,0.625092596202581,0.6183191473046545,blue
1509,0.6251705719521229,0.6182041254505022,blue
1510,0.6252095598268939,0.6181657848324514,blue
1511,0.625833365823229,0.6179357411241468,blue
1512,0.6260283051970837,0.6177440380338931,blue
1513,0.6261452688213965,0.6174756537075378,blue
1514,0.6262232445709385,0.6173222912353347,blue
1515,0.6264571718195642,0.6170539069089793,blue
1516,0.6266910990681898,0.6169772256728778,blue
1517,0.6268080626925027,0.6169005444367762,blue
1518,0.6269250263168155,0.6165171382562686,blue
1519,0.6269640141915864,0.6163254351660148,blue
1520,0.5399820655776054,0.6598420366536308,green
1521,0.5400210534523763,0.6599187178897323,green
1522,0.5400600413271472,0.6599570585077831,green
1523,0.5403719443253149,0.6602637834521892,green
1524,0.5404499200748567,0.6604938271604938,green
1525,0.5406058715739405,0.6606471896326969,green
1526,0.5409957503216499,0.6608772333410015,green
1527,0.5410737260711919,0.6609155739590522,green
1528,0.5412296775702756,0.660953914577103,green
1529,0.5412686654450466,0.6609922551951537,green
1530,0.5415415805684433,0.6613756613756613,green
1531,0.5417755078170688,0.6616440457020166,green
1532,0.5419704471909236,0.6617974081742197,green
1533,0.5423213380638622,0.6619507706464227,green
1534,0.542360325938633,0.6620657925005751,green
1535,0.5428281804358844,0.6626409017713365,green
1536,0.5431790713088229,0.6631776704240472,green
1537,0.5433740106826777,0.6632543516601487,green
1538,0.5436079379313034,0.6634843953684533,green
1539,0.5437638894303871,0.664021164021164,green
1540,0.5438028773051581,0.6641361858753163,green
1541,0.5440368045537838,0.6642895483475193,green
1542,0.5442707318024095,0.6650563607085346,green
1543,0.5445046590510352,0.6651330419446361,green
1544,0.5446606105501189,0.6651713825626868,green
1545,0.5448165620492027,0.6652097231807376,green
1546,0.5453623922959959,0.6655931293612453,green
1547,0.5456353074193926,0.6656698105973468,green
1548,0.5457522710437054,0.6657464918334483,green
1549,0.5458302467932473,0.6658615136876006,green
1550,0.5461421497914148,0.6662065792500574,green
1551,0.5466489921634372,0.6667433479027681,green
1552,0.546804943662521,0.6668967103749712,green
1553,0.5469219072868338,0.6669733916110727,green
1554,0.5469608951616047,0.6670117322291235,green
1555,0.5473117860345432,0.6674718196457327,green
1556,0.5476626769074818,0.6681236101525956,green
1557,0.5477796405317946,0.6681619507706463,green
1558,0.5478186284065656,0.6682769726247987,green
1559,0.5479745799056494,0.6683153132428494,green
1560,0.5494171312721744,0.6699256192009815,green
1561,0.5500019493937386,0.6704240472356414,green
1562,0.5501189130180514,0.6705007284717429,green
1563,0.5501579008928223,0.670654090943946,green
1564,0.5505087917657608,0.6710374971244536,green
1565,0.5508986705134703,0.6714209033049612,green
1566,0.5510546220125541,0.6719193313396211,green
1567,0.551093609887325,0.6719576719576719,green
1568,0.5512105735116379,0.6720726938118242,green
1569,0.5521462825061406,0.6731462311172456,green
1570,0.5523802097547663,0.6734146154436009,green
1571,0.5524191976295372,0.6734912966797024,green
1572,0.5524581855043081,0.6735296372977532,green
1573,0.5524971733790791,0.6735679779158039,green
1574,0.5525361612538501,0.6736063185338547,green
1575,0.552575149128621,0.6736446591519055,green
1576,0.5526921127529338,0.6739897247143624,green
1577,0.5532379429997271,0.6744114715129207,green
1578,0.5535498459978947,0.6747565370753776,green
1579,0.5538227611212913,0.675178283873936,green
1580,0.5538617489960622,0.6752933057280883,green
1581,0.554056688369917,0.6753699869641898,green
1582,0.5543296034933136,0.6754083275822406,green
1583,0.5543685913680846,0.6754466682002913,green
1584,0.5544075792428554,0.6757533931446974,green
1585,0.5544465671176264,0.675830074380799,green
1586,0.5544855549923974,0.6758684149988498,green
1587,0.5549144216148778,0.6761751399432558,green
1588,0.5557331669850677,0.6770186335403726,green
1589,0.5557721548598386,0.6770569741584234,green
1590,0.5561230457327772,0.6772103366306265,green
1591,0.5567468517291122,0.6774020397208802,green
1592,0.5567858396038832,0.6774787209569818,green
1593,0.5569417911029669,0.677593742811134,green
1594,0.5570587547272798,0.6776704240472355,green
1595,0.5572926819759055,0.6780538302277432,green
1596,0.5574486334749893,0.678092170845794,green
1597,0.5575655970993021,0.6782455333179971,green
1598,0.5580724394713245,0.6786672801165554,green
1599,0.5581504152208663,0.6790890269151139,green
1600,0.5593980272135366,0.6816578483245149,green
1601,0.5595539787126204,0.6807760141093474,green
1602,0.5596319544621623,0.6796257955678245,green
1603,0.5597489180864751,0.6795491143317229,green
1604,0.5600218332098718,0.6834215167548501,green
1605,0.5600998089594136,0.6833064949006977,green
1606,0.5602167725837265,0.683268154282647,green
1607,0.5602557604584975,0.6831914730465455,green
1608,0.5602947483332683,0.6831531324284947,green
1609,0.5608405785800616,0.6795107737136722,green
1610,0.5609575422043744,0.6792807300053676,green
1611,0.5632188389410894,0.6836899010812054,green
1612,0.5637646691878826,0.6844183728241698,green
1613,0.5641155600608211,0.6845717352963729,green
1614,0.5643104994346758,0.6850701633310329,green
1615,0.5647783539319272,0.6860286787823019,green
1616,0.5651292448048657,0.6866037880530633,green
1617,0.572147062263636,0.9653017406640594,green
1618,0.5724979531365745,0.9653400812821102,green
1619,0.5725369410113454,0.9654934437543132,green
1620,0.5726149167608874,0.9656468062265163,green
1621,0.5727318803852002,0.9658001686987193,green
1622,0.5728488440095131,0.9658385093167701,green
1623,0.5732387227572225,0.9667586841499884,green
1624,0.5741354438769543,0.9669120466221914,green
1625,0.5748372256228313,0.9669503872402422,green
1626,0.6050918164450856,0.9841269841269841,green
1627,0.605481695192795,0.9840119622728317,green
1628,0.605520683067566,0.983973621654781,green
1629,0.6057546103161917,0.9839352810367302,green
1630,0.6063784163125268,0.9835135342381719,green
1631,0.6068072829350072,0.983168468675715,green
1632,0.6068462708097782,0.9829384249674104,green
1633,0.6068852586845491,0.9829000843493596,green
1634,0.6070022223088619,0.9823633156966489,green
1635,0.6073141253070296,0.9885361552028218,green
1636,0.6073531131818005,0.9885744958208725,green
1637,0.6075480525556552,0.9887661989111264,green
1638,0.6081328706772194,0.9893029675638371,green
1639,0.6081718585519903,0.9896480331262939,green
1640,0.6082108464267613,0.9898397362165477,green
1641,0.6087176887987836,0.9881144084042633,green
1642,0.6087956645483255,0.9879227053140096,green
1643,0.6088346524230964,0.9878843646959589,green
1644,0.6088736402978674,0.9878460240779081,green
1645,0.6089906039221802,0.9877310022237558,green
1646,0.6090295917969512,0.9875392991335019,green
1647,0.611329876408437,0.9865424430641822,green
1648,0.6114078521579789,0.9864274212100298,green
1649,0.6116027915318336,0.9861973775017252,green
1650,0.612070646029085,0.9858523119392684,green
1651,0.6121486217786268,0.9857372900851161,green
1652,0.6124605247767945,0.9851621808143547,green
1653,0.6124995126515653,0.9851238401963038,green
1654,0.6125385005263363,0.9850471589602023,green
1655,0.612772427774962,0.9847404340157963,green
1656,0.6128893913992748,0.9847020933977455,green
1657,0.6141370033919451,0.9901848017790046,green
1658,0.614214979141487,0.9902231423970553,green
1659,0.6143709306405708,0.9902614830151061,green
1660,0.6144489063901127,0.9903381642512077,green
1661,0.6144878942648836,0.9904148454873092,green
1662,0.6146438457639675,0.9905298673414614,green
1663,0.614955748762135,0.9905682079595123,green
1664,0.6151506881359897,0.991411701556629,green
1665,0.6152676517603025,0.9915267234107813,green
1666,0.6158914577566377,0.9921785139176442,green
1667,0.6159304456314086,0.9922168545356951,green
1668,0.6159694335061796,0.9922551951537458,green
1669,0.6164762758782019,0.9923318763898473,green
1670,0.6170221061249951,0.9927536231884058,green
1671,0.6173340091231627,0.9929453262786595,green
1672,0.6173729969979337,0.9929836668967102,green
1673,0.6178798393699559,0.9932520512230656,green
1674,0.6179968029942688,0.9932903918411164,green
1675,0.6180357908690397,0.9934054136952687,green
1676,0.6183476938672073,0.9936354574035733,green
1677,0.6183866817419783,0.993673798021624,green
1678,0.6184256696167492,0.9937504792577255,green
1679,0.6186206089906039,0.9940572042021316,green
1680,0.6188545362392296,0.9942105666743347,green
1681,0.6190884634878553,0.9945556322367916,green
1682,0.6191274513626263,0.9945939728548423,green
1683,0.6201411361066709,0.9997699562916953,green
1684,0.6202580997309837,0.9995782532014416,green
1685,0.6204920269796094,0.9993865501111877,green
1686,0.6211158329759445,0.9992331876389846,green
1687,0.621466723848883,0.9991565064028831,green
1688,0.6220905298452182,0.9989264626945785,green
1689,0.6227143358415533,0.9985430565140709,green
1690,0.6231042145892628,0.9983896940418678,green
1691,0.6232601660883466,0.9982363315696648,green
1692,0.6239229599594526,0.9975078598267003,green
1693,0.6245467659557877,0.997086113028142,green
1694,0.6246637295801006,0.9970477724100911,green
1695,0.6248586689539554,0.9970094317920404,green
1696,0.625092596202581,0.9967793880837358,green
1697,0.6252485477016648,0.996741047465685,green
1698,0.6255214628250614,0.9963193006671267,green
1699,0.6257553900736871,0.9962426194310251,green
1700,0.6263791960700222,0.9961275975768729,green
1701,0.6267300869429607,0.9958975538685683,green
1702,0.6269250263168155,0.9956291695422129,green
1703,0.6269640141915864,0.9955908289241622,green
1704,0.6270030020663574,0.9955524883061114,green
1705,0.6271979414402121,0.9948240165631469,green
