tc180s3g00001,,
tc180s3g00002,,
tc180s3g00003,,
tc180s3g00004,,
tc180s3g00005,,hli2s13g00417
tc180s3g00006,hli2s12g00507,hli2s13g00418
tc180s3g00007,hli2s12g00508,hli2s13g00420
tc180s3g00008,.,.
tc180s3g00009,hli2s12g00510,.
tc180s3g00010,hli2s12g00511,.
tc180s3g00011,.,.
tc180s3g00012,hli2s12g00512,hli2s13g00422
tc180s3g00013,hli2s12g00513,.
tc180s3g00014,.,.
tc180s3g00015,.,hli2s13g00423
tc180s3g00016,.,hli2s13g00424
tc180s3g00017,hli2s12g00514,hli2s13g00425
tc180s3g00018,.,hli2s13g00426
tc180s3g00019,hli2s12g00516,.
tc180s3g00020,.,.
tc180s3g00021,.,.
tc180s3g00022,.,.
tc180s3g00023,.,.
tc180s3g00024,hli2s12g00518,.
tc180s3g00025,.,.
tc180s3g00026,hli2s12g00521,hli2s13g00429
tc180s3g00027,.,.
tc180s3g00028,.,.
tc180s3g00029,.,hli2s13g00431
tc180s3g00030,hli2s12g00522,hli2s13g00434
tc180s3g00031,.,.
tc180s3g00032,.,hli2s13g00435
tc180s3g00033,hli2s12g00523,.
tc180s3g00034,hli2s12g00524,hli2s13g00436
tc180s3g00035,hli2s12g00525,hli2s13g00437
tc180s3g00036,hli2s12g00526,hli2s13g00438
tc180s3g00037,.,.
tc180s3g00038,hli2s12g00527,.
tc180s3g00039,.,hli2s13g00440
tc180s3g00040,.,.
tc180s3g00041,.,hli2s13g00441
tc180s3g00042,hli2s12g00528,.
tc180s3g00043,.,hli2s13g00442
tc180s3g00044,hli2s12g00531,.
tc180s3g00045,.,hli2s13g00443
tc180s3g00046,.,.
tc180s3g00047,hli2s12g00534,.
tc180s3g00048,hli2s12g00535,.
tc180s3g00049,.,.
tc180s3g00050,.,hli2s13g00444
tc180s3g00051,hli2s12g00536,hli2s13g00445
tc180s3g00052,.,.
tc180s3g00053,.,.
tc180s3g00054,.,.
tc180s3g00055,hli2s12g00540,.
tc180s3g00056,hli2s12g00541,.
tc180s3g00057,hli2s12g00542,hli2s13g00447
tc180s3g00058,.,.
tc180s3g00059,.,.
tc180s3g00060,.,.
tc180s3g00061,.,.
tc180s3g00062,hli2s12g00546,hli2s13g00448
tc180s3g00063,.,hli2s13g00451
tc180s3g00064,hli2s12g00549,hli2s13g00454
tc180s3g00065,.,.
tc180s3g00066,hli2s12g00550,.
tc180s3g00067,hli2s12g00553,hli2s13g00455
tc180s3g00068,.,hli2s13g00456
tc180s3g00069,.,hli2s13g00457
tc180s3g00070,hli2s12g00556,.
tc180s3g00071,.,hli2s13g00459
tc180s3g00072,.,.
tc180s3g00073,.,hli2s13g00462
tc180s3g00074,hli2s12g00561,.
tc180s3g00075,hli2s12g00562,.
tc180s3g00076,.,.
tc180s3g00077,.,.
tc180s3g00078,.,.
tc180s3g00079,.,.
tc180s3g00080,.,.
tc180s3g00081,hli2s12g00564,hli2s13g00463
tc180s3g00082,hli2s12g00565,hli2s13g00464
tc180s3g00083,.,.
tc180s3g00084,hli2s12g00566,hli2s13g00466
tc180s3g00085,.,hli2s13g00467
tc180s3g00086,.,hli2s13g00468
tc180s3g00087,hli2s12g00568,.
tc180s3g00088,hli2s12g00569,.
tc180s3g00089,.,.
tc180s3g00090,hli2s12g00574,.
tc180s3g00091,.,hli2s13g00471
tc180s3g00092,hli2s12g00576,.
tc180s3g00093,hli2s12g00577,hli2s13g00474
tc180s3g00094,.,.
tc180s3g00095,hli2s12g00578,.
tc180s3g00096,hli2s12g00579,hli2s13g00475
tc180s3g00097,hli2s12g00580,.
tc180s3g00098,hli2s12g00581,.
tc180s3g00099,.,hli2s13g00477
tc180s3g00100,.,.
tc180s3g00101,hli2s12g00582,hli2s13g00481
tc180s3g00102,hli2s12g00584,hli2s13g00482
tc180s3g00103,.,.
tc180s3g00104,.,hli2s13g00484
tc180s3g00105,.,.
tc180s3g00106,hli2s12g00585,.
tc180s3g00107,.,hli2s13g00488
tc180s3g00108,hli2s12g00589,.
tc180s3g00109,hli2s12g00592,.
tc180s3g00110,.,.
tc180s3g00111,.,.
tc180s3g00112,.,.
tc180s3g00113,.,.
tc180s3g00114,.,.
tc180s3g00115,hli2s12g00593,.
tc180s3g00116,hli2s12g00594,.
tc180s3g00117,hli2s12g00595,hli2s13g00491
tc180s3g00118,hli2s12g00609,hli2s13g00492
tc180s3g00119,.,hli2s13g00493
tc180s3g00120,.,hli2s13g00494
tc180s3g00121,hli2s12g00608,.
tc180s3g00122,hli2s12g00607,.
tc180s3g00123,hli2s12g00606,hli2s13g00495
tc180s3g00124,.,.
tc180s3g00125,hli2s12g00020,.
tc180s3g00126,hli2s12g00021,hli2s13g00001
tc180s3g00127,hli2s12g00022,.
tc180s3g00128,.,.
tc180s3g00129,hli2s12g00023,.
tc180s3g00130,.,hli2s13g00502
tc180s3g00131,hli2s12g00024,.
tc180s3g00132,.,.
tc180s3g00133,hli2s12g00025,.
tc180s3g00134,.,.
tc180s3g00135,.,.
tc180s3g00136,.,.
tc180s3g00137,.,.
tc180s3g00138,.,.
tc180s3g00139,.,.
tc180s3g00140,.,.
tc180s3g00141,.,.
tc180s3g00142,hli2s12g00598,.
tc180s3g00143,.,.
tc180s3g00144,.,.
tc180s3g00145,hli2s12g00599,.
tc180s3g00146,hli2s12g00601,.
tc180s3g00147,.,.
tc180s3g00148,hli2s12g00602,hli2s13g00504
tc180s3g00149,hli2s12g00604,.
tc180s3g00150,hli2s12g00605,.
tc180s3g00151,.,.
tc180s3g00152,.,.
tc180s3g00153,hli2s12g00027,.
tc180s3g00154,hli2s12g00028,.
tc180s3g00155,hli2s12g00029,.
tc180s3g00156,.,.
tc180s3g00157,hli2s12g00030,.
tc180s3g00158,hli2s12g00031,.
tc180s3g00159,.,.
tc180s3g00160,.,hli2s13g00003
tc180s3g00161,.,.
tc180s3g00162,hli2s12g00032,hli2s13g00004
tc180s3g00163,.,.
tc180s3g00164,hli2s12g00033,hli2s13g00005
tc180s3g00165,.,hli2s13g00006
tc180s3g00166,.,
tc180s3g00167,hli2s12g00035,
tc180s3g00168,,
tc180s3g00169,hli2s12g00767,hli2s13g00713
tc180s3g00170,hli2s12g00768,.
tc180s3g00171,.,hli2s13g00711
tc180s3g00172,.,.
tc180s3g00173,.,hli2s13g00708
tc180s3g00174,.,hli2s13g00704
tc180s3g00175,hli2s12g00772,.
tc180s3g00176,.,hli2s13g00701
tc180s3g00177,hli2s12g00773,.
tc180s3g00178,hli2s12g00774,.
tc180s3g00179,hli2s12g00775,.
tc180s3g00180,hli2s12g00777,.
tc180s3g00181,.,.
tc180s3g00182,.,.
tc180s3g00183,.,.
tc180s3g00184,.,.
tc180s3g00185,.,.
tc180s3g00186,hli2s12g00781,.
tc180s3g00187,hli2s12g00783,.
tc180s3g00188,.,hli2s13g00700
tc180s3g00189,.,.
tc180s3g00190,.,hli2s13g00698
tc180s3g00191,.,.
tc180s3g00192,.,.
tc180s3g00193,.,.
tc180s3g00194,hli2s12g00785,hli2s13g00696
tc180s3g00195,.,hli2s13g00695
tc180s3g00196,.,.
tc180s3g00197,.,.
tc180s3g00198,.,.
tc180s3g00199,hli2s12g00787,.
tc180s3g00200,,.
tc180s3g00201,,.
tc180s3g00202,,hli2s13g00694
tc180s3g00203,,.
tc180s3g00204,hli2s12g00719,.
tc180s3g00205,.,.
tc180s3g00206,.,hli2s13g00692
tc180s3g00207,hli2s12g00718,hli2s13g00691
tc180s3g00208,hli2s12g00717,.
tc180s3g00209,.,.
tc180s3g00210,.,.
tc180s3g00211,.,hli2s13g00689
tc180s3g00212,.,hli2s13g00688
tc180s3g00213,.,.
tc180s3g00214,.,.
tc180s3g00215,hli2s12g00716,.
tc180s3g00216,.,.
tc180s3g00217,hli2s12g00715,hli2s13g00680
tc180s3g00218,hli2s12g00714,.
tc180s3g00219,.,.
tc180s3g00220,hli2s12g00712,hli2s13g00675
tc180s3g00221,hli2s12g00710,hli2s13g00673
tc180s3g00222,.,hli2s13g00656
tc180s3g00223,hli2s12g00709,.
tc180s3g00224,hli2s12g00708,.
tc180s3g00225,.,hli2s13g00657
tc180s3g00226,.,.
tc180s3g00227,.,.
tc180s3g00228,hli2s12g00707,hli2s13g00660
tc180s3g00229,.,.
tc180s3g00230,hli2s12g00705,hli2s13g00661
tc180s3g00231,hli2s12g00704,.
tc180s3g00232,hli2s12g00703,.
tc180s3g00233,hli2s12g00700,hli2s13g00662
tc180s3g00234,.,hli2s13g00663
tc180s3g00235,hli2s12g00699,.
tc180s3g00236,hli2s12g00698,.
tc180s3g00237,.,.
tc180s3g00238,hli2s12g00697,.
tc180s3g00239,.,.
tc180s3g00240,.,.
tc180s3g00241,.,.
tc180s3g00242,.,.
tc180s3g00243,hli2s12g00695,.
tc180s3g00244,hli2s12g00691,.
tc180s3g00245,.,.
tc180s3g00246,.,.
tc180s3g00247,hli2s12g00692,.
tc180s3g00248,.,.
tc180s3g00249,.,.
tc180s3g00250,.,.
tc180s3g00251,.,hli2s13g00638
tc180s3g00252,.,.
tc180s3g00253,.,hli2s13g00639
tc180s3g00254,.,.
tc180s3g00255,.,hli2s13g00641
tc180s3g00256,.,hli2s13g00642
tc180s3g00257,.,.
tc180s3g00258,.,.
tc180s3g00259,.,.
tc180s3g00260,.,.
tc180s3g00261,.,hli2s13g00644
tc180s3g00262,.,hli2s13g00645
tc180s3g00263,.,.
tc180s3g00264,.,.
tc180s3g00265,hli2s12g00692,hli2s13g00646
tc180s3g00266,.,hli2s13g00647
tc180s3g00267,.,.
tc180s3g00268,.,hli2s13g00648
tc180s3g00269,hli2s12g00721,hli2s13g00651
tc180s3g00270,.,hli2s13g00653
tc180s3g00271,.,hli2s13g00654
tc180s3g00272,.,hli2s13g00655
tc180s3g00273,.,.
tc180s3g00274,hli2s12g00723,.
tc180s3g00275,.,.
tc180s3g00276,hli2s12g00724,.
tc180s3g00277,.,hli2s13g00668
tc180s3g00278,.,.
tc180s3g00279,.,.
tc180s3g00280,.,.
tc180s3g00281,.,.
tc180s3g00282,.,.
tc180s3g00283,hli2s12g00689,.
tc180s3g00284,.,.
tc180s3g00285,.,hli2s13g00650
tc180s3g00286,.,.
tc180s3g00287,.,.
tc180s3g00288,.,.
tc180s3g00289,hli2s12g00687,.
tc180s3g00290,.,.
tc180s3g00291,hli2s12g00686,.
tc180s3g00292,hli2s12g00685,.
tc180s3g00293,.,.
tc180s3g00294,.,.
tc180s3g00295,.,.
tc180s3g00296,.,.
tc180s3g00297,.,hli2s13g00635
tc180s3g00298,.,hli2s13g00634
tc180s3g00299,.,.
tc180s3g00300,.,hli2s13g00629
tc180s3g00301,.,hli2s13g00627
tc180s3g00302,.,.
tc180s3g00303,.,.
tc180s3g00304,hli2s12g00684,hli2s13g00626
tc180s3g00305,.,
tc180s3g00306,.,
tc180s3g00307,.,
tc180s3g00308,.,
tc180s3g00309,.,
tc180s3g00310,.,
tc180s3g00311,.,
tc180s3g00312,hli2s12g00675,
tc180s3g00313,.,
tc180s3g00314,.,
tc180s3g00315,.,hli2s13g00541
tc180s3g00316,.,.
tc180s3g00317,.,hli2s13g00544
tc180s3g00318,hli2s12g00674,hli2s13g00546
tc180s3g00319,.,hli2s13g00548
tc180s3g00320,.,.
tc180s3g00321,.,hli2s13g00551
tc180s3g00322,.,hli2s13g00552
tc180s3g00323,.,hli2s13g00556
tc180s3g00324,.,hli2s13g00557
tc180s3g00325,.,hli2s13g00558
tc180s3g00326,.,.
tc180s3g00327,.,.
tc180s3g00328,.,hli2s13g00565
tc180s3g00329,hli2s12g00644,hli2s13g00566
tc180s3g00330,hli2s12g00655,.
tc180s3g00331,.,.
tc180s3g00332,.,.
tc180s3g00333,hli2s12g00652,.
tc180s3g00334,hli2s12g00651,hli2s13g00567
tc180s3g00335,.,.
tc180s3g00336,.,.
tc180s3g00337,.,hli2s13g00580
tc180s3g00338,hli2s12g00649,.
tc180s3g00339,.,hli2s13g00579
tc180s3g00340,hli2s12g00650,.
tc180s3g00341,.,hli2s13g00578
tc180s3g00342,.,.
tc180s3g00343,.,.
tc180s3g00344,.,.
tc180s3g00345,.,.
tc180s3g00346,.,.
tc180s3g00347,.,.
tc180s3g00348,.,.
tc180s3g00349,.,.
tc180s3g00350,.,.
tc180s3g00351,.,hli2s13g00576
tc180s3g00352,.,hli2s13g00575
tc180s3g00353,.,hli2s13g00574
tc180s3g00354,.,hli2s13g00573
tc180s3g00355,.,hli2s13g00584
tc180s3g00356,.,hli2s13g00589
tc180s3g00357,.,hli2s13g00591
tc180s3g00358,.,hli2s13g00592
tc180s3g00359,.,hli2s13g00595
tc180s3g00360,.,.
tc180s3g00361,hli2s12g00647,.
tc180s3g00362,.,.
tc180s3g00363,hli2s12g00657,.
tc180s3g00364,hli2s12g00660,hli2s13g00598
tc180s3g00365,.,.
tc180s3g00366,.,.
tc180s3g00367,.,hli2s13g00599
tc180s3g00368,hli2s12g00662,.
tc180s3g00369,.,.
tc180s3g00370,.,hli2s13g00602
tc180s3g00371,hli2s12g00664,hli2s13g00603
tc180s3g00372,hli2s12g00665,hli2s13g00604
tc180s3g00373,.,hli2s13g00605
tc180s3g00374,.,.
tc180s3g00375,.,hli2s13g00607
tc180s3g00376,hli2s12g00666,.
tc180s3g00377,hli2s12g00667,.
tc180s3g00378,.,hli2s13g00610
tc180s3g00379,.,hli2s13g00612
tc180s3g00380,.,.
tc180s3g00381,hli2s12g00669,.
tc180s3g00382,.,.
tc180s3g00383,.,.
tc180s3g00384,hli2s12g00670,.
tc180s3g00385,,hli2s13g00615
tc180s3g00386,,.
tc180s3g00387,,hli2s13g00616
tc180s3g00388,,.
tc180s3g00389,,hli2s13g00618
tc180s3g00390,,.
tc180s3g00391,,hli2s13g00619
tc180s3g00392,,.
tc180s3g00393,,.
tc180s3g00394,,hli2s13g00620
tc180s3g00395,,.
tc180s3g00396,,hli2s13g00625
tc180s3g00397,,
tc180s3g00398,,
tc180s3g00399,,
tc180s3g00400,,
tc180s3g00401,,
tc180s3g00402,,
tc180s3g00403,,
tc180s3g00404,,
tc180s3g00405,,
tc180s3g00406,hli2s12g00621,hli2s13g00500
tc180s3g00407,hli2s12g00622,hli2s13g00503
tc180s3g00408,.,.
tc180s3g00409,hli2s12g00625,.
tc180s3g00410,hli2s12g00626,.
tc180s3g00411,.,.
tc180s3g00412,.,.
tc180s3g00413,.,.
tc180s3g00414,.,hli2s13g00506
tc180s3g00415,.,hli2s13g00516
tc180s3g00416,.,.
tc180s3g00417,hli2s12g00634,.
tc180s3g00418,hli2s12g00640,hli2s13g00527
tc180s3g00419,,.
tc180s3g00420,,hli2s13g00529
tc180s3g00421,,.
tc180s3g00422,hli2s12g00499,hli2s13g00542
tc180s3g00423,.,
tc180s3g00424,.,
tc180s3g00425,.,
tc180s3g00426,.,
tc180s3g00427,.,
tc180s3g00428,.,
tc180s3g00429,.,
tc180s3g00430,.,
tc180s3g00431,.,
tc180s3g00432,.,
tc180s3g00433,.,
tc180s3g00434,.,
tc180s3g00435,hli2s12g00497,hli2s13g00415
tc180s3g00436,hli2s12g00496,hli2s13g00414
tc180s3g00437,.,hli2s13g00413
tc180s3g00438,.,.
tc180s3g00439,hli2s12g00495,hli2s13g00412
tc180s3g00440,.,.
tc180s3g00441,.,.
tc180s3g00442,.,.
tc180s3g00443,hli2s12g00493,.
tc180s3g00444,hli2s12g00492,hli2s13g00410
tc180s3g00445,.,hli2s13g00408
tc180s3g00446,.,.
tc180s3g00447,.,.
tc180s3g00448,.,.
tc180s3g00449,hli2s12g00491,hli2s13g00407
tc180s3g00450,.,.
tc180s3g00451,hli2s12g00490,hli2s13g00405
tc180s3g00452,.,.
tc180s3g00453,.,.
tc180s3g00454,hli2s12g00487,hli2s13g00404
tc180s3g00455,.,.
tc180s3g00456,hli2s12g00484,.
tc180s3g00457,.,.
tc180s3g00458,.,hli2s13g00402
tc180s3g00459,hli2s12g00482,hli2s13g00399
tc180s3g00460,.,hli2s13g00398
tc180s3g00461,hli2s12g00481,hli2s13g00397
tc180s3g00462,hli2s12g00480,.
tc180s3g00463,hli2s12g00478,hli2s13g00395
tc180s3g00464,hli2s12g00477,.
tc180s3g00465,hli2s12g00476,hli2s13g00394
tc180s3g00466,.,.
tc180s3g00467,.,.
tc180s3g00468,hli2s12g00475,hli2s13g00393
tc180s3g00469,.,.
tc180s3g00470,.,hli2s13g00390
tc180s3g00471,hli2s12g00471,hli2s13g00389
tc180s3g00472,hli2s12g00470,.
tc180s3g00473,hli2s12g00469,hli2s13g00388
tc180s3g00474,.,hli2s13g00387
tc180s3g00475,.,hli2s13g00386
tc180s3g00476,.,.
tc180s3g00477,.,.
tc180s3g00478,hli2s12g00468,.
tc180s3g00479,hli2s12g00467,.
tc180s3g00480,.,hli2s13g00385
tc180s3g00481,.,.
tc180s3g00482,.,.
tc180s3g00483,.,.
tc180s3g00484,.,.
tc180s3g00485,.,.
tc180s3g00486,hli2s12g00465,.
tc180s3g00487,hli2s12g00464,hli2s13g00380
tc180s3g00488,.,.
tc180s3g00489,.,hli2s13g00379
tc180s3g00490,hli2s12g00462,.
tc180s3g00491,.,.
tc180s3g00492,hli2s12g00460,hli2s13g00377
tc180s3g00493,.,.
tc180s3g00494,hli2s12g00459,hli2s13g00375
tc180s3g00495,.,.
tc180s3g00496,.,.
tc180s3g00497,.,.
tc180s3g00498,.,.
tc180s3g00499,.,hli2s13g00372
tc180s3g00500,.,.
tc180s3g00501,hli2s12g00453,hli2s13g00371
tc180s3g00502,hli2s12g00452,hli2s13g00370
tc180s3g00503,.,.
tc180s3g00504,.,.
tc180s3g00505,.,.
tc180s3g00506,.,.
tc180s3g00507,.,.
tc180s3g00508,.,.
tc180s3g00509,.,.
tc180s3g00510,.,.
tc180s3g00511,.,.
tc180s3g00512,.,.
tc180s3g00513,.,.
tc180s3g00514,.,.
tc180s3g00515,.,.
tc180s3g00516,.,.
tc180s3g00517,.,.
tc180s3g00518,.,hli2s13g00536
tc180s3g00519,.,hli2s13g00535
tc180s3g00520,.,hli2s13g00533
tc180s3g00521,.,.
tc180s3g00522,.,.
tc180s3g00523,.,.
tc180s3g00524,.,.
tc180s3g00525,.,.
tc180s3g00526,.,hli2s13g00531
tc180s3g00527,.,.
tc180s3g00528,.,.
tc180s3g00529,.,.
tc180s3g00530,.,hli2s13g00524
tc180s3g00531,.,.
tc180s3g00532,.,.
tc180s3g00533,.,.
tc180s3g00534,hli2s12g00450,hli2s13g00368
tc180s3g00535,hli2s12g00448,hli2s13g00367
tc180s3g00536,.,hli2s13g00365
tc180s3g00537,hli2s12g00445,hli2s13g00364
tc180s3g00538,.,.
tc180s3g00539,.,.
tc180s3g00540,hli2s12g00443,hli2s13g00363
tc180s3g00541,.,hli2s13g00361
tc180s3g00542,hli2s12g00441,.
tc180s3g00543,hli2s12g00440,.
tc180s3g00544,.,hli2s13g00360
tc180s3g00545,hli2s12g00439,.
tc180s3g00546,.,.
tc180s3g00547,hli2s12g00434,hli2s13g00357
tc180s3g00548,.,.
tc180s3g00549,hli2s12g00433,hli2s13g00354
tc180s3g00550,.,.
tc180s3g00551,hli2s12g00432,.
tc180s3g00552,.,.
tc180s3g00553,hli2s12g00431,hli2s13g00352
tc180s3g00554,hli2s12g00430,hli2s13g00351
tc180s3g00555,.,.
tc180s3g00556,.,.
tc180s3g00557,.,.
tc180s3g00558,.,.
tc180s3g00559,hli2s12g00426,hli2s13g00350
tc180s3g00560,.,.
tc180s3g00561,.,.
tc180s3g00562,.,.
tc180s3g00563,hli2s12g00424,hli2s13g00348
tc180s3g00564,.,.
tc180s3g00565,.,hli2s13g00347
tc180s3g00566,.,hli2s13g00346
tc180s3g00567,hli2s12g00422,hli2s13g00344
tc180s3g00568,hli2s12g00421,hli2s13g00341
tc180s3g00569,.,.
tc180s3g00570,hli2s12g00420,hli2s13g00340
tc180s3g00571,.,hli2s13g00337
tc180s3g00572,.,.
tc180s3g00573,.,.
tc180s3g00574,hli2s12g00417,hli2s13g00335
tc180s3g00575,.,hli2s13g00334
tc180s3g00576,.,.
tc180s3g00577,hli2s12g00416,hli2s13g00333
tc180s3g00578,.,.
tc180s3g00579,.,.
tc180s3g00580,.,hli2s13g00330
tc180s3g00581,hli2s12g00413,hli2s13g00328
tc180s3g00582,hli2s12g00412,hli2s13g00327
tc180s3g00583,.,.
tc180s3g00584,hli2s12g00411,.
tc180s3g00585,hli2s12g00410,hli2s13g00325
tc180s3g00586,hli2s12g00409,.
tc180s3g00587,hli2s12g00407,hli2s13g00322
tc180s3g00588,.,.
tc180s3g00589,hli2s12g00406,hli2s13g00320
tc180s3g00590,.,.
tc180s3g00591,hli2s12g00402,.
tc180s3g00592,hli2s12g00400,.
tc180s3g00593,hli2s12g00399,.
tc180s3g00594,hli2s12g00398,.
tc180s3g00595,hli2s12g00397,hli2s13g00318
tc180s3g00596,.,.
tc180s3g00597,hli2s12g00396,.
tc180s3g00598,.,.
tc180s3g00599,.,.
tc180s3g00600,.,hli2s13g00317
tc180s3g00601,.,hli2s13g00316
tc180s3g00602,.,.
tc180s3g00603,.,.
tc180s3g00604,.,.
tc180s3g00605,hli2s12g00394,.
tc180s3g00606,hli2s12g00392,hli2s13g00313
tc180s3g00607,.,.
tc180s3g00608,hli2s12g00388,hli2s13g00312
tc180s3g00609,hli2s12g00387,hli2s13g00311
tc180s3g00610,hli2s12g00386,.
tc180s3g00611,hli2s12g00385,hli2s13g00310
tc180s3g00612,.,hli2s13g00309
tc180s3g00613,.,.
tc180s3g00614,hli2s12g00384,hli2s13g00308
tc180s3g00615,hli2s12g00383,.
tc180s3g00616,hli2s12g00382,hli2s13g00307
tc180s3g00617,hli2s12g00376,hli2s13g00302
tc180s3g00618,.,hli2s13g00301
tc180s3g00619,.,hli2s13g00300
tc180s3g00620,hli2s12g00375,hli2s13g00299
tc180s3g00621,hli2s12g00374,.
tc180s3g00622,hli2s12g00373,.
tc180s3g00623,hli2s12g00372,.
tc180s3g00624,hli2s12g00371,hli2s13g00298
tc180s3g00625,hli2s12g00370,.
tc180s3g00626,.,hli2s13g00297
tc180s3g00627,hli2s12g00369,hli2s13g00296
tc180s3g00628,hli2s12g00368,hli2s13g00295
tc180s3g00629,hli2s12g00367,.
tc180s3g00630,hli2s12g00366,.
tc180s3g00631,hli2s12g00365,hli2s13g00294
tc180s3g00632,.,hli2s13g00293
tc180s3g00633,hli2s12g00364,.
tc180s3g00634,.,.
tc180s3g00635,.,hli2s13g00292
tc180s3g00636,hli2s12g00363,hli2s13g00290
tc180s3g00637,hli2s12g00362,.
tc180s3g00638,hli2s12g00361,hli2s13g00288
tc180s3g00639,hli2s12g00359,.
tc180s3g00640,hli2s12g00356,.
tc180s3g00641,.,hli2s13g00287
tc180s3g00642,.,.
tc180s3g00643,hli2s12g00354,.
tc180s3g00644,.,.
tc180s3g00645,hli2s12g00351,.
tc180s3g00646,hli2s12g00350,hli2s13g00286
tc180s3g00647,hli2s12g00348,.
tc180s3g00648,.,hli2s13g00285
tc180s3g00649,.,hli2s13g00283
tc180s3g00650,hli2s12g00347,hli2s13g00282
tc180s3g00651,.,.
tc180s3g00652,.,.
tc180s3g00653,hli2s12g00344,.
tc180s3g00654,hli2s12g00343,.
tc180s3g00655,hli2s12g00342,.
tc180s3g00656,hli2s12g00341,hli2s13g00276
tc180s3g00657,hli2s12g00340,.
tc180s3g00658,.,hli2s13g00275
tc180s3g00659,hli2s12g00337,hli2s13g00274
tc180s3g00660,hli2s12g00336,hli2s13g00273
tc180s3g00661,.,.
tc180s3g00662,.,hli2s13g00272
tc180s3g00663,hli2s12g00334,.
tc180s3g00664,hli2s12g00333,hli2s13g00271
tc180s3g00665,hli2s12g00332,hli2s13g00270
tc180s3g00666,hli2s12g00331,.
tc180s3g00667,.,.
tc180s3g00668,.,hli2s13g00267
tc180s3g00669,hli2s12g00330,hli2s13g00266
tc180s3g00670,.,.
tc180s3g00671,hli2s12g00329,.
tc180s3g00672,hli2s12g00328,hli2s13g00263
tc180s3g00673,hli2s12g00327,.
tc180s3g00674,hli2s12g00326,hli2s13g00262
tc180s3g00675,hli2s12g00325,.
tc180s3g00676,hli2s12g00324,hli2s13g00260
tc180s3g00677,hli2s12g00323,.
tc180s3g00678,.,.
tc180s3g00679,hli2s12g00321,hli2s13g00259
tc180s3g00680,hli2s12g00320,hli2s13g00258
tc180s3g00681,hli2s12g00319,hli2s13g00257
tc180s3g00682,hli2s12g00318,.
tc180s3g00683,hli2s12g00317,hli2s13g00256
tc180s3g00684,hli2s12g00316,hli2s13g00255
tc180s3g00685,hli2s12g00315,hli2s13g00254
tc180s3g00686,.,.
tc180s3g00687,hli2s12g00314,hli2s13g00253
tc180s3g00688,hli2s12g00313,.
tc180s3g00689,hli2s12g00309,.
tc180s3g00690,hli2s12g00308,hli2s13g00252
tc180s3g00691,hli2s12g00306,.
tc180s3g00692,hli2s12g00305,.
tc180s3g00693,.,.
tc180s3g00694,.,.
tc180s3g00695,hli2s12g00303,hli2s13g00251
tc180s3g00696,.,hli2s13g00250
tc180s3g00697,.,.
tc180s3g00698,hli2s12g00302,hli2s13g00248
tc180s3g00699,.,hli2s13g00247
tc180s3g00700,hli2s12g00301,hli2s13g00246
tc180s3g00701,hli2s12g00300,hli2s13g00245
tc180s3g00702,.,hli2s13g00244
tc180s3g00703,.,.
tc180s3g00704,hli2s12g00299,.
tc180s3g00705,.,.
tc180s3g00706,.,.
tc180s3g00707,hli2s12g00298,.
tc180s3g00708,.,.
tc180s3g00709,.,.
tc180s3g00710,hli2s12g00297,.
tc180s3g00711,hli2s12g00296,hli2s13g00243
tc180s3g00712,hli2s12g00294,.
tc180s3g00713,hli2s12g00289,.
tc180s3g00714,.,hli2s13g00242
tc180s3g00715,.,hli2s13g00241
tc180s3g00716,.,.
tc180s3g00717,.,.
tc180s3g00718,.,hli2s13g00240
tc180s3g00719,hli2s12g00285,hli2s13g00239
tc180s3g00720,.,hli2s13g00238
tc180s3g00721,hli2s12g00284,hli2s13g00236
tc180s3g00722,.,hli2s13g00235
tc180s3g00723,.,hli2s13g00233
tc180s3g00724,.,hli2s13g00232
tc180s3g00725,.,.
tc180s3g00726,hli2s12g00283,.
tc180s3g00727,hli2s12g00282,hli2s13g00229
tc180s3g00728,.,hli2s13g00228
tc180s3g00729,.,.
tc180s3g00730,hli2s12g00281,hli2s13g00227
tc180s3g00731,hli2s12g00280,.
tc180s3g00732,hli2s12g00279,.
tc180s3g00733,.,.
tc180s3g00734,.,.
tc180s3g00735,.,.
tc180s3g00736,.,.
tc180s3g00737,.,.
tc180s3g00738,.,hli2s13g00226
tc180s3g00739,hli2s12g00278,hli2s13g00225
tc180s3g00740,hli2s12g00277,hli2s13g00224
tc180s3g00741,.,.
tc180s3g00742,.,hli2s13g00223
tc180s3g00743,hli2s12g00276,hli2s13g00222
tc180s3g00744,.,hli2s13g00221
tc180s3g00745,hli2s12g00275,hli2s13g00218
tc180s3g00746,hli2s12g00274,hli2s13g00217
tc180s3g00747,.,.
tc180s3g00748,.,hli2s13g00216
tc180s3g00749,hli2s12g00273,hli2s13g00215
tc180s3g00750,hli2s12g00272,.
tc180s3g00751,hli2s12g00271,hli2s13g00214
tc180s3g00752,.,.
tc180s3g00753,hli2s12g00270,.
tc180s3g00754,hli2s12g00269,hli2s13g00213
tc180s3g00755,hli2s12g00260,hli2s13g00212
tc180s3g00756,hli2s12g00256,.
tc180s3g00757,hli2s12g00254,.
tc180s3g00758,hli2s12g00253,.
tc180s3g00759,.,hli2s13g00211
tc180s3g00760,.,.
tc180s3g00761,hli2s12g00250,hli2s13g00209
tc180s3g00762,.,.
tc180s3g00763,.,.
tc180s3g00764,hli2s12g00249,hli2s13g00208
tc180s3g00765,hli2s12g00248,hli2s13g00207
tc180s3g00766,hli2s12g00247,hli2s13g00206
tc180s3g00767,hli2s12g00246,.
tc180s3g00768,.,.
tc180s3g00769,hli2s12g00245,.
tc180s3g00770,.,.
tc180s3g00771,.,.
tc180s3g00772,hli2s12g00242,hli2s13g00202
tc180s3g00773,hli2s12g00241,.
tc180s3g00774,.,hli2s13g00201
tc180s3g00775,.,hli2s13g00200
tc180s3g00776,hli2s12g00240,hli2s13g00199
tc180s3g00777,hli2s12g00239,hli2s13g00198
tc180s3g00778,hli2s12g00236,hli2s13g00197
tc180s3g00779,.,hli2s13g00196
tc180s3g00780,.,.
tc180s3g00781,.,.
tc180s3g00782,.,hli2s13g00195
tc180s3g00783,.,hli2s13g00193
tc180s3g00784,hli2s12g00234,.
tc180s3g00785,hli2s12g00233,.
tc180s3g00786,.,.
tc180s3g00787,.,hli2s13g00191
tc180s3g00788,.,hli2s13g00190
tc180s3g00789,hli2s12g00231,hli2s13g00189
tc180s3g00790,hli2s12g00229,hli2s13g00188
tc180s3g00791,.,hli2s13g00187
tc180s3g00792,hli2s12g00227,.
tc180s3g00793,hli2s12g00226,hli2s13g00186
tc180s3g00794,.,.
tc180s3g00795,hli2s12g00224,.
tc180s3g00796,hli2s12g00223,.
tc180s3g00797,.,hli2s13g00185
tc180s3g00798,hli2s12g00222,hli2s13g00183
tc180s3g00799,.,hli2s13g00182
tc180s3g00800,hli2s12g00221,.
tc180s3g00801,.,hli2s13g00181
tc180s3g00802,hli2s12g00220,hli2s13g00178
tc180s3g00803,.,hli2s13g00177
tc180s3g00804,hli2s12g00219,.
tc180s3g00805,.,.
tc180s3g00806,.,.
tc180s3g00807,.,.
tc180s3g00808,.,.
tc180s3g00809,.,.
tc180s3g00810,.,.
tc180s3g00811,.,.
tc180s3g00812,.,.
tc180s3g00813,hli2s12g00218,.
tc180s3g00814,hli2s12g00217,hli2s13g00176
tc180s3g00815,.,.
tc180s3g00816,.,.
tc180s3g00817,.,hli2s13g00175
tc180s3g00818,.,.
tc180s3g00819,.,.
tc180s3g00820,hli2s12g00215,hli2s13g00174
tc180s3g00821,.,.
tc180s3g00822,hli2s12g00214,hli2s13g00173
tc180s3g00823,hli2s12g00213,.
tc180s3g00824,hli2s12g00212,hli2s13g00172
tc180s3g00825,.,.
tc180s3g00826,.,hli2s13g00171
tc180s3g00827,hli2s12g00211,.
tc180s3g00828,hli2s12g00209,.
tc180s3g00829,hli2s12g00208,hli2s13g00170
tc180s3g00830,hli2s12g00207,hli2s13g00169
tc180s3g00831,.,.
tc180s3g00832,.,hli2s13g00167
tc180s3g00833,.,.
tc180s3g00834,hli2s12g00206,.
tc180s3g00835,hli2s12g00205,hli2s13g00166
tc180s3g00836,hli2s12g00204,.
tc180s3g00837,.,.
tc180s3g00838,.,.
tc180s3g00839,.,hli2s13g00164
tc180s3g00840,hli2s12g00203,.
tc180s3g00841,hli2s12g00202,.
tc180s3g00842,hli2s12g00201,hli2s13g00162
tc180s3g00843,hli2s12g00200,hli2s13g00161
tc180s3g00844,.,.
tc180s3g00845,hli2s12g00199,hli2s13g00159
tc180s3g00846,hli2s12g00197,.
tc180s3g00847,.,.
tc180s3g00848,.,hli2s13g00158
tc180s3g00849,.,.
tc180s3g00850,hli2s12g00195,hli2s13g00156
tc180s3g00851,hli2s12g00194,hli2s13g00155
tc180s3g00852,hli2s12g00193,.
tc180s3g00853,.,hli2s13g00154
tc180s3g00854,.,hli2s13g00153
tc180s3g00855,hli2s12g00191,hli2s13g00150
tc180s3g00856,hli2s12g00190,hli2s13g00148
tc180s3g00857,hli2s12g00189,.
tc180s3g00858,.,.
tc180s3g00859,hli2s12g00188,.
tc180s3g00860,.,.
tc180s3g00861,.,hli2s13g00146
tc180s3g00862,.,.
tc180s3g00863,hli2s12g00186,.
tc180s3g00864,hli2s12g00185,hli2s13g00144
tc180s3g00865,hli2s12g00184,.
tc180s3g00866,hli2s12g00183,hli2s13g00143
tc180s3g00867,.,hli2s13g00142
tc180s3g00868,hli2s12g00182,hli2s13g00141
tc180s3g00869,hli2s12g00181,hli2s13g00140
tc180s3g00870,hli2s12g00180,hli2s13g00139
tc180s3g00871,.,.
tc180s3g00872,.,.
tc180s3g00873,.,hli2s13g00136
tc180s3g00874,hli2s12g00177,hli2s13g00135
tc180s3g00875,hli2s12g00176,hli2s13g00134
tc180s3g00876,.,.
tc180s3g00877,hli2s12g00175,hli2s13g00132
tc180s3g00878,hli2s12g00174,hli2s13g00131
tc180s3g00879,.,hli2s13g00130
tc180s3g00880,.,.
tc180s3g00881,hli2s12g00170,hli2s13g00129
tc180s3g00882,.,hli2s13g00127
tc180s3g00883,.,hli2s13g00126
tc180s3g00884,.,.
tc180s3g00885,.,hli2s13g00125
tc180s3g00886,.,hli2s13g00123
tc180s3g00887,hli2s12g00169,hli2s13g00122
tc180s3g00888,.,.
tc180s3g00889,.,.
tc180s3g00890,hli2s12g00168,.
tc180s3g00891,.,hli2s13g00121
tc180s3g00892,hli2s12g00167,hli2s13g00120
tc180s3g00893,.,.
tc180s3g00894,.,.
tc180s3g00895,hli2s12g00166,.
tc180s3g00896,hli2s12g00165,hli2s13g00119
tc180s3g00897,hli2s12g00164,hli2s13g00118
tc180s3g00898,.,.
tc180s3g00899,hli2s12g00163,hli2s13g00115
tc180s3g00900,.,.
tc180s3g00901,hli2s12g00162,.
tc180s3g00902,hli2s12g00161,hli2s13g00113
tc180s3g00903,.,.
tc180s3g00904,.,.
tc180s3g00905,.,hli2s13g00112
tc180s3g00906,hli2s12g00159,.
tc180s3g00907,hli2s12g00158,hli2s13g00111
tc180s3g00908,hli2s12g00157,.
tc180s3g00909,hli2s12g00156,hli2s13g00109
tc180s3g00910,hli2s12g00155,hli2s13g00108
tc180s3g00911,hli2s12g00154,hli2s13g00107
tc180s3g00912,.,.
tc180s3g00913,.,hli2s13g00106
tc180s3g00914,.,.
tc180s3g00915,hli2s12g00153,hli2s13g00104
tc180s3g00916,hli2s12g00152,hli2s13g00103
tc180s3g00917,hli2s12g00151,.
tc180s3g00918,.,hli2s13g00102
tc180s3g00919,.,.
tc180s3g00920,hli2s12g00150,hli2s13g00101
tc180s3g00921,.,hli2s13g00100
tc180s3g00922,hli2s12g00149,hli2s13g00099
tc180s3g00923,hli2s12g00148,hli2s13g00096
tc180s3g00924,hli2s12g00147,.
tc180s3g00925,hli2s12g00146,.
tc180s3g00926,hli2s12g00145,hli2s13g00090
tc180s3g00927,hli2s12g00144,hli2s13g00089
tc180s3g00928,.,hli2s13g00087
tc180s3g00929,hli2s12g00143,hli2s13g00086
tc180s3g00930,hli2s12g00141,hli2s13g00085
tc180s3g00931,hli2s12g00140,hli2s13g00084
tc180s3g00932,.,.
tc180s3g00933,.,hli2s13g00083
tc180s3g00934,.,.
tc180s3g00935,.,.
tc180s3g00936,.,hli2s13g00082
tc180s3g00937,hli2s12g00139,.
tc180s3g00938,.,hli2s13g00081
tc180s3g00939,.,hli2s13g00080
tc180s3g00940,hli2s12g00138,.
tc180s3g00941,hli2s12g00137,hli2s13g00078
tc180s3g00942,.,hli2s13g00077
tc180s3g00943,hli2s12g00136,hli2s13g00076
tc180s3g00944,.,hli2s13g00075
tc180s3g00945,.,hli2s13g00074
tc180s3g00946,hli2s12g00135,hli2s13g00072
tc180s3g00947,hli2s12g00130,.
tc180s3g00948,.,hli2s13g00071
tc180s3g00949,.,.
tc180s3g00950,hli2s12g00129,.
tc180s3g00951,.,hli2s13g00070
tc180s3g00952,hli2s12g00128,.
tc180s3g00953,.,.
tc180s3g00954,hli2s12g00127,hli2s13g00069
tc180s3g00955,hli2s12g00126,hli2s13g00068
tc180s3g00956,hli2s12g00125,.
tc180s3g00957,.,.
tc180s3g00958,hli2s12g00124,.
tc180s3g00959,hli2s12g00123,hli2s13g00067
tc180s3g00960,hli2s12g00122,hli2s13g00066
tc180s3g00961,hli2s12g00119,hli2s13g00064
tc180s3g00962,hli2s12g00118,.
tc180s3g00963,hli2s12g00117,hli2s13g00063
tc180s3g00964,hli2s12g00116,hli2s13g00062
tc180s3g00965,hli2s12g00115,.
tc180s3g00966,.,.
tc180s3g00967,.,.
tc180s3g00968,hli2s12g00114,.
tc180s3g00969,hli2s12g00113,hli2s13g00061
tc180s3g00970,.,hli2s13g00060
tc180s3g00971,.,.
tc180s3g00972,.,hli2s13g00059
tc180s3g00973,.,hli2s13g00058
tc180s3g00974,hli2s12g00108,.
tc180s3g00975,hli2s12g00107,hli2s13g00057
tc180s3g00976,hli2s12g00106,hli2s13g00056
tc180s3g00977,.,.
tc180s3g00978,.,hli2s13g00055
tc180s3g00979,.,.
tc180s3g00980,hli2s12g00103,.
tc180s3g00981,.,.
tc180s3g00982,.,.
tc180s3g00983,.,.
tc180s3g00984,hli2s12g00099,.
tc180s3g00985,.,.
tc180s3g00986,hli2s12g00098,.
tc180s3g00987,hli2s12g00097,hli2s13g00053
tc180s3g00988,hli2s12g00072,.
tc180s3g00989,.,.
tc180s3g00990,.,hli2s13g00051
tc180s3g00991,.,hli2s13g00049
tc180s3g00992,hli2s12g00096,.
tc180s3g00993,.,.
tc180s3g00994,.,.
tc180s3g00995,hli2s12g00095,.
tc180s3g00996,.,.
tc180s3g00997,.,.
tc180s3g00998,.,hli2s13g00048
tc180s3g00999,hli2s12g00093,.
tc180s3g01000,hli2s12g00086,.
tc180s3g01001,hli2s12g00093,.
tc180s3g01002,hli2s12g00111,.
tc180s3g01003,hli2s12g00112,.
tc180s3g01004,.,.
tc180s3g01005,.,.
tc180s3g01006,.,.
tc180s3g01007,.,.
tc180s3g01008,.,hli2s13g00047
tc180s3g01009,hli2s12g00085,hli2s13g00046
tc180s3g01010,hli2s12g00084,.
tc180s3g01011,.,.
tc180s3g01012,.,.
tc180s3g01013,.,.
tc180s3g01014,.,.
tc180s3g01015,.,.
tc180s3g01016,.,.
tc180s3g01017,.,.
tc180s3g01018,hli2s12g00083,.
tc180s3g01019,hli2s12g00082,hli2s13g00044
tc180s3g01020,hli2s12g00078,hli2s13g00042
tc180s3g01021,hli2s12g00074,.
tc180s3g01022,hli2s12g00073,.
tc180s3g01023,.,hli2s13g00041
tc180s3g01024,.,.
tc180s3g01025,hli2s12g00071,.
tc180s3g01026,hli2s12g00070,hli2s13g00040
tc180s3g01027,hli2s12g00069,.
tc180s3g01028,.,hli2s13g00039
tc180s3g01029,.,.
tc180s3g01030,hli2s12g00068,.
tc180s3g01031,.,.
tc180s3g01032,hli2s12g00067,.
tc180s3g01033,hli2s12g00066,.
tc180s3g01034,hli2s12g00064,hli2s13g00036
tc180s3g01035,hli2s12g00063,hli2s13g00035
tc180s3g01036,hli2s12g00062,hli2s13g00033
tc180s3g01037,.,.
tc180s3g01038,hli2s12g00060,.
tc180s3g01039,.,.
tc180s3g01040,hli2s12g00059,.
tc180s3g01041,hli2s12g00058,hli2s13g00032
tc180s3g01042,.,hli2s13g00031
tc180s3g01043,.,hli2s13g00030
tc180s3g01044,hli2s12g00057,hli2s13g00029
tc180s3g01045,.,hli2s13g00028
tc180s3g01046,hli2s12g00056,hli2s13g00027
tc180s3g01047,.,hli2s13g00026
tc180s3g01048,.,hli2s13g00025
tc180s3g01049,hli2s12g00055,hli2s13g00024
tc180s3g01050,.,hli2s13g00023
tc180s3g01051,hli2s12g00054,hli2s13g00022
tc180s3g01052,.,.
tc180s3g01053,.,hli2s13g00021
tc180s3g01054,.,hli2s13g00020
tc180s3g01055,.,hli2s13g00019
tc180s3g01056,.,hli2s13g00018
tc180s3g01057,hli2s12g00053,.
tc180s3g01058,.,.
tc180s3g01059,.,.
tc180s3g01060,hli2s12g00052,.
tc180s3g01061,.,.
tc180s3g01062,hli2s12g00051,.
tc180s3g01063,hli2s12g00050,.
tc180s3g01064,hli2s12g00049,hli2s13g00016
tc180s3g01065,.,.
tc180s3g01066,hli2s12g00048,.
tc180s3g01067,hli2s12g00047,.
tc180s3g01068,.,hli2s13g00015
tc180s3g01069,.,hli2s13g00014
tc180s3g01070,.,hli2s13g00013
tc180s3g01071,.,.
tc180s3g01072,hli2s12g00046,hli2s13g00012
tc180s3g01073,.,.
tc180s3g01074,hli2s12g00045,.
tc180s3g01075,hli2s12g00044,hli2s13g00010
tc180s3g01076,hli2s12g00043,hli2s13g00009
tc180s3g01077,hli2s12g00042,hli2s13g00008
tc180s3g01078,hli2s12g00041,
tc180s3g01079,.,
tc180s3g01080,hli2s12g00040,
tc180s3g01081,hli2s12g00039,
tc180s3g01082,hli2s12g00038,
tc180s3g01083,.,
tc180s3g01084,.,
tc180s3g01085,.,
tc180s3g01086,.,
tc180s3g01087,.,
tc180s3g01088,.,
tc180s3g01089,.,
tc180s3g01090,hli2s12g00764,hli2s13g00717
tc180s3g01091,.,hli2s13g00719
tc180s3g01092,hli2s12g00763,.
tc180s3g01093,.,.
tc180s3g01094,hli2s12g00762,.
tc180s3g01095,.,.
tc180s3g01096,hli2s12g00761,.
tc180s3g01097,.,hli2s13g00720
tc180s3g01098,.,.
tc180s3g01099,.,.
tc180s3g01100,.,hli2s13g00721
tc180s3g01101,hli2s12g00759,.
tc180s3g01102,hli2s12g00753,hli2s13g00723
tc180s3g01103,hli2s12g00752,hli2s13g00724
tc180s3g01104,hli2s12g00746,.
tc180s3g01105,hli2s12g00745,.
tc180s3g01106,.,.
tc180s3g01107,.,.
tc180s3g01108,.,.
tc180s3g01109,hli2s12g00739,.
tc180s3g01110,hli2s12g00738,hli2s13g00726
tc180s3g01111,.,hli2s13g00727
tc180s3g01112,hli2s12g00736,hli2s13g00728
tc180s3g01113,hli2s12g00733,.
tc180s3g01114,hli2s12g00732,.
tc180s3g01115,.,.
tc180s3g01116,.,.
tc180s3g01117,.,.
tc180s3g01118,.,.
tc180s3g01119,hli2s12g00731,.
tc180s3g01120,.,hli2s13g00730
tc180s3g01121,.,hli2s13g00732
tc180s3g01122,hli2s12g00729,.
tc180s3g01123,hli2s12g00728,hli2s13g00734
tc180s3g01124,hli2s12g00727,.
tc180s3g01125,.,.
tc180s3g01126,.,hli2s13g00736
tc180s3g01127,hli2s12g00726,.
tc180s3g01128,,.
tc180s3g01129,,.
tc180s3g01130,,.
tc180s3g01131,,hli2s13g00739
tc180s3g01132,hli2s12g00796,.
tc180s3g01133,.,.
tc180s3g01134,hli2s12g00798,hli2s13g00745
tc180s3g01135,.,.
tc180s3g01136,.,.
tc180s3g01137,.,.
tc180s3g01138,hli2s12g00800,.
tc180s3g01139,hli2s12g00802,.
tc180s3g01140,hli2s12g00803,.
tc180s3g01141,.,.
tc180s3g01142,.,.
tc180s3g01143,.,.
tc180s3g01144,hli2s12g00805,.
tc180s3g01145,hli2s12g00807,hli2s13g00747
tc180s3g01146,.,.
tc180s3g01147,hli2s12g00809,hli2s13g00748
tc180s3g01148,hli2s12g00812,hli2s13g00749
tc180s3g01149,hli2s12g00813,hli2s13g00750
tc180s3g01150,.,.
tc180s3g01151,.,hli2s13g00755
tc180s3g01152,.,hli2s13g00756
tc180s3g01153,.,.
tc180s3g01154,.,.
tc180s3g01155,.,.
tc180s3g01156,hli2s12g00814,hli2s13g00760
tc180s3g01157,.,.
tc180s3g01158,hli2s12g00816,hli2s13g00761
tc180s3g01159,.,.
tc180s3g01160,hli2s12g00817,hli2s13g00762
tc180s3g01161,hli2s12g00819,.
tc180s3g01162,hli2s12g00820,.
tc180s3g01163,.,hli2s13g00764
tc180s3g01164,.,hli2s13g00765
tc180s3g01165,hli2s12g00821,hli2s13g00766
tc180s3g01166,.,.
tc180s3g01167,.,.
tc180s3g01168,hli2s12g00822,.
tc180s3g01169,.,.
tc180s3g01170,.,.
tc180s3g01171,.,hli2s13g00769
tc180s3g01172,.,.
tc180s3g01173,.,hli2s13g00770
tc180s3g01174,hli2s12g00825,.
tc180s3g01175,.,hli2s13g00771
tc180s3g01176,hli2s12g00826,hli2s13g00772
tc180s3g01177,.,.
tc180s3g01178,.,hli2s13g00773
tc180s3g01179,hli2s12g00828,.
tc180s3g01180,.,.
tc180s3g01181,.,.
tc180s3g01182,.,.
tc180s3g01183,.,hli2s13g00779
tc180s3g01184,hli2s12g00829,.
tc180s3g01185,hli2s12g00830,hli2s13g00780
tc180s3g01186,.,.
tc180s3g01187,hli2s12g00831,.
tc180s3g01188,.,.
tc180s3g01189,hli2s12g00832,hli2s13g00783
tc180s3g01190,.,hli2s13g00785
tc180s3g01191,hli2s12g00833,hli2s13g00786
tc180s3g01192,hli2s12g00834,.
tc180s3g01193,.,.
tc180s3g01194,.,hli2s13g00787
tc180s3g01195,.,.
tc180s3g01196,.,hli2s13g00789
tc180s3g01197,.,.
tc180s3g01198,.,.
tc180s3g01199,.,.
tc180s3g01200,.,.
tc180s3g01201,.,.
tc180s3g01202,.,.
tc180s3g01203,.,.
tc180s3g01204,.,.
tc180s3g01205,.,.
tc180s3g01206,hli2s12g00835,hli2s13g00790
tc180s3g01207,hli2s12g00837,hli2s13g00793
tc180s3g01208,.,hli2s13g00794
tc180s3g01209,hli2s12g00839,hli2s13g00795
tc180s3g01210,hli2s12g00840,hli2s13g00796
tc180s3g01211,.,hli2s13g00797
tc180s3g01212,.,hli2s13g00798
tc180s3g01213,hli2s12g00841,.
tc180s3g01214,hli2s12g00842,.
tc180s3g01215,.,.
tc180s3g01216,hli2s12g00845,.
tc180s3g01217,.,.
tc180s3g01218,.,hli2s13g00801
tc180s3g01219,hli2s12g00847,.
tc180s3g01220,hli2s12g00848,hli2s13g00803
tc180s3g01221,hli2s12g00849,hli2s13g00804
tc180s3g01222,hli2s12g00850,.
tc180s3g01223,.,.
tc180s3g01224,hli2s12g00851,hli2s13g00806
tc180s3g01225,hli2s12g00852,hli2s13g00807
tc180s3g01226,.,hli2s13g00809
tc180s3g01227,hli2s12g00854,hli2s13g00810
tc180s3g01228,.,.
tc180s3g01229,.,hli2s13g00811
tc180s3g01230,hli2s12g00855,hli2s13g00812
tc180s3g01231,.,.
tc180s3g01232,.,.
tc180s3g01233,hli2s12g00858,hli2s13g00813
tc180s3g01234,hli2s12g00859,.
tc180s3g01235,.,hli2s13g00816
tc180s3g01236,hli2s12g00860,hli2s13g00817
tc180s3g01237,hli2s12g00861,hli2s13g00819
tc180s3g01238,.,.
tc180s3g01239,hli2s12g00862,hli2s13g00820
tc180s3g01240,.,hli2s13g00822
tc180s3g01241,hli2s12g00864,hli2s13g00823
tc180s3g01242,hli2s12g00865,hli2s13g00824
tc180s3g01243,hli2s12g00866,hli2s13g00825
tc180s3g01244,hli2s12g00867,hli2s13g00826
tc180s3g01245,hli2s12g00868,hli2s13g00827
tc180s3g01246,.,.
tc180s3g01247,.,hli2s13g00828
tc180s3g01248,hli2s12g00869,hli2s13g00829
tc180s3g01249,.,.
tc180s3g01250,.,hli2s13g00830
tc180s3g01251,hli2s12g00870,.
tc180s3g01252,hli2s12g00871,hli2s13g00834
tc180s3g01253,.,hli2s13g00835
tc180s3g01254,hli2s12g00872,hli2s13g00836
tc180s3g01255,hli2s12g00873,hli2s13g00837
tc180s3g01256,.,hli2s13g00838
tc180s3g01257,.,.
tc180s3g01258,hli2s12g00874,hli2s13g00839
tc180s3g01259,.,.
tc180s3g01260,hli2s12g00875,hli2s13g00840
tc180s3g01261,hli2s12g00877,hli2s13g00842
tc180s3g01262,hli2s12g00878,hli2s13g00843
tc180s3g01263,.,hli2s13g00844
tc180s3g01264,.,.
tc180s3g01265,hli2s12g00882,hli2s13g00845
tc180s3g01266,hli2s12g00883,.
tc180s3g01267,.,.
tc180s3g01268,.,.
tc180s3g01269,hli2s12g00884,hli2s13g00846
tc180s3g01270,hli2s12g00885,.
tc180s3g01271,.,hli2s13g00847
tc180s3g01272,.,.
tc180s3g01273,.,.
tc180s3g01274,.,hli2s13g00848
tc180s3g01275,.,hli2s13g00849
tc180s3g01276,.,hli2s13g00850
tc180s3g01277,hli2s12g00889,hli2s13g00851
tc180s3g01278,hli2s12g00890,.
tc180s3g01279,.,.
tc180s3g01280,.,.
tc180s3g01281,hli2s12g00891,.
tc180s3g01282,hli2s12g00892,hli2s13g00853
tc180s3g01283,.,.
tc180s3g01284,hli2s12g00893,hli2s13g00854
tc180s3g01285,.,hli2s13g00855
tc180s3g01286,.,.
tc180s3g01287,hli2s12g00894,hli2s13g00857
tc180s3g01288,hli2s12g00895,.
tc180s3g01289,.,.
tc180s3g01290,hli2s12g00896,hli2s13g00858
tc180s3g01291,hli2s12g00897,hli2s13g00859
tc180s3g01292,.,hli2s13g00860
tc180s3g01293,.,hli2s13g00861
tc180s3g01294,.,hli2s13g00862
tc180s3g01295,.,.
tc180s3g01296,hli2s12g00899,.
tc180s3g01297,hli2s12g00900,.
tc180s3g01298,hli2s12g00901,hli2s13g00863
tc180s3g01299,hli2s12g00902,hli2s13g00864
tc180s3g01300,hli2s12g00903,.
tc180s3g01301,.,hli2s13g00865
tc180s3g01302,.,.
tc180s3g01303,hli2s12g00904,.
tc180s3g01304,hli2s12g00905,hli2s13g00866
tc180s3g01305,hli2s12g00907,.
tc180s3g01306,.,.
tc180s3g01307,.,.
tc180s3g01308,.,.
tc180s3g01309,.,.
tc180s3g01310,.,.
tc180s3g01311,.,.
tc180s3g01312,hli2s12g00908,hli2s13g00869
tc180s3g01313,.,.
tc180s3g01314,.,hli2s13g00871
tc180s3g01315,hli2s12g00909,hli2s13g00872
tc180s3g01316,hli2s12g00910,.
tc180s3g01317,hli2s12g00911,hli2s13g00873
tc180s3g01318,hli2s12g00912,.
tc180s3g01319,.,hli2s13g00874
tc180s3g01320,hli2s12g00913,.
tc180s3g01321,.,hli2s13g00875
tc180s3g01322,.,.
tc180s3g01323,hli2s12g00914,hli2s13g00876
tc180s3g01324,.,.
tc180s3g01325,.,hli2s13g00877
tc180s3g01326,.,.
tc180s3g01327,.,.
tc180s3g01328,.,hli2s13g00879
tc180s3g01329,.,hli2s13g00880
tc180s3g01330,.,hli2s13g00882
tc180s3g01331,.,hli2s13g00883
tc180s3g01332,hli2s12g00915,.
tc180s3g01333,.,.
tc180s3g01334,hli2s12g00916,.
tc180s3g01335,.,hli2s13g00884
tc180s3g01336,.,hli2s13g00885
tc180s3g01337,.,hli2s13g00886
tc180s3g01338,hli2s12g00917,.
tc180s3g01339,.,hli2s13g00887
tc180s3g01340,hli2s12g00924,.
tc180s3g01341,.,.
tc180s3g01342,.,hli2s13g00892
tc180s3g01343,.,hli2s13g00894
tc180s3g01344,.,.
tc180s3g01345,hli2s12g00928,hli2s13g00895
tc180s3g01346,.,hli2s13g00896
tc180s3g01347,.,hli2s13g00897
tc180s3g01348,.,hli2s13g00899
tc180s3g01349,hli2s12g00929,hli2s13g00900
tc180s3g01350,hli2s12g00930,hli2s13g00901
tc180s3g01351,.,.
tc180s3g01352,hli2s12g00931,.
tc180s3g01353,.,hli2s13g00902
tc180s3g01354,hli2s12g00932,hli2s13g00903
tc180s3g01355,.,hli2s13g00904
tc180s3g01356,.,hli2s13g00905
tc180s3g01357,hli2s12g00933,hli2s13g00907
tc180s3g01358,hli2s12g00934,hli2s13g00908
tc180s3g01359,hli2s12g00935,hli2s13g00909
tc180s3g01360,hli2s12g00936,.
tc180s3g01361,.,.
tc180s3g01362,hli2s12g00939,hli2s13g00910
tc180s3g01363,hli2s12g00941,hli2s13g00911
tc180s3g01364,hli2s12g00943,hli2s13g00912
tc180s3g01365,.,.
tc180s3g01366,.,hli2s13g00913
tc180s3g01367,hli2s12g00944,.
tc180s3g01368,.,hli2s13g00915
tc180s3g01369,hli2s12g00945,.
tc180s3g01370,.,.
tc180s3g01371,hli2s12g00946,.
tc180s3g01372,hli2s12g00947,hli2s13g00922
tc180s3g01373,hli2s12g00948,.
tc180s3g01374,.,hli2s13g00925
tc180s3g01375,.,.
tc180s3g01376,hli2s12g00949,hli2s13g00926
tc180s3g01377,.,.
tc180s3g01378,.,.
tc180s3g01379,.,.
tc180s3g01380,hli2s12g00950,hli2s13g00927
tc180s3g01381,hli2s12g00951,hli2s13g00928
tc180s3g01382,hli2s12g00952,hli2s13g00929
tc180s3g01383,.,hli2s13g00930
tc180s3g01384,.,hli2s13g00934
tc180s3g01385,.,.
tc180s3g01386,.,.
tc180s3g01387,hli2s12g00953,hli2s13g00935
tc180s3g01388,hli2s12g00954,.
tc180s3g01389,hli2s12g00955,.
tc180s3g01390,hli2s12g00957,.
tc180s3g01391,.,.
tc180s3g01392,hli2s12g00958,hli2s13g00936
tc180s3g01393,hli2s12g00960,hli2s13g00937
tc180s3g01394,.,hli2s13g00938
tc180s3g01395,hli2s12g00961,.
tc180s3g01396,hli2s12g00962,hli2s13g00939
tc180s3g01397,hli2s12g00963,.
tc180s3g01398,hli2s12g00964,hli2s13g00940
tc180s3g01399,hli2s12g00965,hli2s13g00941
tc180s3g01400,.,.
tc180s3g01401,hli2s12g00966,hli2s13g00943
tc180s3g01402,hli2s12g00969,hli2s13g00945
tc180s3g01403,hli2s12g00970,hli2s13g00946
tc180s3g01404,hli2s12g00971,hli2s13g00947
tc180s3g01405,hli2s12g00972,hli2s13g00948
tc180s3g01406,hli2s12g00973,hli2s13g00950
tc180s3g01407,hli2s12g00974,.
tc180s3g01408,hli2s12g00975,hli2s13g00951
tc180s3g01409,.,hli2s13g00952
tc180s3g01410,.,.
tc180s3g01411,.,.
tc180s3g01412,hli2s12g00977,.
tc180s3g01413,hli2s12g00978,hli2s13g00954
tc180s3g01414,.,.
tc180s3g01415,hli2s12g00980,.
tc180s3g01416,hli2s12g00981,.
tc180s3g01417,.,hli2s13g00955
tc180s3g01418,hli2s12g00982,hli2s13g00958
tc180s3g01419,.,.
tc180s3g01420,hli2s12g00983,.
tc180s3g01421,hli2s12g00984,hli2s13g00959
tc180s3g01422,.,.
tc180s3g01423,hli2s12g00985,hli2s13g00960
tc180s3g01424,hli2s12g00986,hli2s13g00961
tc180s3g01425,.,.
tc180s3g01426,hli2s12g00988,.
tc180s3g01427,hli2s12g00989,hli2s13g00963
tc180s3g01428,hli2s12g00990,hli2s13g00964
tc180s3g01429,.,hli2s13g00965
tc180s3g01430,.,.
tc180s3g01431,hli2s12g00991,hli2s13g00966
tc180s3g01432,hli2s12g00992,.
tc180s3g01433,hli2s12g00994,.
tc180s3g01434,hli2s12g00995,hli2s13g00968
tc180s3g01435,.,hli2s13g00969
tc180s3g01436,.,hli2s13g00970
tc180s3g01437,hli2s12g00996,.
tc180s3g01438,.,.
tc180s3g01439,hli2s12g00997,hli2s13g00971
tc180s3g01440,hli2s12g00998,hli2s13g00972
tc180s3g01441,.,hli2s13g00973
tc180s3g01442,hli2s12g00999,hli2s13g00974
tc180s3g01443,.,hli2s13g00975
tc180s3g01444,.,.
tc180s3g01445,.,.
tc180s3g01446,hli2s12g01000,.
tc180s3g01447,hli2s12g01001,.
tc180s3g01448,hli2s12g01002,hli2s13g00976
tc180s3g01449,.,.
tc180s3g01450,hli2s12g01003,.
tc180s3g01451,hli2s12g01004,hli2s13g00978
tc180s3g01452,.,hli2s13g00979
tc180s3g01453,.,.
tc180s3g01454,.,.
tc180s3g01455,.,hli2s13g00980
tc180s3g01456,hli2s12g01008,hli2s13g00981
tc180s3g01457,.,hli2s13g00982
tc180s3g01458,.,.
tc180s3g01459,hli2s12g01009,hli2s13g00983
tc180s3g01460,hli2s12g01011,hli2s13g00984
tc180s3g01461,.,hli2s13g00986
tc180s3g01462,.,hli2s13g00987
tc180s3g01463,.,hli2s13g00988
tc180s3g01464,hli2s12g01012,.
tc180s3g01465,.,.
tc180s3g01466,hli2s12g01013,hli2s13g00990
tc180s3g01467,.,hli2s13g00991
tc180s3g01468,hli2s12g01014,.
tc180s3g01469,hli2s12g01015,.
tc180s3g01470,hli2s12g01016,hli2s13g00992
tc180s3g01471,hli2s12g01019,.
tc180s3g01472,.,.
tc180s3g01473,.,.
tc180s3g01474,.,hli2s13g00993
tc180s3g01475,hli2s12g01020,hli2s13g00996
tc180s3g01476,hli2s12g01021,hli2s13g00997
tc180s3g01477,hli2s12g01022,hli2s13g00998
tc180s3g01478,hli2s12g01023,hli2s13g00999
tc180s3g01479,hli2s12g01024,.
tc180s3g01480,.,hli2s13g01001
tc180s3g01481,.,hli2s13g01002
tc180s3g01482,hli2s12g01027,hli2s13g01003
tc180s3g01483,hli2s12g01031,.
tc180s3g01484,hli2s12g01032,hli2s13g01004
tc180s3g01485,hli2s12g01033,hli2s13g01005
tc180s3g01486,.,hli2s13g01007
tc180s3g01487,hli2s12g01034,.
tc180s3g01488,.,.
tc180s3g01489,hli2s12g01035,hli2s13g01008
tc180s3g01490,.,.
tc180s3g01491,.,.
tc180s3g01492,.,hli2s13g01009
tc180s3g01493,.,.
tc180s3g01494,hli2s12g01036,hli2s13g01010
tc180s3g01495,hli2s12g01037,hli2s13g01011
tc180s3g01496,hli2s12g01038,hli2s13g01012
tc180s3g01497,.,.
tc180s3g01498,.,.
tc180s3g01499,hli2s12g01039,.
tc180s3g01500,hli2s12g01040,.
tc180s3g01501,.,hli2s13g01014
tc180s3g01502,hli2s12g01041,.
tc180s3g01503,hli2s12g01042,.
tc180s3g01504,hli2s12g01043,.
tc180s3g01505,hli2s12g01044,.
tc180s3g01506,hli2s12g01045,hli2s13g01015
tc180s3g01507,hli2s12g01046,.
tc180s3g01508,hli2s12g01047,.
tc180s3g01509,.,hli2s13g01016
tc180s3g01510,.,.
tc180s3g01511,hli2s12g01049,hli2s13g01017
tc180s3g01512,hli2s12g01051,.
tc180s3g01513,hli2s12g01052,.
tc180s3g01514,.,hli2s13g01018
tc180s3g01515,.,hli2s13g01019
tc180s3g01516,hli2s12g01055,hli2s13g01020
tc180s3g01517,hli2s12g01057,hli2s13g01021
tc180s3g01518,.,.
tc180s3g01519,hli2s12g01058,.
tc180s3g01520,.,.
tc180s3g01521,hli2s12g01059,hli2s13g01022
tc180s3g01522,hli2s12g01060,hli2s13g01023
tc180s3g01523,.,.
tc180s3g01524,hli2s12g01062,hli2s13g01024
tc180s3g01525,hli2s12g01063,.
tc180s3g01526,hli2s12g01064,.
tc180s3g01527,.,.
tc180s3g01528,.,.
tc180s3g01529,.,.
tc180s3g01530,hli2s12g01066,.
tc180s3g01531,hli2s12g01070,.
tc180s3g01532,hli2s12g01071,hli2s13g01029
tc180s3g01533,hli2s12g01073,hli2s13g01030
tc180s3g01534,.,hli2s13g01033
tc180s3g01535,hli2s12g01075,hli2s13g01034
tc180s3g01536,.,hli2s13g01035
tc180s3g01537,hli2s12g01076,hli2s13g01037
tc180s3g01538,.,hli2s13g01038
tc180s3g01539,hli2s12g01077,hli2s13g01040
tc180s3g01540,hli2s12g01078,hli2s13g01042
tc180s3g01541,hli2s12g01079,.
tc180s3g01542,hli2s12g01080,.
tc180s3g01543,hli2s12g01081,hli2s13g01043
tc180s3g01544,.,.
tc180s3g01545,hli2s12g01082,.
tc180s3g01546,hli2s12g01083,hli2s13g01044
tc180s3g01547,.,.
tc180s3g01548,hli2s12g01085,hli2s13g01045
tc180s3g01549,.,.
tc180s3g01550,hli2s12g01086,hli2s13g01046
tc180s3g01551,.,hli2s13g01047
tc180s3g01552,.,.
tc180s3g01553,.,hli2s13g01048
tc180s3g01554,hli2s12g01087,hli2s13g01049
tc180s3g01555,.,hli2s13g01050
tc180s3g01556,hli2s12g01088,.
tc180s3g01557,hli2s12g01089,hli2s13g01051
tc180s3g01558,.,.
tc180s3g01559,.,.
tc180s3g01560,.,hli2s13g01052
tc180s3g01561,hli2s12g01091,hli2s13g01053
tc180s3g01562,hli2s12g01092,hli2s13g01054
tc180s3g01563,hli2s12g01093,hli2s13g01055
tc180s3g01564,hli2s12g01094,.
tc180s3g01565,hli2s12g01096,hli2s13g01058
tc180s3g01566,.,.
tc180s3g01567,hli2s12g01097,hli2s13g01059
tc180s3g01568,hli2s12g01098,hli2s13g01060
tc180s3g01569,.,hli2s13g01061
tc180s3g01570,.,.
tc180s3g01571,hli2s12g01099,hli2s13g01062
tc180s3g01572,.,hli2s13g01063
tc180s3g01573,.,.
tc180s3g01574,.,.
tc180s3g01575,hli2s12g01100,.
tc180s3g01576,hli2s12g01102,.
tc180s3g01577,.,.
tc180s3g01578,.,.
tc180s3g01579,hli2s12g01103,.
tc180s3g01580,hli2s12g01104,hli2s13g01064
tc180s3g01581,.,.
tc180s3g01582,hli2s12g01105,.
tc180s3g01583,hli2s12g01106,hli2s13g01065
tc180s3g01584,.,hli2s13g01066
tc180s3g01585,.,.
tc180s3g01586,hli2s12g01107,hli2s13g01068
tc180s3g01587,.,hli2s13g01069
tc180s3g01588,hli2s12g01108,.
tc180s3g01589,hli2s12g01109,hli2s13g01070
tc180s3g01590,.,.
tc180s3g01591,.,hli2s13g01071
tc180s3g01592,hli2s12g01110,hli2s13g01073
tc180s3g01593,hli2s12g01111,hli2s13g01074
tc180s3g01594,hli2s12g01114,hli2s13g01075
tc180s3g01595,hli2s12g01115,hli2s13g01076
tc180s3g01596,hli2s12g01116,
tc180s3g01597,hli2s12g01536,hli2s13g01479
tc180s3g01598,.,.
tc180s3g01599,.,hli2s13g01478
tc180s3g01600,hli2s12g01534,hli2s13g01477
tc180s3g01601,.,.
tc180s3g01602,hli2s12g01533,.
tc180s3g01603,hli2s12g01532,hli2s13g01475
tc180s3g01604,.,.
tc180s3g01605,hli2s12g01531,.
tc180s3g01606,hli2s12g01530,hli2s13g01474
tc180s3g01607,hli2s12g01529,.
tc180s3g01608,.,.
tc180s3g01609,hli2s12g01528,hli2s13g01473
tc180s3g01610,.,.
tc180s3g01611,.,.
tc180s3g01612,.,.
tc180s3g01613,.,.
tc180s3g01614,.,.
tc180s3g01615,.,.
tc180s3g01616,hli2s12g01527,.
tc180s3g01617,hli2s12g01526,hli2s13g01472
tc180s3g01618,.,.
tc180s3g01619,.,.
tc180s3g01620,hli2s12g01525,.
tc180s3g01621,hli2s12g01524,hli2s13g01471
tc180s3g01622,.,hli2s13g01470
tc180s3g01623,hli2s12g01523,.
tc180s3g01624,.,hli2s13g01469
tc180s3g01625,.,hli2s13g01468
tc180s3g01626,.,.
tc180s3g01627,hli2s12g01522,hli2s13g01467
tc180s3g01628,.,.
tc180s3g01629,.,.
tc180s3g01630,.,.
tc180s3g01631,hli2s12g01521,hli2s13g01465
tc180s3g01632,hli2s12g01520,hli2s13g01464
tc180s3g01633,hli2s12g01519,hli2s13g01463
tc180s3g01634,.,.
tc180s3g01635,hli2s12g01517,hli2s13g01462
tc180s3g01636,hli2s12g01516,hli2s13g01461
tc180s3g01637,hli2s12g01514,.
tc180s3g01638,hli2s12g01513,hli2s13g01460
tc180s3g01639,hli2s12g01512,hli2s13g01459
tc180s3g01640,.,hli2s13g01458
tc180s3g01641,.,hli2s13g01457
tc180s3g01642,hli2s12g01511,hli2s13g01456
tc180s3g01643,hli2s12g01510,hli2s13g01455
tc180s3g01644,.,.
tc180s3g01645,.,hli2s13g01454
tc180s3g01646,hli2s12g01509,.
tc180s3g01647,hli2s12g01508,hli2s13g01453
tc180s3g01648,hli2s12g01506,hli2s13g01451
tc180s3g01649,hli2s12g01504,hli2s13g01450
tc180s3g01650,.,.
tc180s3g01651,hli2s12g01500,hli2s13g01449
tc180s3g01652,hli2s12g01499,.
tc180s3g01653,.,.
tc180s3g01654,.,hli2s13g01446
tc180s3g01655,hli2s12g01498,hli2s13g01444
tc180s3g01656,hli2s12g01497,.
tc180s3g01657,hli2s12g01496,.
tc180s3g01658,hli2s12g01495,hli2s13g01443
tc180s3g01659,hli2s12g01494,hli2s13g01442
tc180s3g01660,hli2s12g01493,hli2s13g01441
tc180s3g01661,.,.
tc180s3g01662,hli2s12g01491,.
tc180s3g01663,hli2s12g01490,hli2s13g01440
tc180s3g01664,.,.
tc180s3g01665,.,.
tc180s3g01666,hli2s12g01489,.
tc180s3g01667,.,.
tc180s3g01668,.,.
tc180s3g01669,.,.
tc180s3g01670,.,hli2s13g01438
tc180s3g01671,hli2s12g01488,.
tc180s3g01672,.,hli2s13g01437
tc180s3g01673,.,hli2s13g01435
tc180s3g01674,.,.
tc180s3g01675,.,.
tc180s3g01676,hli2s12g01487,hli2s13g01434
tc180s3g01677,.,.
tc180s3g01678,hli2s12g01486,hli2s13g01433
tc180s3g01679,hli2s12g01485,hli2s13g01432
tc180s3g01680,hli2s12g01484,hli2s13g01431
tc180s3g01681,hli2s12g01483,hli2s13g01430
tc180s3g01682,hli2s12g01482,.
tc180s3g01683,hli2s12g01481,hli2s13g01428
tc180s3g01684,.,.
tc180s3g01685,.,.
tc180s3g01686,.,hli2s13g01427
tc180s3g01687,.,.
tc180s3g01688,hli2s12g01480,hli2s13g01426
tc180s3g01689,hli2s12g01479,hli2s13g01425
tc180s3g01690,hli2s12g01478,hli2s13g01424
tc180s3g01691,hli2s12g01477,hli2s13g01423
tc180s3g01692,hli2s12g01476,hli2s13g01421
tc180s3g01693,hli2s12g01475,.
tc180s3g01694,.,.
tc180s3g01695,hli2s12g01470,.
tc180s3g01696,.,hli2s13g01419
tc180s3g01697,hli2s12g01469,hli2s13g01418
tc180s3g01698,hli2s12g01466,.
tc180s3g01699,hli2s12g01465,.
tc180s3g01700,.,.
tc180s3g01701,hli2s12g01464,hli2s13g01417
tc180s3g01702,hli2s12g01463,.
tc180s3g01703,.,.
tc180s3g01704,hli2s12g01462,.
tc180s3g01705,.,hli2s13g01416
tc180s3g01706,hli2s12g01461,.
tc180s3g01707,hli2s12g01460,.
tc180s3g01708,hli2s12g01459,hli2s13g01415
tc180s3g01709,hli2s12g01458,.
tc180s3g01710,.,.
tc180s3g01711,hli2s12g01457,.
tc180s3g01712,hli2s12g01456,hli2s13g01414
tc180s3g01713,hli2s12g01454,.
tc180s3g01714,.,hli2s13g01413
tc180s3g01715,hli2s12g01453,hli2s13g01412
tc180s3g01716,.,.
tc180s3g01717,.,.
tc180s3g01718,.,.
tc180s3g01719,hli2s12g01452,hli2s13g01411
tc180s3g01720,hli2s12g01450,hli2s13g01410
tc180s3g01721,hli2s12g01449,hli2s13g01409
tc180s3g01722,hli2s12g01448,hli2s13g01408
tc180s3g01723,hli2s12g01447,.
tc180s3g01724,hli2s12g01445,hli2s13g01407
tc180s3g01725,.,hli2s13g01406
tc180s3g01726,hli2s12g01444,.
tc180s3g01727,.,.
tc180s3g01728,hli2s12g01443,.
tc180s3g01729,hli2s12g01441,.
tc180s3g01730,hli2s12g01439,.
tc180s3g01731,hli2s12g01437,hli2s13g01404
tc180s3g01732,.,.
tc180s3g01733,hli2s12g01436,hli2s13g01403
tc180s3g01734,.,.
tc180s3g01735,.,.
tc180s3g01736,.,.
tc180s3g01737,hli2s12g01435,.
tc180s3g01738,.,.
tc180s3g01739,.,.
tc180s3g01740,hli2s12g01434,hli2s13g01401
tc180s3g01741,.,.
tc180s3g01742,.,.
tc180s3g01743,.,.
tc180s3g01744,.,.
tc180s3g01745,hli2s12g01432,hli2s13g01399
tc180s3g01746,hli2s12g01431,hli2s13g01398
tc180s3g01747,hli2s12g01430,.
tc180s3g01748,.,.
tc180s3g01749,.,.
tc180s3g01750,.,.
tc180s3g01751,.,.
tc180s3g01752,.,.
tc180s3g01753,.,hli2s13g01397
tc180s3g01754,.,.
tc180s3g01755,hli2s12g01429,.
tc180s3g01756,hli2s12g01428,hli2s13g01396
tc180s3g01757,hli2s12g01427,.
tc180s3g01758,hli2s12g01426,hli2s13g01395
tc180s3g01759,hli2s12g01425,.
tc180s3g01760,hli2s12g01424,hli2s13g01394
tc180s3g01761,hli2s12g01421,hli2s13g01392
tc180s3g01762,.,hli2s13g01391
tc180s3g01763,hli2s12g01420,hli2s13g01390
tc180s3g01764,hli2s12g01419,.
tc180s3g01765,.,.
tc180s3g01766,hli2s12g01417,.
tc180s3g01767,hli2s12g01416,hli2s13g01376
tc180s3g01768,.,.
tc180s3g01769,hli2s12g01415,.
tc180s3g01770,hli2s12g01414,hli2s13g01374
tc180s3g01771,.,hli2s13g01373
tc180s3g01772,.,.
tc180s3g01773,hli2s12g01412,.
tc180s3g01774,.,hli2s13g01371
tc180s3g01775,.,hli2s13g01370
tc180s3g01776,.,.
tc180s3g01777,.,hli2s13g01369
tc180s3g01778,hli2s12g01411,hli2s13g01368
tc180s3g01779,hli2s12g01410,.
tc180s3g01780,hli2s12g01409,.
tc180s3g01781,.,.
tc180s3g01782,hli2s12g01408,hli2s13g01367
tc180s3g01783,hli2s12g01406,hli2s13g01366
tc180s3g01784,.,hli2s13g01365
tc180s3g01785,hli2s12g01405,.
tc180s3g01786,hli2s12g01404,hli2s13g01364
tc180s3g01787,.,.
tc180s3g01788,hli2s12g01403,hli2s13g01363
tc180s3g01789,.,.
tc180s3g01790,hli2s12g01401,hli2s13g01362
tc180s3g01791,.,hli2s13g01358
tc180s3g01792,.,.
tc180s3g01793,.,.
tc180s3g01794,hli2s12g01400,hli2s13g01357
tc180s3g01795,hli2s12g01399,.
tc180s3g01796,hli2s12g01398,hli2s13g01355
tc180s3g01797,hli2s12g01397,hli2s13g01354
tc180s3g01798,.,.
tc180s3g01799,hli2s12g01396,.
tc180s3g01800,.,.
tc180s3g01801,.,hli2s13g01353
tc180s3g01802,.,.
tc180s3g01803,hli2s12g01394,.
tc180s3g01804,.,.
tc180s3g01805,hli2s12g01393,.
tc180s3g01806,.,.
tc180s3g01807,.,hli2s13g01349
tc180s3g01808,.,.
tc180s3g01809,hli2s12g01392,.
tc180s3g01810,hli2s12g01391,hli2s13g01348
tc180s3g01811,hli2s12g01390,hli2s13g01347
tc180s3g01812,.,hli2s13g01346
tc180s3g01813,hli2s12g01389,hli2s13g01345
tc180s3g01814,hli2s12g01388,hli2s13g01344
tc180s3g01815,.,.
tc180s3g01816,.,.
tc180s3g01817,.,.
tc180s3g01818,.,.
tc180s3g01819,hli2s12g01387,hli2s13g01343
tc180s3g01820,hli2s12g01386,hli2s13g01342
tc180s3g01821,.,.
tc180s3g01822,.,.
tc180s3g01823,hli2s12g01383,hli2s13g01340
tc180s3g01824,.,hli2s13g01339
tc180s3g01825,hli2s12g01382,hli2s13g01338
tc180s3g01826,.,.
tc180s3g01827,hli2s12g01380,hli2s13g01335
tc180s3g01828,hli2s12g01379,.
tc180s3g01829,.,hli2s13g01334
tc180s3g01830,.,.
tc180s3g01831,.,.
tc180s3g01832,hli2s12g01378,hli2s13g01333
tc180s3g01833,hli2s12g01377,hli2s13g01332
tc180s3g01834,hli2s12g01376,hli2s13g01331
tc180s3g01835,hli2s12g01375,hli2s13g01329
tc180s3g01836,hli2s12g01374,hli2s13g01328
tc180s3g01837,.,hli2s13g01326
tc180s3g01838,.,.
tc180s3g01839,hli2s12g01373,hli2s13g01325
tc180s3g01840,.,.
tc180s3g01841,hli2s12g01371,hli2s13g01323
tc180s3g01842,hli2s12g01370,.
tc180s3g01843,hli2s12g01369,hli2s13g01321
tc180s3g01844,hli2s12g01368,.
tc180s3g01845,.,.
tc180s3g01846,.,.
tc180s3g01847,.,.
tc180s3g01848,.,.
tc180s3g01849,.,.
tc180s3g01850,.,.
tc180s3g01851,.,.
tc180s3g01852,hli2s12g01366,.
tc180s3g01853,.,.
tc180s3g01854,hli2s12g01365,hli2s13g01320
tc180s3g01855,.,hli2s13g01319
tc180s3g01856,hli2s12g01364,hli2s13g01317
tc180s3g01857,.,.
tc180s3g01858,.,hli2s13g01316
tc180s3g01859,hli2s12g01362,hli2s13g01315
tc180s3g01860,hli2s12g01357,.
tc180s3g01861,hli2s12g01354,.
tc180s3g01862,hli2s12g01353,.
tc180s3g01863,hli2s12g01352,.
tc180s3g01864,.,.
tc180s3g01865,hli2s12g01349,hli2s13g01314
tc180s3g01866,hli2s12g01348,.
tc180s3g01867,.,.
tc180s3g01868,.,.
tc180s3g01869,hli2s12g01347,hli2s13g01313
tc180s3g01870,.,.
tc180s3g01871,.,.
tc180s3g01872,hli2s12g01345,hli2s13g01312
tc180s3g01873,hli2s12g01344,.
tc180s3g01874,hli2s12g01343,hli2s13g01311
tc180s3g01875,hli2s12g01342,hli2s13g01310
tc180s3g01876,hli2s12g01341,.
tc180s3g01877,.,hli2s13g01309
tc180s3g01878,hli2s12g01340,.
tc180s3g01879,hli2s12g01339,hli2s13g01308
tc180s3g01880,hli2s12g01338,.
tc180s3g01881,hli2s12g01336,.
tc180s3g01882,hli2s12g01335,hli2s13g01307
tc180s3g01883,.,hli2s13g01306
tc180s3g01884,.,.
tc180s3g01885,hli2s12g01334,hli2s13g01305
tc180s3g01886,.,.
tc180s3g01887,.,.
tc180s3g01888,.,hli2s13g01303
tc180s3g01889,hli2s12g01333,hli2s13g01302
tc180s3g01890,hli2s12g01332,hli2s13g01301
tc180s3g01891,hli2s12g01331,.
tc180s3g01892,.,.
tc180s3g01893,.,.
tc180s3g01894,.,.
tc180s3g01895,hli2s12g01330,hli2s13g01300
tc180s3g01896,.,hli2s13g01299
tc180s3g01897,hli2s12g01328,.
tc180s3g01898,.,hli2s13g01298
tc180s3g01899,hli2s12g01327,hli2s13g01297
tc180s3g01900,hli2s12g01326,hli2s13g01296
tc180s3g01901,hli2s12g01325,hli2s13g01295
tc180s3g01902,hli2s12g01323,hli2s13g01294
tc180s3g01903,hli2s12g01322,.
tc180s3g01904,.,hli2s13g01293
tc180s3g01905,hli2s12g01321,.
tc180s3g01906,.,.
tc180s3g01907,hli2s12g01319,hli2s13g01292
tc180s3g01908,.,.
tc180s3g01909,.,hli2s13g01288
tc180s3g01910,.,hli2s13g01287
tc180s3g01911,.,hli2s13g01286
tc180s3g01912,.,hli2s13g01285
tc180s3g01913,hli2s12g01318,hli2s13g01284
tc180s3g01914,.,hli2s13g01283
tc180s3g01915,.,.
tc180s3g01916,hli2s12g01316,.
tc180s3g01917,hli2s12g01315,hli2s13g01282
tc180s3g01918,hli2s12g01314,.
tc180s3g01919,hli2s12g01313,hli2s13g01281
tc180s3g01920,hli2s12g01312,hli2s13g01279
tc180s3g01921,hli2s12g01311,hli2s13g01278
tc180s3g01922,.,.
tc180s3g01923,hli2s12g01310,hli2s13g01277
tc180s3g01924,hli2s12g01309,hli2s13g01276
tc180s3g01925,.,hli2s13g01275
tc180s3g01926,hli2s12g01308,hli2s13g01274
tc180s3g01927,hli2s12g01307,hli2s13g01273
tc180s3g01928,hli2s12g01306,hli2s13g01272
tc180s3g01929,hli2s12g01305,hli2s13g01271
tc180s3g01930,hli2s12g01304,hli2s13g01270
tc180s3g01931,.,.
tc180s3g01932,.,hli2s13g01269
tc180s3g01933,.,.
tc180s3g01934,hli2s12g01303,hli2s13g01268
tc180s3g01935,.,hli2s13g01267
tc180s3g01936,.,hli2s13g01266
tc180s3g01937,hli2s12g01300,hli2s13g01265
tc180s3g01938,hli2s12g01299,.
tc180s3g01939,.,hli2s13g01264
tc180s3g01940,hli2s12g01298,.
tc180s3g01941,hli2s12g01297,hli2s13g01263
tc180s3g01942,.,hli2s13g01262
tc180s3g01943,.,.
tc180s3g01944,.,.
tc180s3g01945,.,hli2s13g01260
tc180s3g01946,.,.
tc180s3g01947,hli2s12g01295,.
tc180s3g01948,.,.
tc180s3g01949,hli2s12g01294,hli2s13g01259
tc180s3g01950,.,.
tc180s3g01951,hli2s12g01293,hli2s13g01258
tc180s3g01952,.,.
tc180s3g01953,hli2s12g01292,.
tc180s3g01954,hli2s12g01291,hli2s13g01257
tc180s3g01955,hli2s12g01290,hli2s13g01256
tc180s3g01956,hli2s12g01288,hli2s13g01255
tc180s3g01957,hli2s12g01287,hli2s13g01254
tc180s3g01958,hli2s12g01286,hli2s13g01253
tc180s3g01959,hli2s12g01284,.
tc180s3g01960,.,.
tc180s3g01961,.,hli2s13g01252
tc180s3g01962,hli2s12g01283,.
tc180s3g01963,.,hli2s13g01251
tc180s3g01964,.,hli2s13g01250
tc180s3g01965,hli2s12g01282,hli2s13g01249
tc180s3g01966,hli2s12g01281,.
tc180s3g01967,.,.
tc180s3g01968,.,.
tc180s3g01969,.,.
tc180s3g01970,.,.
tc180s3g01971,.,.
tc180s3g01972,hli2s12g01280,.
tc180s3g01973,hli2s12g01279,.
tc180s3g01974,.,.
tc180s3g01975,.,hli2s13g01247
tc180s3g01976,hli2s12g01277,hli2s13g01246
tc180s3g01977,.,hli2s13g01245
tc180s3g01978,.,hli2s13g01244
tc180s3g01979,hli2s12g01276,hli2s13g01243
tc180s3g01980,hli2s12g01275,hli2s13g01242
tc180s3g01981,.,hli2s13g01241
tc180s3g01982,.,.
tc180s3g01983,.,.
tc180s3g01984,.,.
tc180s3g01985,hli2s12g01274,hli2s13g01240
tc180s3g01986,hli2s12g01273,.
tc180s3g01987,hli2s12g01272,.
tc180s3g01988,hli2s12g01271,.
tc180s3g01989,hli2s12g01270,.
tc180s3g01990,hli2s12g01268,hli2s13g01239
tc180s3g01991,hli2s12g01267,hli2s13g01238
tc180s3g01992,hli2s12g01266,hli2s13g01237
tc180s3g01993,.,hli2s13g01236
tc180s3g01994,.,.
tc180s3g01995,hli2s12g01265,hli2s13g01235
tc180s3g01996,hli2s12g01264,hli2s13g01234
tc180s3g01997,.,.
tc180s3g01998,hli2s12g01263,.
tc180s3g01999,.,.
tc180s3g02000,hli2s12g01262,.
tc180s3g02001,hli2s12g01261,.
tc180s3g02002,hli2s12g01260,hli2s13g01233
tc180s3g02003,.,hli2s13g01232
tc180s3g02004,.,.
tc180s3g02005,hli2s12g01259,hli2s13g01231
tc180s3g02006,hli2s12g01257,hli2s13g01230
tc180s3g02007,hli2s12g01256,hli2s13g01229
tc180s3g02008,hli2s12g01255,.
tc180s3g02009,.,.
tc180s3g02010,hli2s12g01254,hli2s13g01227
tc180s3g02011,hli2s12g01253,.
tc180s3g02012,hli2s12g01252,hli2s13g01226
tc180s3g02013,.,hli2s13g01225
tc180s3g02014,.,.
tc180s3g02015,.,.
tc180s3g02016,.,hli2s13g01224
tc180s3g02017,hli2s12g01251,hli2s13g01223
tc180s3g02018,.,.
tc180s3g02019,.,hli2s13g01222
tc180s3g02020,hli2s12g01250,.
tc180s3g02021,hli2s12g01249,hli2s13g01221
tc180s3g02022,.,hli2s13g01220
tc180s3g02023,.,.
tc180s3g02024,hli2s12g01248,hli2s13g01219
tc180s3g02025,hli2s12g01247,hli2s13g01217
tc180s3g02026,hli2s12g01246,hli2s13g01216
tc180s3g02027,hli2s12g01244,hli2s13g01215
tc180s3g02028,.,hli2s13g01214
tc180s3g02029,.,.
tc180s3g02030,.,.
tc180s3g02031,hli2s12g01242,hli2s13g01213
tc180s3g02032,.,hli2s13g01212
tc180s3g02033,.,hli2s13g01210
tc180s3g02034,hli2s12g01241,hli2s13g01209
tc180s3g02035,hli2s12g01240,hli2s13g01208
tc180s3g02036,.,hli2s13g01207
tc180s3g02037,hli2s12g01239,hli2s13g01206
tc180s3g02038,.,.
tc180s3g02039,.,.
tc180s3g02040,hli2s12g01238,hli2s13g01205
tc180s3g02041,hli2s12g01237,hli2s13g01204
tc180s3g02042,hli2s12g01236,hli2s13g01201
tc180s3g02043,hli2s12g01235,hli2s13g01200
tc180s3g02044,.,.
tc180s3g02045,hli2s12g01234,hli2s13g01198
tc180s3g02046,hli2s12g01233,.
tc180s3g02047,hli2s12g01232,hli2s13g01197
tc180s3g02048,hli2s12g01231,.
tc180s3g02049,hli2s12g01230,hli2s13g01196
tc180s3g02050,hli2s12g01229,hli2s13g01194
tc180s3g02051,.,.
tc180s3g02052,hli2s12g01228,.
tc180s3g02053,.,hli2s13g01193
tc180s3g02054,.,.
tc180s3g02055,hli2s12g01227,hli2s13g01191
tc180s3g02056,hli2s12g01226,hli2s13g01190
tc180s3g02057,hli2s12g01225,hli2s13g01189
tc180s3g02058,hli2s12g01224,hli2s13g01188
tc180s3g02059,.,.
tc180s3g02060,hli2s12g01223,hli2s13g01187
tc180s3g02061,.,.
tc180s3g02062,hli2s12g01219,hli2s13g01185
tc180s3g02063,hli2s12g01218,hli2s13g01184
tc180s3g02064,hli2s12g01217,hli2s13g01183
tc180s3g02065,hli2s12g01216,hli2s13g01182
tc180s3g02066,.,hli2s13g01180
tc180s3g02067,hli2s12g01214,hli2s13g01179
tc180s3g02068,.,hli2s13g01178
tc180s3g02069,hli2s12g01212,hli2s13g01177
tc180s3g02070,.,.
tc180s3g02071,.,hli2s13g01176
tc180s3g02072,hli2s12g01211,hli2s13g01175
tc180s3g02073,.,hli2s13g01174
tc180s3g02074,hli2s12g01210,hli2s13g01173
tc180s3g02075,.,hli2s13g01172
tc180s3g02076,hli2s12g01209,hli2s13g01171
tc180s3g02077,.,.
tc180s3g02078,.,.
tc180s3g02079,.,.
tc180s3g02080,.,.
tc180s3g02081,.,.
tc180s3g02082,.,.
tc180s3g02083,.,hli2s13g01168
tc180s3g02084,hli2s12g01208,hli2s13g01167
tc180s3g02085,.,hli2s13g01166
tc180s3g02086,hli2s12g01206,hli2s13g01165
tc180s3g02087,hli2s12g01205,hli2s13g01164
tc180s3g02088,hli2s12g01204,hli2s13g01163
tc180s3g02089,.,hli2s13g01162
tc180s3g02090,.,hli2s13g01161
tc180s3g02091,hli2s12g01203,.
tc180s3g02092,.,.
tc180s3g02093,.,.
tc180s3g02094,.,.
tc180s3g02095,hli2s12g01202,.
tc180s3g02096,.,hli2s13g01160
tc180s3g02097,.,hli2s13g01159
tc180s3g02098,hli2s12g01201,.
tc180s3g02099,hli2s12g01200,hli2s13g01158
tc180s3g02100,.,.
tc180s3g02101,hli2s12g01199,.
tc180s3g02102,hli2s12g01198,hli2s13g01155
tc180s3g02103,hli2s12g01197,.
tc180s3g02104,.,.
tc180s3g02105,.,hli2s13g01154
tc180s3g02106,.,hli2s13g01151
tc180s3g02107,hli2s12g01196,hli2s13g01149
tc180s3g02108,hli2s12g01195,hli2s13g01148
tc180s3g02109,hli2s12g01194,hli2s13g01147
tc180s3g02110,.,.
tc180s3g02111,.,.
tc180s3g02112,hli2s12g01192,hli2s13g01145
tc180s3g02113,.,.
tc180s3g02114,.,hli2s13g01143
tc180s3g02115,hli2s12g01191,hli2s13g01142
tc180s3g02116,hli2s12g01189,.
tc180s3g02117,hli2s12g01188,hli2s13g01141
tc180s3g02118,hli2s12g01187,hli2s13g01140
tc180s3g02119,hli2s12g01185,hli2s13g01139
tc180s3g02120,.,hli2s13g01138
tc180s3g02121,hli2s12g01184,hli2s13g01137
tc180s3g02122,.,hli2s13g01136
tc180s3g02123,hli2s12g01183,hli2s13g01135
tc180s3g02124,hli2s12g01182,hli2s13g01134
tc180s3g02125,.,.
tc180s3g02126,.,.
tc180s3g02127,hli2s12g01180,hli2s13g01132
tc180s3g02128,hli2s12g01179,hli2s13g01131
tc180s3g02129,hli2s12g01177,hli2s13g01130
tc180s3g02130,hli2s12g01176,.
tc180s3g02131,hli2s12g01175,.
tc180s3g02132,.,.
tc180s3g02133,hli2s12g01174,.
tc180s3g02134,hli2s12g01173,hli2s13g01129
tc180s3g02135,.,hli2s13g01127
tc180s3g02136,.,.
tc180s3g02137,hli2s12g01172,hli2s13g01126
tc180s3g02138,hli2s12g01170,hli2s13g01125
tc180s3g02139,.,hli2s13g01124
tc180s3g02140,.,.
tc180s3g02141,.,.
tc180s3g02142,hli2s12g01168,hli2s13g01123
tc180s3g02143,hli2s12g01167,.
tc180s3g02144,hli2s12g01165,.
tc180s3g02145,hli2s12g01164,hli2s13g01121
tc180s3g02146,hli2s12g01163,hli2s13g01120
tc180s3g02147,hli2s12g01162,hli2s13g01119
tc180s3g02148,.,hli2s13g01118
tc180s3g02149,.,.
tc180s3g02150,hli2s12g01161,hli2s13g01116
tc180s3g02151,hli2s12g01160,hli2s13g01115
tc180s3g02152,.,.
tc180s3g02153,.,hli2s13g01114
tc180s3g02154,.,.
tc180s3g02155,hli2s12g01158,hli2s13g01112
tc180s3g02156,hli2s12g01157,hli2s13g01111
tc180s3g02157,.,hli2s13g01110
tc180s3g02158,hli2s12g01156,hli2s13g01109
tc180s3g02159,.,hli2s13g01108
tc180s3g02160,.,hli2s13g01107
tc180s3g02161,.,.
tc180s3g02162,.,hli2s13g01106
tc180s3g02163,hli2s12g01153,hli2s13g01105
tc180s3g02164,.,.
tc180s3g02165,.,hli2s13g01104
tc180s3g02166,hli2s12g01152,hli2s13g01103
tc180s3g02167,.,hli2s13g01102
tc180s3g02168,hli2s12g01151,hli2s13g01101
tc180s3g02169,hli2s12g01150,hli2s13g01100
tc180s3g02170,.,hli2s13g01099
tc180s3g02171,hli2s12g01149,.
tc180s3g02172,hli2s12g01147,hli2s13g01098
tc180s3g02173,hli2s12g01146,hli2s13g01097
tc180s3g02174,.,.
tc180s3g02175,.,.
tc180s3g02176,hli2s12g01143,hli2s13g01095
tc180s3g02177,hli2s12g01142,hli2s13g01094
tc180s3g02178,hli2s12g01140,hli2s13g01093
tc180s3g02179,hli2s12g01139,.
tc180s3g02180,.,hli2s13g01092
tc180s3g02181,hli2s12g01138,hli2s13g01090
tc180s3g02182,hli2s12g01137,.
tc180s3g02183,hli2s12g01135,.
tc180s3g02184,hli2s12g01132,hli2s13g01089
tc180s3g02185,hli2s12g01131,.
tc180s3g02186,hli2s12g01130,hli2s13g01088
tc180s3g02187,hli2s12g01126,hli2s13g01086
tc180s3g02188,.,.
tc180s3g02189,hli2s12g01124,hli2s13g01085
tc180s3g02190,hli2s12g01123,hli2s13g01084
tc180s3g02191,hli2s12g01122,hli2s13g01083
tc180s3g02192,.,.
tc180s3g02193,hli2s12g01119,.
tc180s3g02194,.,.
tc180s3g02195,.,.
tc180s3g02196,.,.
tc180s3g02197,.,hli2s13g01079
tc180s3g02198,.,.
tc180s3g02199,.,.
tc180s3g02200,hli2s12g01118,hli2s13g01078
tc180s3g02201,hli2s12g01117,hli2s13g01077
tc180s3g02202,,hli2s13g01480
tc180s3g02203,hli2s12g01537,hli2s13g01481
tc180s3g02204,hli2s12g01538,hli2s13g01482
tc180s3g02205,.,.
tc180s3g02206,hli2s12g01539,.
tc180s3g02207,.,.
tc180s3g02208,hli2s12g01540,hli2s13g01484
tc180s3g02209,hli2s12g01541,.
tc180s3g02210,hli2s12g01542,.
tc180s3g02211,.,.
tc180s3g02212,hli2s12g01543,.
tc180s3g02213,.,hli2s13g01485
tc180s3g02214,hli2s12g01544,.
tc180s3g02215,.,.
tc180s3g02216,.,hli2s13g01486
tc180s3g02217,.,hli2s13g01487
tc180s3g02218,hli2s12g01545,hli2s13g01488
tc180s3g02219,hli2s12g01546,hli2s13g01489
tc180s3g02220,hli2s12g01547,.
tc180s3g02221,.,.
tc180s3g02222,.,.
tc180s3g02223,.,.
tc180s3g02224,hli2s12g01548,hli2s13g01490
tc180s3g02225,hli2s12g01550,hli2s13g01491
tc180s3g02226,.,.
tc180s3g02227,.,hli2s13g01492
tc180s3g02228,.,hli2s13g01493
tc180s3g02229,hli2s12g01551,hli2s13g01495
tc180s3g02230,hli2s12g01552,.
tc180s3g02231,hli2s12g01553,hli2s13g01496
tc180s3g02232,hli2s12g01554,.
tc180s3g02233,hli2s12g01555,hli2s13g01497
tc180s3g02234,.,.
tc180s3g02235,.,hli2s13g01498
tc180s3g02236,hli2s12g01557,.
tc180s3g02237,hli2s12g01559,.
tc180s3g02238,hli2s12g01560,.
tc180s3g02239,hli2s12g01561,hli2s13g01499
tc180s3g02240,hli2s12g01562,hli2s13g01500
tc180s3g02241,hli2s12g01563,hli2s13g01501
tc180s3g02242,hli2s12g01564,.
tc180s3g02243,hli2s12g01565,.
tc180s3g02244,.,.
tc180s3g02245,.,.
tc180s3g02246,hli2s12g01566,hli2s13g01503
tc180s3g02247,hli2s12g01567,.
tc180s3g02248,hli2s12g01568,.
tc180s3g02249,hli2s12g01569,hli2s13g01504
tc180s3g02250,hli2s12g01570,.
tc180s3g02251,.,.
tc180s3g02252,hli2s12g01571,hli2s13g01505
tc180s3g02253,hli2s12g01572,hli2s13g01506
tc180s3g02254,hli2s12g01573,hli2s13g01507
tc180s3g02255,hli2s12g01574,hli2s13g01509
tc180s3g02256,.,.
tc180s3g02257,.,.
tc180s3g02258,.,hli2s13g01510
tc180s3g02259,.,.
tc180s3g02260,hli2s12g01575,.
tc180s3g02261,.,.
tc180s3g02262,.,.
tc180s3g02263,hli2s12g01576,.
tc180s3g02264,.,.
tc180s3g02265,hli2s12g01578,.
tc180s3g02266,hli2s12g01581,.
tc180s3g02267,hli2s12g01582,hli2s13g01511
tc180s3g02268,hli2s12g01583,hli2s13g01514
tc180s3g02269,.,.
tc180s3g02270,.,hli2s13g01515
tc180s3g02271,hli2s12g01584,.
tc180s3g02272,hli2s12g01585,hli2s13g01516
tc180s3g02273,hli2s12g01586,.
tc180s3g02274,hli2s12g01587,.
tc180s3g02275,hli2s12g01588,.
tc180s3g02276,hli2s12g01589,.
tc180s3g02277,hli2s12g01590,hli2s13g01517
tc180s3g02278,hli2s12g01592,hli2s13g01518
tc180s3g02279,hli2s12g01595,hli2s13g01519
tc180s3g02280,.,hli2s13g01520
tc180s3g02281,.,.
tc180s3g02282,hli2s12g01596,hli2s13g01521
tc180s3g02283,.,hli2s13g01522
tc180s3g02284,hli2s12g01597,hli2s13g01523
tc180s3g02285,hli2s12g01598,hli2s13g01524
tc180s3g02286,hli2s12g01600,hli2s13g01525
tc180s3g02287,.,.
tc180s3g02288,.,.
tc180s3g02289,.,.
tc180s3g02290,.,hli2s13g01527
tc180s3g02291,.,hli2s13g01528
tc180s3g02292,.,hli2s13g01529
tc180s3g02293,hli2s12g01601,hli2s13g01530
tc180s3g02294,hli2s12g01602,hli2s13g01531
tc180s3g02295,.,.
tc180s3g02296,hli2s12g01603,.
tc180s3g02297,hli2s12g01604,.
tc180s3g02298,.,.
tc180s3g02299,hli2s12g01606,.
tc180s3g02300,hli2s12g01607,hli2s13g01532
tc180s3g02301,hli2s12g01608,.
tc180s3g02302,.,.
tc180s3g02303,.,hli2s13g01533
tc180s3g02304,hli2s12g01609,.
tc180s3g02305,.,hli2s13g01534
tc180s3g02306,.,.
tc180s3g02307,.,.
tc180s3g02308,hli2s12g01610,hli2s13g01535
tc180s3g02309,hli2s12g01612,hli2s13g01537
tc180s3g02310,hli2s12g01613,hli2s13g01538
tc180s3g02311,hli2s12g01614,hli2s13g01539
tc180s3g02312,hli2s12g01615,.
tc180s3g02313,.,.
tc180s3g02314,.,.
tc180s3g02315,hli2s12g01617,.
tc180s3g02316,hli2s12g01618,.
tc180s3g02317,.,.
tc180s3g02318,hli2s12g01620,hli2s13g01540
tc180s3g02319,.,.
tc180s3g02320,hli2s12g01621,hli2s13g01541
tc180s3g02321,.,.
tc180s3g02322,hli2s12g01623,hli2s13g01543
tc180s3g02323,hli2s12g01624,.
tc180s3g02324,.,hli2s13g01544
tc180s3g02325,hli2s12g01625,.
tc180s3g02326,.,.
tc180s3g02327,hli2s12g01626,.
tc180s3g02328,.,.
tc180s3g02329,.,hli2s13g01547
tc180s3g02330,.,.
tc180s3g02331,.,.
tc180s3g02332,.,hli2s13g01548
tc180s3g02333,hli2s12g01627,hli2s13g01549
tc180s3g02334,hli2s12g01628,.
tc180s3g02335,.,.
tc180s3g02336,hli2s12g01630,.
tc180s3g02337,hli2s12g01631,hli2s13g01550
tc180s3g02338,.,hli2s13g01552
tc180s3g02339,hli2s12g01632,hli2s13g01553
tc180s3g02340,.,.
tc180s3g02341,hli2s12g01633,.
tc180s3g02342,.,.
tc180s3g02343,.,.
tc180s3g02344,.,.
tc180s3g02345,.,hli2s13g01554
tc180s3g02346,.,hli2s13g01555
tc180s3g02347,.,.
tc180s3g02348,.,.
tc180s3g02349,.,.
tc180s3g02350,.,.
tc180s3g02351,.,hli2s13g01556
tc180s3g02352,.,hli2s13g01557
tc180s3g02353,.,.
tc180s3g02354,.,.
tc180s3g02355,.,.
tc180s3g02356,hli2s12g01636,.
tc180s3g02357,,.
tc180s3g02358,,hli2s13g01559
tc180s3g02359,,hli2s13g01561
tc180s3g02360,,hli2s13g01562
tc180s3g02361,,.
tc180s3g02362,,hli2s13g01563
tc180s3g02363,,
tc180s3g02364,,
tc180s3g02365,,
tc180s3g02366,,
tc180s3g02367,,
