tc180s3g00001,,,
tc180s3g00002,,,
tc180s3g00003,,,
tc180s3g00004,,,
tc180s3g00005,dz186s3g01240,,
tc180s3g00006,dz186s3g01239,dz186s14g00867,
tc180s3g00007,dz186s3g01238,.,dz186s15g00824
tc180s3g00008,.,dz186s14g00866,.
tc180s3g00009,dz186s3g01236,dz186s14g00865,dz186s15g00823
tc180s3g00010,dz186s3g01235,dz186s14g00864,.
tc180s3g00011,dz186s3g01234,.,.
tc180s3g00012,dz186s3g01233,dz186s14g00863,dz186s15g00822
tc180s3g00013,.,.,dz186s15g00821
tc180s3g00014,dz186s3g01232,dz186s14g00862,.
tc180s3g00015,.,.,dz186s15g00820
tc180s3g00016,.,.,dz186s15g00819
tc180s3g00017,dz186s3g01230,dz186s14g00861,.
tc180s3g00018,dz186s3g01229,dz186s14g00859,dz186s15g00817
tc180s3g00019,dz186s3g01228,.,dz186s15g00816
tc180s3g00020,.,.,.
tc180s3g00021,.,.,dz186s15g00815
tc180s3g00022,dz186s3g01227,.,.
tc180s3g00023,dz186s3g01226,dz186s14g00858,.
tc180s3g00024,.,dz186s14g00857,.
tc180s3g00025,dz186s3g01225,dz186s14g00856,dz186s15g00813
tc180s3g00026,.,dz186s14g00855,.
tc180s3g00027,dz186s3g01224,dz186s14g00854,.
tc180s3g00028,dz186s3g01223,.,.
tc180s3g00029,.,.,dz186s15g00812
tc180s3g00030,dz186s3g01221,dz186s14g00853,dz186s15g00810
tc180s3g00031,.,dz186s14g00852,.
tc180s3g00032,dz186s3g01220,.,.
tc180s3g00033,dz186s3g01219,dz186s14g00851,dz186s15g00809
tc180s3g00034,dz186s3g01218,dz186s14g00850,.
tc180s3g00035,dz186s3g01217,dz186s14g00849,.
tc180s3g00036,dz186s3g01216,dz186s14g00848,dz186s15g00808
tc180s3g00037,.,.,.
tc180s3g00038,.,dz186s14g00847,.
tc180s3g00039,dz186s3g01215,dz186s14g00846,dz186s15g00807
tc180s3g00040,dz186s3g01214,dz186s14g00845,.
tc180s3g00041,dz186s3g01213,.,dz186s15g00806
tc180s3g00042,dz186s3g01212,.,dz186s15g00805
tc180s3g00043,.,dz186s14g00844,dz186s15g00804
tc180s3g00044,dz186s3g01211,.,.
tc180s3g00045,dz186s3g01210,.,dz186s15g00803
tc180s3g00046,dz186s3g01209,.,dz186s15g00802
tc180s3g00047,dz186s3g01208,.,.
tc180s3g00048,dz186s3g01207,.,.
tc180s3g00049,dz186s3g01206,dz186s14g00842,.
tc180s3g00050,dz186s3g01205,.,dz186s15g00801
tc180s3g00051,dz186s3g01204,dz186s14g00841,.
tc180s3g00052,dz186s3g01203,.,.
tc180s3g00053,dz186s3g01202,.,.
tc180s3g00054,.,.,.
tc180s3g00055,.,dz186s14g00840,.
tc180s3g00056,.,.,dz186s15g00800
tc180s3g00057,dz186s3g01201,dz186s14g00839,.
tc180s3g00058,dz186s3g01200,.,.
tc180s3g00059,.,.,.
tc180s3g00060,dz186s3g01198,dz186s14g00837,.
tc180s3g00061,.,.,dz186s15g00797
tc180s3g00062,.,.,dz186s15g00796
tc180s3g00063,.,.,dz186s15g00794
tc180s3g00064,dz186s3g01197,dz186s14g00835,.
tc180s3g00065,dz186s3g01195,.,dz186s15g00793
tc180s3g00066,.,dz186s14g00834,.
tc180s3g00067,dz186s3g01194,dz186s14g00833,dz186s15g00792
tc180s3g00068,.,dz186s14g00832,dz186s15g00791
tc180s3g00069,dz186s3g01193,.,dz186s15g00790
tc180s3g00070,dz186s3g01192,.,.
tc180s3g00071,dz186s3g01191,.,dz186s15g00789
tc180s3g00072,dz186s3g01190,.,.
tc180s3g00073,dz186s3g01189,.,.
tc180s3g00074,dz186s3g01188,dz186s14g00831,.
tc180s3g00075,dz186s3g01187,.,.
tc180s3g00076,dz186s3g01186,.,.
tc180s3g00077,.,.,.
tc180s3g00078,.,.,.
tc180s3g00079,.,.,.
tc180s3g00080,.,.,.
tc180s3g00081,dz186s3g01185,dz186s14g00830,.
tc180s3g00082,dz186s3g01184,dz186s14g00829,.
tc180s3g00083,dz186s3g01183,dz186s14g00806,.
tc180s3g00084,dz186s3g01182,.,.
tc180s3g00085,.,.,dz186s15g00788
tc180s3g00086,dz186s3g01181,dz186s14g00807,dz186s15g00787
tc180s3g00087,dz186s3g01180,.,
tc180s3g00088,dz186s3g01179,.,
tc180s3g00089,.,.,
tc180s3g00090,dz186s3g01178,.,
tc180s3g00091,.,dz186s14g00808,
tc180s3g00092,.,dz186s14g00809,
tc180s3g00093,dz186s3g01177,dz186s14g00810,
tc180s3g00094,.,.,
tc180s3g00095,dz186s3g01176,dz186s14g00811,
tc180s3g00096,dz186s3g01175,.,
tc180s3g00097,dz186s3g01174,dz186s14g00812,
tc180s3g00098,dz186s3g01173,dz186s14g00814,
tc180s3g00099,dz186s3g01172,.,
tc180s3g00100,dz186s3g01171,.,
tc180s3g00101,dz186s3g01170,.,
tc180s3g00102,.,.,
tc180s3g00103,.,.,
tc180s3g00104,dz186s3g01168,.,
tc180s3g00105,dz186s3g01167,.,
tc180s3g00106,.,dz186s14g00815,
tc180s3g00107,dz186s3g01166,.,
tc180s3g00108,.,.,
tc180s3g00109,.,dz186s14g00816,
tc180s3g00110,.,.,
tc180s3g00111,.,.,
tc180s3g00112,.,.,
tc180s3g00113,.,.,
tc180s3g00114,.,.,
tc180s3g00115,dz186s3g01149,.,
tc180s3g00116,.,dz186s14g00817,
tc180s3g00117,dz186s3g01150,dz186s14g00818,
tc180s3g00118,dz186s3g01151,dz186s14g00819,
tc180s3g00119,.,.,
tc180s3g00120,dz186s3g01152,.,
tc180s3g00121,.,dz186s14g00823,
tc180s3g00122,.,dz186s14g00822,
tc180s3g00123,dz186s3g01153,dz186s14g00820,
tc180s3g00124,dz186s3g01720,.,
tc180s3g00125,.,dz186s14g01177,
tc180s3g00126,dz186s3g01721,dz186s14g01178,
tc180s3g00127,.,dz186s14g01179,
tc180s3g00128,dz186s3g01722,.,
tc180s3g00129,dz186s3g01723,.,
tc180s3g00130,.,.,
tc180s3g00131,dz186s3g01724,.,
tc180s3g00132,dz186s3g01725,.,
tc180s3g00133,dz186s3g01726,dz186s14g01180,
tc180s3g00134,dz186s3g01727,dz186s14g01184,
tc180s3g00135,.,.,
tc180s3g00136,.,.,
tc180s3g00137,.,.,
tc180s3g00138,.,.,
tc180s3g00139,dz186s3g01728,dz186s14g01182,
tc180s3g00140,.,.,
tc180s3g00141,.,.,
tc180s3g00142,dz186s3g01160,.,
tc180s3g00143,.,.,
tc180s3g00144,.,.,
tc180s3g00145,dz186s3g01159,.,
tc180s3g00146,dz186s3g01158,dz186s14g00824,
tc180s3g00147,dz186s3g01157,.,
tc180s3g00148,dz186s3g01156,.,
tc180s3g00149,dz186s3g01155,.,
tc180s3g00150,dz186s3g01154,.,
tc180s3g00151,dz186s3g01719,.,
tc180s3g00152,dz186s3g01718,.,
tc180s3g00153,.,.,
tc180s3g00154,.,dz186s14g01176,
tc180s3g00155,dz186s3g01717,dz186s14g01175,
tc180s3g00156,.,.,
tc180s3g00157,dz186s3g01716,.,
tc180s3g00158,dz186s3g01715,dz186s14g01174,
tc180s3g00159,dz186s3g01714,dz186s14g01173,
tc180s3g00160,dz186s3g01713,.,
tc180s3g00161,.,dz186s14g01172,
tc180s3g00162,dz186s3g01712,.,
tc180s3g00163,dz186s3g01711,dz186s14g01171,
tc180s3g00164,.,dz186s14g01170,
tc180s3g00165,.,dz186s14g01169,
tc180s3g00166,dz186s3g01710,.,
tc180s3g00167,,dz186s14g01168,
tc180s3g00168,,dz186s14g00699,dz186s15g00657
tc180s3g00169,,dz186s14g00700,dz186s15g00658
tc180s3g00170,dz186s3g00951,dz186s14g00701,.
tc180s3g00171,.,dz186s14g00703,dz186s15g00660
tc180s3g00172,dz186s3g00950,dz186s14g00704,dz186s15g00661
tc180s3g00173,dz186s3g00949,.,dz186s15g00662
tc180s3g00174,dz186s3g00947,.,dz186s15g00663
tc180s3g00175,dz186s3g00946,dz186s14g00705,dz186s15g00664
tc180s3g00176,dz186s3g00945,.,.
tc180s3g00177,dz186s3g00944,dz186s14g00706,dz186s15g00665
tc180s3g00178,dz186s3g00943,.,dz186s15g00666
tc180s3g00179,dz186s3g00942,.,.
tc180s3g00180,dz186s3g00941,dz186s14g00707,.
tc180s3g00181,dz186s3g00940,.,.
tc180s3g00182,dz186s3g00939,.,dz186s15g00667
tc180s3g00183,.,dz186s14g00710,.
tc180s3g00184,dz186s3g00935,.,.
tc180s3g00185,.,dz186s14g00711,.
tc180s3g00186,.,dz186s14g00712,.
tc180s3g00187,dz186s3g00934,.,.
tc180s3g00188,dz186s3g00933,.,dz186s15g00670
tc180s3g00189,dz186s3g00932,.,.
tc180s3g00190,.,.,dz186s15g00673
tc180s3g00191,.,.,.
tc180s3g00192,.,.,.
tc180s3g00193,.,.,.
tc180s3g00194,.,.,dz186s15g00674
tc180s3g00195,.,.,dz186s15g00675
tc180s3g00196,.,.,.
tc180s3g00197,.,.,.
tc180s3g00198,.,.,dz186s15g00676
tc180s3g00199,.,dz186s14g00713,dz186s15g00677
tc180s3g00200,.,.,.
tc180s3g00201,.,.,.
tc180s3g00202,.,.,.
tc180s3g00203,.,.,.
tc180s3g00204,dz186s3g00931,.,.
tc180s3g00205,.,.,.
tc180s3g00206,dz186s3g00930,dz186s14g00723,.
tc180s3g00207,dz186s3g00929,dz186s14g00724,dz186s15g00678
tc180s3g00208,dz186s3g00928,dz186s14g00725,.
tc180s3g00209,.,.,dz186s15g00679
tc180s3g00210,.,.,.
tc180s3g00211,dz186s3g00927,dz186s14g00726,.
tc180s3g00212,.,dz186s14g00727,dz186s15g00680
tc180s3g00213,dz186s3g00926,dz186s14g00728,dz186s15g00681
tc180s3g00214,.,.,dz186s15g00682
tc180s3g00215,.,dz186s14g00731,.
tc180s3g00216,.,.,dz186s15g00684
tc180s3g00217,dz186s3g00925,dz186s14g00732,dz186s15g00685
tc180s3g00218,dz186s3g00924,dz186s14g00733,.
tc180s3g00219,dz186s3g00922,.,.
tc180s3g00220,.,dz186s14g00734,dz186s15g00687
tc180s3g00221,dz186s3g00920,dz186s14g00735,dz186s15g00688
tc180s3g00222,dz186s3g00919,.,dz186s15g00689
tc180s3g00223,dz186s3g00917,dz186s14g00736,dz186s15g00690
tc180s3g00224,.,.,dz186s15g00691
tc180s3g00225,dz186s3g00916,.,dz186s15g00692
tc180s3g00226,.,.,.
tc180s3g00227,.,.,.
tc180s3g00228,dz186s3g00915,dz186s14g00737,.
tc180s3g00229,dz186s3g00914,.,dz186s15g00693
tc180s3g00230,dz186s3g00913,dz186s14g00738,.
tc180s3g00231,dz186s3g00912,dz186s14g00739,dz186s15g00694
tc180s3g00232,dz186s3g00911,dz186s14g00740,.
tc180s3g00233,dz186s3g00910,dz186s14g00741,dz186s15g00695
tc180s3g00234,dz186s3g00909,.,.
tc180s3g00235,dz186s3g00908,.,dz186s15g00696
tc180s3g00236,dz186s3g00907,dz186s14g00742,dz186s15g00697
tc180s3g00237,dz186s3g00905,dz186s14g00743,dz186s15g00698
tc180s3g00238,dz186s3g00904,dz186s14g00744,.
tc180s3g00239,dz186s3g00902,dz186s14g00745,dz186s15g00699
tc180s3g00240,dz186s3g00901,.,.
tc180s3g00241,.,dz186s14g00746,dz186s15g00700
tc180s3g00242,.,.,.
tc180s3g00243,dz186s3g00900,dz186s14g00747,dz186s15g00701
tc180s3g00244,dz186s3g00897,.,.
tc180s3g00245,dz186s3g00896,.,dz186s15g00702
tc180s3g00246,.,.,.
tc180s3g00247,.,.,dz186s15g00703
tc180s3g00248,.,.,.
tc180s3g00249,.,.,.
tc180s3g00250,.,.,.
tc180s3g00251,.,dz186s14g00748,dz186s15g00704
tc180s3g00252,.,.,.
tc180s3g00253,dz186s3g00894,.,dz186s15g00705
tc180s3g00254,.,.,.
tc180s3g00255,dz186s3g00893,.,dz186s15g00706
tc180s3g00256,dz186s3g00892,.,dz186s15g00707
tc180s3g00257,dz186s3g00891,.,.
tc180s3g00258,.,.,.
tc180s3g00259,.,.,.
tc180s3g00260,.,.,.
tc180s3g00261,.,.,dz186s15g00708
tc180s3g00262,.,.,dz186s15g00709
tc180s3g00263,.,.,.
tc180s3g00264,.,.,.
tc180s3g00265,.,.,.
tc180s3g00266,.,.,.
tc180s3g00267,.,.,dz186s15g00710
tc180s3g00268,dz186s3g00889,.,.
tc180s3g00269,dz186s3g00888,.,dz186s15g00711
tc180s3g00270,dz186s3g00887,.,.
tc180s3g00271,dz186s3g00886,.,.
tc180s3g00272,dz186s3g00885,.,.
tc180s3g00273,dz186s3g00884,.,dz186s15g00712
tc180s3g00274,dz186s3g00883,.,.
tc180s3g00275,.,.,.
tc180s3g00276,dz186s3g00881,.,dz186s15g00713
tc180s3g00277,dz186s3g00880,.,dz186s15g00714
tc180s3g00278,dz186s3g00879,.,.
tc180s3g00279,.,.,.
tc180s3g00280,dz186s3g00878,.,.
tc180s3g00281,dz186s3g00877,.,.
tc180s3g00282,dz186s3g00876,.,dz186s15g00715
tc180s3g00283,dz186s3g00875,.,dz186s15g00716
tc180s3g00284,dz186s3g00873,.,.
tc180s3g00285,dz186s3g00872,.,.
tc180s3g00286,dz186s3g00871,.,dz186s15g00717
tc180s3g00287,dz186s3g00870,dz186s14g00750,.
tc180s3g00288,.,.,.
tc180s3g00289,.,.,.
tc180s3g00290,.,.,dz186s15g00718
tc180s3g00291,dz186s3g00869,dz186s14g00751,.
tc180s3g00292,.,dz186s14g00752,.
tc180s3g00293,dz186s3g00868,.,dz186s15g00719
tc180s3g00294,.,.,.
tc180s3g00295,dz186s3g00859,.,.
tc180s3g00296,dz186s3g00860,.,.
tc180s3g00297,dz186s3g00861,.,.
tc180s3g00298,dz186s3g00862,.,.
tc180s3g00299,dz186s3g00863,.,.
tc180s3g00300,dz186s3g00864,dz186s14g00754,.
tc180s3g00301,dz186s3g00865,.,.
tc180s3g00302,dz186s3g00866,.,.
tc180s3g00303,.,.,.
tc180s3g00304,.,.,dz186s15g00721
tc180s3g00305,.,.,.
tc180s3g00306,.,.,.
tc180s3g00307,.,.,.
tc180s3g00308,.,.,dz186s15g00752
tc180s3g00309,dz186s3g00857,.,.
tc180s3g00310,dz186s3g00855,.,dz186s15g00724
tc180s3g00311,dz186s3g00854,.,.
tc180s3g00312,.,dz186s14g00757,.
tc180s3g00313,.,.,.
tc180s3g00314,.,.,.
tc180s3g00315,dz186s3g00853,dz186s14g00758,.
tc180s3g00316,.,.,.
tc180s3g00317,dz186s3g00852,.,.
tc180s3g00318,dz186s3g00851,dz186s14g00759,.
tc180s3g00319,dz186s3g00850,.,dz186s15g00725
tc180s3g00320,.,.,.
tc180s3g00321,.,dz186s14g00760,dz186s15g00726
tc180s3g00322,.,dz186s14g00761,dz186s15g00727
tc180s3g00323,dz186s3g00848,dz186s14g00762,.
tc180s3g00324,.,.,dz186s15g00729
tc180s3g00325,dz186s3g00847,.,.
tc180s3g00326,.,.,.
tc180s3g00327,dz186s3g00846,dz186s14g00765,.
tc180s3g00328,dz186s3g00845,.,.
tc180s3g00329,.,dz186s14g00767,dz186s15g00730
tc180s3g00330,.,dz186s14g00768,dz186s15g00731
tc180s3g00331,.,.,dz186s15g00732
tc180s3g00332,.,.,.
tc180s3g00333,.,dz186s14g00769,.
tc180s3g00334,.,dz186s14g00770,dz186s15g00733
tc180s3g00335,.,dz186s14g00777,.
tc180s3g00336,.,.,.
tc180s3g00337,.,.,.
tc180s3g00338,.,dz186s14g00776,.
tc180s3g00339,.,.,.
tc180s3g00340,.,dz186s14g00775,dz186s15g00739
tc180s3g00341,.,.,dz186s15g00738
tc180s3g00342,.,.,.
tc180s3g00343,.,.,.
tc180s3g00344,.,.,.
tc180s3g00345,.,.,.
tc180s3g00346,.,.,.
tc180s3g00347,.,.,.
tc180s3g00348,.,.,.
tc180s3g00349,.,dz186s14g00774,.
tc180s3g00350,.,.,.
tc180s3g00351,dz186s3g00827,dz186s14g00773,.
tc180s3g00352,.,.,dz186s15g00737
tc180s3g00353,dz186s3g00828,dz186s14g00772,dz186s15g00736
tc180s3g00354,dz186s3g00829,dz186s14g00771,dz186s15g00734
tc180s3g00355,.,.,.
tc180s3g00356,.,.,dz186s15g00740
tc180s3g00357,dz186s3g00835,.,.
tc180s3g00358,.,dz186s14g00778,dz186s15g00741
tc180s3g00359,.,dz186s14g00779,dz186s15g00742
tc180s3g00360,.,.,.
tc180s3g00361,dz186s3g00843,dz186s14g00782,.
tc180s3g00362,.,.,.
tc180s3g00363,.,dz186s14g00783,.
tc180s3g00364,dz186s3g00842,.,dz186s15g00744
tc180s3g00365,.,.,.
tc180s3g00366,.,.,.
tc180s3g00367,.,dz186s14g00784,.
tc180s3g00368,.,dz186s14g00785,dz186s15g00745
tc180s3g00369,dz186s3g00841,.,.
tc180s3g00370,.,dz186s14g00786,.
tc180s3g00371,.,dz186s14g00787,.
tc180s3g00372,.,.,dz186s15g00747
tc180s3g00373,dz186s3g00838,dz186s14g00788,dz186s15g00748
tc180s3g00374,dz186s3g00836,.,dz186s15g00749
tc180s3g00375,.,.,dz186s15g00751
tc180s3g00376,.,.,dz186s15g00753
tc180s3g00377,.,dz186s14g00789,.
tc180s3g00378,.,dz186s14g00790,dz186s15g00754
tc180s3g00379,.,.,dz186s15g00755
tc180s3g00380,.,dz186s14g00792,.
tc180s3g00381,.,dz186s14g00793,dz186s15g00757
tc180s3g00382,.,.,.
tc180s3g00383,.,.,dz186s15g00758
tc180s3g00384,.,dz186s14g00794,.
tc180s3g00385,.,dz186s14g00795,dz186s15g00765
tc180s3g00386,.,.,dz186s15g00764
tc180s3g00387,dz186s3g00826,.,.
tc180s3g00388,.,.,.
tc180s3g00389,.,.,dz186s15g00763
tc180s3g00390,.,.,dz186s15g00762
tc180s3g00391,.,.,.
tc180s3g00392,.,.,.
tc180s3g00393,.,.,.
tc180s3g00394,dz186s3g00824,.,dz186s15g00760
tc180s3g00395,,.,.
tc180s3g00396,,.,dz186s15g00761
tc180s3g00397,,.,.
tc180s3g00398,,.,.
tc180s3g00399,,.,.
tc180s3g00400,,.,.
tc180s3g00401,dz186s3g01147,.,dz186s15g00766
tc180s3g00402,dz186s3g01144,.,.
tc180s3g00403,.,.,.
tc180s3g00404,.,.,.
tc180s3g00405,.,.,.
tc180s3g00406,dz186s3g01143,dz186s14g00797,dz186s15g00770
tc180s3g00407,.,.,dz186s15g00772
tc180s3g00408,.,.,.
tc180s3g00409,.,.,.
tc180s3g00410,.,dz186s14g00798,.
tc180s3g00411,.,.,.
tc180s3g00412,dz186s3g01142,.,.
tc180s3g00413,dz186s3g01141,.,.
tc180s3g00414,.,.,dz186s15g00773
tc180s3g00415,.,.,.
tc180s3g00416,.,.,.
tc180s3g00417,dz186s3g01135,dz186s14g00801,.
tc180s3g00418,dz186s3g01134,dz186s14g00802,dz186s15g00782
tc180s3g00419,,.,
tc180s3g00420,,dz186s14g00803,
tc180s3g00421,,.,
tc180s3g00422,,.,
tc180s3g00423,,.,
tc180s3g00424,,.,
tc180s3g00425,,.,
tc180s3g00426,,.,
tc180s3g00427,,.,
tc180s3g00428,,dz186s14g00825,
tc180s3g00429,,,
tc180s3g00430,,,
tc180s3g00431,,,
tc180s3g00432,,,
tc180s3g00433,,,
tc180s3g00434,,,
tc180s3g00435,dz186s3g01245,dz186s14g00871,dz186s15g00828
tc180s3g00436,dz186s3g01246,.,dz186s15g00829
tc180s3g00437,dz186s3g01247,.,.
tc180s3g00438,dz186s3g01248,.,dz186s15g00830
tc180s3g00439,dz186s3g01249,dz186s14g00872,.
tc180s3g00440,.,.,.
tc180s3g00441,.,.,.
tc180s3g00442,.,.,.
tc180s3g00443,dz186s3g01250,dz186s14g00873,dz186s15g00831
tc180s3g00444,dz186s3g01251,.,dz186s15g00832
tc180s3g00445,dz186s3g01252,.,dz186s15g00833
tc180s3g00446,.,.,.
tc180s3g00447,.,.,.
tc180s3g00448,.,.,.
tc180s3g00449,dz186s3g01253,.,dz186s15g00834
tc180s3g00450,dz186s3g01254,.,.
tc180s3g00451,dz186s3g01255,dz186s14g00877,dz186s15g00836
tc180s3g00452,.,.,.
tc180s3g00453,.,.,dz186s15g00837
tc180s3g00454,dz186s3g01256,dz186s14g00878,.
tc180s3g00455,.,.,.
tc180s3g00456,dz186s3g01258,.,dz186s15g00838
tc180s3g00457,.,.,.
tc180s3g00458,.,.,dz186s15g00839
tc180s3g00459,dz186s3g01259,dz186s14g00881,.
tc180s3g00460,dz186s3g01260,.,dz186s15g00841
tc180s3g00461,dz186s3g01261,dz186s14g00882,dz186s15g00842
tc180s3g00462,dz186s3g01262,.,dz186s15g00843
tc180s3g00463,dz186s3g01263,dz186s14g00883,dz186s15g00844
tc180s3g00464,dz186s3g01264,.,.
tc180s3g00465,.,dz186s14g00884,.
tc180s3g00466,dz186s3g01265,.,.
tc180s3g00467,.,.,.
tc180s3g00468,dz186s3g01266,dz186s14g00885,.
tc180s3g00469,.,dz186s14g00886,dz186s15g00845
tc180s3g00470,.,.,dz186s15g00847
tc180s3g00471,dz186s3g01267,dz186s14g00887,dz186s15g00848
tc180s3g00472,dz186s3g01268,dz186s14g00888,.
tc180s3g00473,.,dz186s14g00889,.
tc180s3g00474,dz186s3g01269,dz186s14g00890,.
tc180s3g00475,dz186s3g01270,.,.
tc180s3g00476,dz186s3g01271,dz186s14g00892,dz186s15g00851
tc180s3g00477,.,dz186s14g00893,.
tc180s3g00478,.,dz186s14g00894,.
tc180s3g00479,dz186s3g01272,.,.
tc180s3g00480,dz186s3g01273,.,dz186s15g00852
tc180s3g00481,.,.,dz186s15g00853
tc180s3g00482,.,.,.
tc180s3g00483,.,.,.
tc180s3g00484,dz186s3g01274,.,dz186s15g00855
tc180s3g00485,dz186s3g01280,dz186s14g00895,.
tc180s3g00486,dz186s3g01281,.,.
tc180s3g00487,dz186s3g01282,dz186s14g00896,dz186s15g00856
tc180s3g00488,.,.,.
tc180s3g00489,.,.,dz186s15g00857
tc180s3g00490,dz186s3g01283,dz186s14g00897,.
tc180s3g00491,.,.,.
tc180s3g00492,dz186s3g01285,.,.
tc180s3g00493,.,.,.
tc180s3g00494,dz186s3g01286,.,.
tc180s3g00495,.,.,.
tc180s3g00496,.,.,.
tc180s3g00497,dz186s3g01287,dz186s14g00901,.
tc180s3g00498,.,.,dz186s15g00860
tc180s3g00499,.,.,dz186s15g00859
tc180s3g00500,.,.,.
tc180s3g00501,.,.,dz186s15g00860
tc180s3g00502,.,dz186s14g00902,dz186s15g00861
tc180s3g00503,.,.,.
tc180s3g00504,.,.,.
tc180s3g00505,.,.,.
tc180s3g00506,.,.,.
tc180s3g00507,.,.,.
tc180s3g00508,.,.,dz186s15g00825
tc180s3g00509,.,.,.
tc180s3g00510,.,.,.
tc180s3g00511,.,.,.
tc180s3g00512,.,.,.
tc180s3g00513,.,.,.
tc180s3g00514,.,.,dz186s15g00786
tc180s3g00515,.,.,.
tc180s3g00516,.,.,.
tc180s3g00517,.,.,.
tc180s3g00518,.,.,dz186s15g00785
tc180s3g00519,.,.,dz186s15g00779
tc180s3g00520,.,.,dz186s15g00778
tc180s3g00521,.,.,.
tc180s3g00522,.,.,.
tc180s3g00523,.,.,.
tc180s3g00524,.,.,.
tc180s3g00525,.,.,.
tc180s3g00526,.,.,dz186s15g00777
tc180s3g00527,.,.,.
tc180s3g00528,.,.,.
tc180s3g00529,.,.,.
tc180s3g00530,.,.,dz186s15g00776
tc180s3g00531,.,.,.
tc180s3g00532,.,.,dz186s15g00775
tc180s3g00533,.,.,.
tc180s3g00534,dz186s3g01288,dz186s14g00903,dz186s15g00862
tc180s3g00535,dz186s3g01289,dz186s14g00904,dz186s15g00863
tc180s3g00536,.,.,dz186s15g00864
tc180s3g00537,.,dz186s14g00905,dz186s15g00865
tc180s3g00538,.,dz186s14g00906,dz186s15g00868
tc180s3g00539,.,dz186s14g00907,dz186s15g00869
tc180s3g00540,dz186s3g01291,.,dz186s15g00870
tc180s3g00541,.,.,.
tc180s3g00542,dz186s3g01292,dz186s14g00908,dz186s15g00871
tc180s3g00543,dz186s3g01293,dz186s14g00909,dz186s15g00872
tc180s3g00544,dz186s3g01294,.,.
tc180s3g00545,dz186s3g01295,dz186s14g00910,dz186s15g00873
tc180s3g00546,.,.,.
tc180s3g00547,dz186s3g01297,dz186s14g00912,dz186s15g00874
tc180s3g00548,dz186s3g01298,.,dz186s15g00875
tc180s3g00549,dz186s3g01299,dz186s14g00913,.
tc180s3g00550,dz186s3g01300,.,.
tc180s3g00551,dz186s3g01301,.,.
tc180s3g00552,dz186s3g01302,dz186s14g00914,.
tc180s3g00553,.,.,dz186s15g00876
tc180s3g00554,dz186s3g01303,dz186s14g00915,dz186s15g00877
tc180s3g00555,dz186s3g01304,dz186s14g00916,.
tc180s3g00556,.,.,.
tc180s3g00557,dz186s3g01305,dz186s14g00917,.
tc180s3g00558,dz186s3g01306,.,.
tc180s3g00559,dz186s3g01307,.,.
tc180s3g00560,.,.,.
tc180s3g00561,.,.,.
tc180s3g00562,.,.,.
tc180s3g00563,dz186s3g01309,dz186s14g00918,dz186s15g00878
tc180s3g00564,.,.,.
tc180s3g00565,dz186s3g01310,dz186s14g00919,dz186s15g00879
tc180s3g00566,dz186s3g01311,.,dz186s15g00880
tc180s3g00567,dz186s3g01312,dz186s14g00921,dz186s15g00881
tc180s3g00568,dz186s3g01313,.,.
tc180s3g00569,.,.,.
tc180s3g00570,dz186s3g01315,dz186s14g00922,dz186s15g00882
tc180s3g00571,dz186s3g01316,.,dz186s15g00883
tc180s3g00572,.,.,.
tc180s3g00573,dz186s3g01317,.,.
tc180s3g00574,dz186s3g01318,dz186s14g00923,dz186s15g00884
tc180s3g00575,dz186s3g01319,.,dz186s15g00885
tc180s3g00576,.,.,.
tc180s3g00577,dz186s3g01320,.,dz186s15g00886
tc180s3g00578,dz186s3g01321,.,.
tc180s3g00579,.,.,.
tc180s3g00580,dz186s3g01323,.,.
tc180s3g00581,dz186s3g01324,.,.
tc180s3g00582,dz186s3g01326,dz186s14g00925,.
tc180s3g00583,dz186s3g01327,dz186s14g00926,.
tc180s3g00584,dz186s3g01328,dz186s14g00927,.
tc180s3g00585,dz186s3g01329,dz186s14g00928,dz186s15g00888
tc180s3g00586,dz186s3g01330,.,.
tc180s3g00587,.,dz186s14g00929,dz186s15g00889
tc180s3g00588,.,.,.
tc180s3g00589,dz186s3g01331,dz186s14g00930,dz186s15g00890
tc180s3g00590,.,dz186s14g00931,dz186s15g00891
tc180s3g00591,.,dz186s14g00932,.
tc180s3g00592,dz186s3g01332,dz186s14g00939,.
tc180s3g00593,dz186s3g01333,dz186s14g00940,.
tc180s3g00594,dz186s3g01334,.,dz186s15g00892
tc180s3g00595,dz186s3g01335,dz186s14g00941,dz186s15g00893
tc180s3g00596,.,.,.
tc180s3g00597,.,.,dz186s15g00894
tc180s3g00598,dz186s3g01336,.,.
tc180s3g00599,dz186s3g01337,.,.
tc180s3g00600,dz186s3g01338,dz186s14g00943,.
tc180s3g00601,dz186s3g01339,dz186s14g00944,.
tc180s3g00602,.,.,.
tc180s3g00603,.,.,.
tc180s3g00604,dz186s3g01340,dz186s14g00945,.
tc180s3g00605,.,.,dz186s15g00895
tc180s3g00606,dz186s3g01342,dz186s14g00946,dz186s15g00898
tc180s3g00607,dz186s3g01344,dz186s14g00948,.
tc180s3g00608,dz186s3g01345,dz186s14g00949,.
tc180s3g00609,dz186s3g01346,dz186s14g00950,dz186s15g00900
tc180s3g00610,dz186s3g01347,dz186s14g00951,.
tc180s3g00611,dz186s3g01348,dz186s14g00952,dz186s15g00901
tc180s3g00612,.,.,dz186s15g00902
tc180s3g00613,.,.,dz186s15g00903
tc180s3g00614,dz186s3g01349,dz186s14g00953,dz186s15g00904
tc180s3g00615,dz186s3g01350,.,.
tc180s3g00616,.,.,dz186s15g00906
tc180s3g00617,dz186s3g01354,.,dz186s15g00909
tc180s3g00618,dz186s3g01355,.,.
tc180s3g00619,dz186s3g01356,.,dz186s15g00910
tc180s3g00620,dz186s3g01357,.,.
tc180s3g00621,dz186s3g01358,dz186s14g00958,.
tc180s3g00622,.,dz186s14g00959,.
tc180s3g00623,.,dz186s14g00960,.
tc180s3g00624,dz186s3g01359,dz186s14g00961,.
tc180s3g00625,dz186s3g01360,.,.
tc180s3g00626,dz186s3g01361,.,dz186s15g00911
tc180s3g00627,dz186s3g01362,dz186s14g00962,dz186s15g00912
tc180s3g00628,dz186s3g01363,dz186s14g00963,dz186s15g00913
tc180s3g00629,dz186s3g01364,.,.
tc180s3g00630,dz186s3g01365,dz186s14g00964,dz186s15g00914
tc180s3g00631,.,dz186s14g00965,dz186s15g00917
tc180s3g00632,dz186s3g01366,.,.
tc180s3g00633,dz186s3g01367,.,.
tc180s3g00634,.,.,dz186s15g00918
tc180s3g00635,dz186s3g01368,.,.
tc180s3g00636,dz186s3g01369,dz186s14g00966,dz186s15g00919
tc180s3g00637,.,.,.
tc180s3g00638,.,dz186s14g00967,.
tc180s3g00639,dz186s3g01370,dz186s14g00968,.
tc180s3g00640,dz186s3g01371,dz186s14g00970,.
tc180s3g00641,.,.,dz186s15g00920
tc180s3g00642,dz186s3g01373,.,.
tc180s3g00643,dz186s3g01374,dz186s14g00971,dz186s15g00921
tc180s3g00644,dz186s3g01375,.,.
tc180s3g00645,dz186s3g01376,.,.
tc180s3g00646,dz186s3g01377,.,dz186s15g00922
tc180s3g00647,dz186s3g01378,dz186s14g00972,dz186s15g00923
tc180s3g00648,dz186s3g01379,.,.
tc180s3g00649,dz186s3g01380,.,.
tc180s3g00650,dz186s3g01381,dz186s14g00973,dz186s15g00924
tc180s3g00651,.,.,.
tc180s3g00652,dz186s3g01383,.,.
tc180s3g00653,dz186s3g01384,dz186s14g00974,.
tc180s3g00654,dz186s3g01385,.,.
tc180s3g00655,dz186s3g01386,.,.
tc180s3g00656,dz186s3g01387,dz186s14g00975,dz186s15g00929
tc180s3g00657,.,.,.
tc180s3g00658,dz186s3g01388,.,dz186s15g00930
tc180s3g00659,dz186s3g01389,.,dz186s15g00931
tc180s3g00660,dz186s3g01390,dz186s14g00976,dz186s15g00932
tc180s3g00661,.,dz186s14g00977,dz186s15g00933
tc180s3g00662,dz186s3g01391,dz186s14g00978,.
tc180s3g00663,dz186s3g01392,dz186s14g00979,.
tc180s3g00664,dz186s3g01393,.,dz186s15g00934
tc180s3g00665,.,dz186s14g00980,dz186s15g00935
tc180s3g00666,dz186s3g01394,dz186s14g00981,.
tc180s3g00667,.,.,.
tc180s3g00668,.,.,dz186s15g00937
tc180s3g00669,dz186s3g01397,dz186s14g00982,dz186s15g00938
tc180s3g00670,dz186s3g01398,.,dz186s15g00939
tc180s3g00671,dz186s3g01399,dz186s14g00983,.
tc180s3g00672,dz186s3g01400,dz186s14g00984,dz186s15g00940
tc180s3g00673,dz186s3g01401,.,.
tc180s3g00674,dz186s3g01402,dz186s14g00985,.
tc180s3g00675,.,dz186s14g00986,.
tc180s3g00676,dz186s3g01403,.,.
tc180s3g00677,.,.,.
tc180s3g00678,dz186s3g01405,.,.
tc180s3g00679,dz186s3g01406,.,.
tc180s3g00680,dz186s3g01407,dz186s14g00987,.
tc180s3g00681,dz186s3g01408,dz186s14g00988,.
tc180s3g00682,.,dz186s14g00989,.
tc180s3g00683,dz186s3g01409,dz186s14g00990,dz186s15g00941
tc180s3g00684,dz186s3g01410,dz186s14g00991,dz186s15g00942
tc180s3g00685,dz186s3g01411,dz186s14g00992,dz186s15g00943
tc180s3g00686,.,.,.
tc180s3g00687,dz186s3g01412,dz186s14g00993,dz186s15g00944
tc180s3g00688,dz186s3g01413,.,.
tc180s3g00689,dz186s3g01414,.,.
tc180s3g00690,dz186s3g01415,dz186s14g00994,dz186s15g00945
tc180s3g00691,dz186s3g01417,dz186s14g00996,.
tc180s3g00692,.,dz186s14g00997,.
tc180s3g00693,.,dz186s14g00999,.
tc180s3g00694,dz186s3g01418,.,dz186s15g00946
tc180s3g00695,dz186s3g01419,dz186s14g01000,.
tc180s3g00696,dz186s3g01420,.,dz186s15g00947
tc180s3g00697,dz186s3g01421,dz186s14g01002,dz186s15g00948
tc180s3g00698,dz186s3g01422,dz186s14g01003,.
tc180s3g00699,.,.,dz186s15g00949
tc180s3g00700,dz186s3g01423,dz186s14g01004,dz186s15g00950
tc180s3g00701,dz186s3g01424,dz186s14g01005,dz186s15g00951
tc180s3g00702,.,.,dz186s15g00952
tc180s3g00703,.,dz186s14g01006,.
tc180s3g00704,dz186s3g01425,.,.
tc180s3g00705,.,dz186s14g01007,.
tc180s3g00706,.,.,.
tc180s3g00707,dz186s3g01427,dz186s14g01009,.
tc180s3g00708,.,dz186s14g01010,dz186s15g00953
tc180s3g00709,dz186s3g01428,dz186s14g01011,.
tc180s3g00710,.,dz186s14g01012,.
tc180s3g00711,dz186s3g01429,.,dz186s15g00954
tc180s3g00712,.,.,dz186s15g00956
tc180s3g00713,dz186s3g01430,.,dz186s15g00959
tc180s3g00714,.,.,dz186s15g00960
tc180s3g00715,dz186s3g01431,.,dz186s15g00973
tc180s3g00716,.,.,dz186s15g00974
tc180s3g00717,.,.,dz186s15g00976
tc180s3g00718,dz186s3g01432,.,.
tc180s3g00719,dz186s3g01434,dz186s14g01013,dz186s15g00978
tc180s3g00720,dz186s3g01435,.,.
tc180s3g00721,dz186s3g01436,.,.
tc180s3g00722,dz186s3g01437,dz186s14g01014,.
tc180s3g00723,dz186s3g01442,.,.
tc180s3g00724,.,.,.
tc180s3g00725,.,dz186s14g01015,.
tc180s3g00726,dz186s3g01446,dz186s14g01016,.
tc180s3g00727,dz186s3g01447,.,.
tc180s3g00728,dz186s3g01448,.,.
tc180s3g00729,dz186s3g01449,.,.
tc180s3g00730,dz186s3g01450,.,dz186s15g00979
tc180s3g00731,dz186s3g01451,.,.
tc180s3g00732,.,dz186s14g01017,.
tc180s3g00733,dz186s3g01452,.,.
tc180s3g00734,.,dz186s14g01018,dz186s15g00981
tc180s3g00735,dz186s3g01453,dz186s14g01019,dz186s15g00982
tc180s3g00736,dz186s3g01454,.,.
tc180s3g00737,dz186s3g01455,dz186s14g01020,.
tc180s3g00738,dz186s3g01456,.,.
tc180s3g00739,dz186s3g01457,.,.
tc180s3g00740,dz186s3g01458,dz186s14g01021,dz186s15g00984
tc180s3g00741,.,dz186s14g01022,dz186s15g00985
tc180s3g00742,dz186s3g01459,.,dz186s15g00986
tc180s3g00743,dz186s3g01460,dz186s14g01023,.
tc180s3g00744,dz186s3g01461,dz186s14g01024,.
tc180s3g00745,dz186s3g01462,dz186s14g01025,.
tc180s3g00746,dz186s3g01463,.,.
tc180s3g00747,.,.,dz186s15g00987
tc180s3g00748,.,.,.
tc180s3g00749,dz186s3g01464,.,.
tc180s3g00750,.,dz186s14g01026,.
tc180s3g00751,dz186s3g01465,.,.
tc180s3g00752,.,.,dz186s15g00988
tc180s3g00753,dz186s3g01466,.,.
tc180s3g00754,dz186s3g01467,dz186s14g01027,dz186s15g00989
tc180s3g00755,.,.,dz186s15g00990
tc180s3g00756,.,.,.
tc180s3g00757,dz186s3g01468,dz186s14g01028,.
tc180s3g00758,dz186s3g01470,dz186s14g01029,.
tc180s3g00759,.,.,dz186s15g00991
tc180s3g00760,.,.,.
tc180s3g00761,dz186s3g01473,dz186s14g01030,.
tc180s3g00762,.,.,dz186s15g00992
tc180s3g00763,.,.,.
tc180s3g00764,.,dz186s14g01031,.
tc180s3g00765,dz186s3g01474,dz186s14g01032,dz186s15g00993
tc180s3g00766,.,.,dz186s15g00994
tc180s3g00767,dz186s3g01475,dz186s14g01033,.
tc180s3g00768,dz186s3g01476,dz186s14g01034,.
tc180s3g00769,dz186s3g01477,dz186s14g01035,.
tc180s3g00770,dz186s3g01478,.,.
tc180s3g00771,.,dz186s14g01036,.
tc180s3g00772,dz186s3g01480,dz186s14g01037,dz186s15g00996
tc180s3g00773,dz186s3g01481,.,dz186s15g00997
tc180s3g00774,dz186s3g01482,.,.
tc180s3g00775,dz186s3g01483,.,dz186s15g00998
tc180s3g00776,dz186s3g01484,dz186s14g01038,dz186s15g00999
tc180s3g00777,dz186s3g01485,dz186s14g01039,dz186s15g01000
tc180s3g00778,dz186s3g01486,dz186s14g01040,.
tc180s3g00779,dz186s3g01487,.,.
tc180s3g00780,.,.,.
tc180s3g00781,.,.,.
tc180s3g00782,dz186s3g01488,.,.
tc180s3g00783,dz186s3g01489,.,dz186s15g01003
tc180s3g00784,dz186s3g01490,dz186s14g01041,.
tc180s3g00785,dz186s3g01491,.,.
tc180s3g00786,dz186s3g01492,.,.
tc180s3g00787,dz186s3g01493,.,.
tc180s3g00788,dz186s3g01494,.,.
tc180s3g00789,dz186s3g01495,dz186s14g01042,dz186s15g01004
tc180s3g00790,dz186s3g01496,dz186s14g01043,.
tc180s3g00791,.,.,dz186s15g01005
tc180s3g00792,dz186s3g01497,dz186s14g01044,.
tc180s3g00793,dz186s3g01498,dz186s14g01045,dz186s15g01006
tc180s3g00794,dz186s3g01499,.,.
tc180s3g00795,dz186s3g01500,.,.
tc180s3g00796,dz186s3g01501,.,.
tc180s3g00797,.,dz186s14g01046,.
tc180s3g00798,.,.,dz186s15g01007
tc180s3g00799,.,.,dz186s15g01008
tc180s3g00800,dz186s3g01502,.,.
tc180s3g00801,.,.,dz186s15g01009
tc180s3g00802,dz186s3g01503,dz186s14g01047,dz186s15g01010
tc180s3g00803,.,.,dz186s15g01011
tc180s3g00804,dz186s3g01504,.,dz186s15g01012
tc180s3g00805,dz186s3g01505,.,dz186s15g01013
tc180s3g00806,.,.,dz186s15g01014
tc180s3g00807,.,.,.
tc180s3g00808,dz186s3g01506,.,.
tc180s3g00809,.,.,.
tc180s3g00810,dz186s3g01507,.,.
tc180s3g00811,.,.,.
tc180s3g00812,.,.,.
tc180s3g00813,dz186s3g01508,.,.
tc180s3g00814,dz186s3g01509,dz186s14g01048,dz186s15g01016
tc180s3g00815,dz186s3g01510,.,.
tc180s3g00816,dz186s3g01511,.,.
tc180s3g00817,dz186s3g01512,.,dz186s15g01017
tc180s3g00818,dz186s3g01513,.,dz186s15g01018
tc180s3g00819,dz186s3g01514,dz186s14g01049,.
tc180s3g00820,dz186s3g01515,dz186s14g01050,dz186s15g01019
tc180s3g00821,.,.,.
tc180s3g00822,dz186s3g01516,dz186s14g01051,.
tc180s3g00823,dz186s3g01517,dz186s14g01052,.
tc180s3g00824,dz186s3g01518,dz186s14g01053,dz186s15g01020
tc180s3g00825,dz186s3g01519,dz186s14g01054,dz186s15g01021
tc180s3g00826,dz186s3g01520,dz186s14g01055,.
tc180s3g00827,dz186s3g01521,dz186s14g01056,.
tc180s3g00828,dz186s3g01522,dz186s14g01057,dz186s15g01022
tc180s3g00829,dz186s3g01523,dz186s14g01058,dz186s15g01023
tc180s3g00830,dz186s3g01524,dz186s14g01059,.
tc180s3g00831,dz186s3g01525,.,.
tc180s3g00832,dz186s3g01526,.,.
tc180s3g00833,dz186s3g01527,dz186s14g01060,dz186s15g01024
tc180s3g00834,.,.,dz186s15g01025
tc180s3g00835,dz186s3g01528,.,.
tc180s3g00836,dz186s3g01529,.,.
tc180s3g00837,.,.,.
tc180s3g00838,.,.,dz186s15g01027
tc180s3g00839,dz186s3g01531,dz186s14g01062,dz186s15g01029
tc180s3g00840,dz186s3g01533,dz186s14g01063,.
tc180s3g00841,.,dz186s14g01064,.
tc180s3g00842,dz186s3g01534,dz186s14g01065,dz186s15g01030
tc180s3g00843,.,dz186s14g01066,.
tc180s3g00844,dz186s3g01535,.,dz186s15g01031
tc180s3g00845,dz186s3g01536,dz186s14g01067,.
tc180s3g00846,dz186s3g01537,.,.
tc180s3g00847,dz186s3g01538,dz186s14g01068,dz186s15g01032
tc180s3g00848,.,.,dz186s15g01033
tc180s3g00849,dz186s3g01539,.,.
tc180s3g00850,dz186s3g01540,.,.
tc180s3g00851,dz186s3g01541,dz186s14g01069,.
tc180s3g00852,dz186s3g01542,.,.
tc180s3g00853,.,dz186s14g01070,.
tc180s3g00854,dz186s3g01543,.,.
tc180s3g00855,dz186s3g01544,.,dz186s15g01034
tc180s3g00856,dz186s3g01545,dz186s14g01071,.
tc180s3g00857,dz186s3g01546,.,.
tc180s3g00858,dz186s3g01547,.,dz186s15g01035
tc180s3g00859,dz186s3g01548,.,.
tc180s3g00860,dz186s3g01549,dz186s14g01072,dz186s15g01036
tc180s3g00861,dz186s3g01550,.,dz186s15g01037
tc180s3g00862,dz186s3g01551,.,dz186s15g01038
tc180s3g00863,.,.,.
tc180s3g00864,dz186s3g01552,dz186s14g01073,dz186s15g01039
tc180s3g00865,.,dz186s14g01074,dz186s15g01040
tc180s3g00866,dz186s3g01553,.,dz186s15g01041
tc180s3g00867,dz186s3g01554,.,.
tc180s3g00868,dz186s3g01555,.,.
tc180s3g00869,dz186s3g01556,.,dz186s15g01042
tc180s3g00870,dz186s3g01557,dz186s14g01075,.
tc180s3g00871,dz186s3g01558,dz186s14g01076,.
tc180s3g00872,dz186s3g01559,dz186s14g01077,dz186s15g01043
tc180s3g00873,dz186s3g01560,dz186s14g01078,.
tc180s3g00874,dz186s3g01561,dz186s14g01079,dz186s15g01044
tc180s3g00875,dz186s3g01562,dz186s14g01080,.
tc180s3g00876,.,.,dz186s15g01045
tc180s3g00877,dz186s3g01563,.,dz186s15g01046
tc180s3g00878,.,.,dz186s15g01047
tc180s3g00879,dz186s3g01564,dz186s14g01081,.
tc180s3g00880,dz186s3g01565,dz186s14g01082,dz186s15g01048
tc180s3g00881,dz186s3g01566,dz186s14g01083,dz186s15g01049
tc180s3g00882,dz186s3g01567,.,dz186s15g01050
tc180s3g00883,dz186s3g01568,.,dz186s15g01051
tc180s3g00884,.,dz186s14g01084,dz186s15g01052
tc180s3g00885,dz186s3g01569,.,.
tc180s3g00886,.,.,dz186s15g01053
tc180s3g00887,dz186s3g01570,dz186s14g01085,.
tc180s3g00888,.,.,.
tc180s3g00889,.,.,.
tc180s3g00890,.,dz186s14g01086,.
tc180s3g00891,.,dz186s14g01087,dz186s15g01054
tc180s3g00892,dz186s3g01572,.,.
tc180s3g00893,dz186s3g01573,.,.
tc180s3g00894,.,.,.
tc180s3g00895,dz186s3g01574,dz186s14g01088,dz186s15g01055
tc180s3g00896,dz186s3g01575,dz186s14g01089,dz186s15g01056
tc180s3g00897,dz186s3g01576,.,dz186s15g01057
tc180s3g00898,dz186s3g01577,dz186s14g01090,dz186s15g01058
tc180s3g00899,dz186s3g01578,dz186s14g01091,.
tc180s3g00900,dz186s3g01579,dz186s14g01092,dz186s15g01059
tc180s3g00901,dz186s3g01580,dz186s14g01093,dz186s15g01060
tc180s3g00902,.,dz186s14g01094,dz186s15g01061
tc180s3g00903,.,.,.
tc180s3g00904,dz186s3g01581,.,.
tc180s3g00905,.,.,dz186s15g01062
tc180s3g00906,dz186s3g01582,dz186s14g01095,dz186s15g01063
tc180s3g00907,dz186s3g01583,.,dz186s15g01064
tc180s3g00908,dz186s3g01584,.,.
tc180s3g00909,dz186s3g01585,.,dz186s15g01066
tc180s3g00910,dz186s3g01586,dz186s14g01097,dz186s15g01067
tc180s3g00911,dz186s3g01587,dz186s14g01098,.
tc180s3g00912,.,.,.
tc180s3g00913,dz186s3g01588,.,dz186s15g01068
tc180s3g00914,.,.,.
tc180s3g00915,dz186s3g01590,dz186s14g01099,.
tc180s3g00916,dz186s3g01591,dz186s14g01100,dz186s15g01069
tc180s3g00917,dz186s3g01592,dz186s14g01101,.
tc180s3g00918,.,dz186s14g01102,dz186s15g01070
tc180s3g00919,dz186s3g01593,.,dz186s15g01071
tc180s3g00920,.,dz186s14g01103,dz186s15g01072
tc180s3g00921,dz186s3g01594,dz186s14g01104,dz186s15g01073
tc180s3g00922,dz186s3g01595,.,dz186s15g01074
tc180s3g00923,dz186s3g01596,dz186s14g01105,dz186s15g01075
tc180s3g00924,dz186s3g01597,dz186s14g01106,.
tc180s3g00925,dz186s3g01598,.,dz186s15g01076
tc180s3g00926,dz186s3g01599,dz186s14g01107,.
tc180s3g00927,dz186s3g01600,.,.
tc180s3g00928,dz186s3g01602,.,dz186s15g01077
tc180s3g00929,dz186s3g01603,dz186s14g01108,dz186s15g01078
tc180s3g00930,.,dz186s14g01109,dz186s15g01080
tc180s3g00931,dz186s3g01604,dz186s14g01110,dz186s15g01081
tc180s3g00932,dz186s3g01605,.,.
tc180s3g00933,.,dz186s14g01111,dz186s15g01082
tc180s3g00934,.,.,.
tc180s3g00935,.,.,.
tc180s3g00936,dz186s3g01606,.,.
tc180s3g00937,dz186s3g01607,.,.
tc180s3g00938,dz186s3g01608,.,.
tc180s3g00939,.,.,dz186s15g01083
tc180s3g00940,.,dz186s14g01112,.
tc180s3g00941,dz186s3g01609,dz186s14g01113,dz186s15g01084
tc180s3g00942,dz186s3g01610,.,.
tc180s3g00943,.,.,dz186s15g01085
tc180s3g00944,.,.,.
tc180s3g00945,dz186s3g01611,dz186s14g01114,dz186s15g01086
tc180s3g00946,dz186s3g01612,dz186s14g01115,.
tc180s3g00947,dz186s3g01613,.,.
tc180s3g00948,dz186s3g01614,.,.
tc180s3g00949,dz186s3g01615,.,.
tc180s3g00950,.,dz186s14g01116,.
tc180s3g00951,dz186s3g01616,.,dz186s15g01087
tc180s3g00952,.,dz186s14g01117,.
tc180s3g00953,dz186s3g01617,.,.
tc180s3g00954,dz186s3g01618,dz186s14g01118,dz186s15g01088
tc180s3g00955,dz186s3g01619,.,dz186s15g01089
tc180s3g00956,dz186s3g01620,.,dz186s15g01090
tc180s3g00957,dz186s3g01621,.,.
tc180s3g00958,dz186s3g01622,.,.
tc180s3g00959,dz186s3g01623,.,dz186s15g01092
tc180s3g00960,.,dz186s14g01119,dz186s15g01093
tc180s3g00961,dz186s3g01624,dz186s14g01120,dz186s15g01094
tc180s3g00962,dz186s3g01625,.,dz186s15g01097
tc180s3g00963,dz186s3g01626,dz186s14g01121,dz186s15g01098
tc180s3g00964,dz186s3g01627,.,dz186s15g01099
tc180s3g00965,dz186s3g01628,dz186s14g01122,.
tc180s3g00966,dz186s3g01629,.,.
tc180s3g00967,.,dz186s14g01123,.
tc180s3g00968,dz186s3g01630,.,.
tc180s3g00969,dz186s3g01631,.,dz186s15g01100
tc180s3g00970,dz186s3g01632,.,.
tc180s3g00971,dz186s3g01633,.,dz186s15g01101
tc180s3g00972,dz186s3g01634,.,dz186s15g01102
tc180s3g00973,dz186s3g01635,.,dz186s15g01103
tc180s3g00974,dz186s3g01636,.,dz186s15g01104
tc180s3g00975,.,.,dz186s15g01105
tc180s3g00976,dz186s3g01637,.,.
tc180s3g00977,.,.,.
tc180s3g00978,.,.,.
tc180s3g00979,.,.,dz186s15g01106
tc180s3g00980,dz186s3g01638,.,dz186s15g01107
tc180s3g00981,.,.,.
tc180s3g00982,dz186s3g01639,.,.
tc180s3g00983,.,.,.
tc180s3g00984,dz186s3g01640,dz186s14g01125,dz186s15g01108
tc180s3g00985,dz186s3g01641,.,.
tc180s3g00986,dz186s3g01642,dz186s14g01126,dz186s15g01109
tc180s3g00987,dz186s3g01643,dz186s14g01127,dz186s15g01110
tc180s3g00988,.,.,dz186s15g01111
tc180s3g00989,.,.,.
tc180s3g00990,.,.,dz186s15g01112
tc180s3g00991,.,.,dz186s15g01113
tc180s3g00992,dz186s3g01645,.,.
tc180s3g00993,.,.,.
tc180s3g00994,dz186s3g01647,.,.
tc180s3g00995,dz186s3g01648,dz186s14g01129,.
tc180s3g00996,.,.,.
tc180s3g00997,dz186s3g01649,.,.
tc180s3g00998,dz186s3g01650,.,.
tc180s3g00999,dz186s3g01651,.,.
tc180s3g01000,dz186s3g01652,.,.
tc180s3g01001,dz186s3g01654,.,.
tc180s3g01002,dz186s3g01655,.,.
tc180s3g01003,.,.,.
tc180s3g01004,dz186s3g01656,dz186s14g01130,.
tc180s3g01005,.,.,.
tc180s3g01006,.,.,.
tc180s3g01007,dz186s3g01657,.,.
tc180s3g01008,dz186s3g01658,dz186s14g01131,dz186s15g01114
tc180s3g01009,dz186s3g01659,dz186s14g01132,dz186s15g01115
tc180s3g01010,dz186s3g01660,dz186s14g01133,dz186s15g01116
tc180s3g01011,dz186s3g01661,.,.
tc180s3g01012,.,dz186s14g01134,.
tc180s3g01013,.,.,.
tc180s3g01014,dz186s3g01662,.,.
tc180s3g01015,dz186s3g01663,dz186s14g01135,dz186s15g01117
tc180s3g01016,dz186s3g01664,dz186s14g01136,dz186s15g01118
tc180s3g01017,dz186s3g01665,dz186s14g01137,dz186s15g01119
tc180s3g01018,dz186s3g01666,.,.
tc180s3g01019,dz186s3g01667,dz186s14g01138,dz186s15g01120
tc180s3g01020,.,dz186s14g01139,.
tc180s3g01021,.,dz186s14g01140,.
tc180s3g01022,dz186s3g01668,.,.
tc180s3g01023,.,dz186s14g01141,.
tc180s3g01024,.,dz186s14g01142,.
tc180s3g01025,dz186s3g01669,.,.
tc180s3g01026,dz186s3g01670,dz186s14g01143,.
tc180s3g01027,.,dz186s14g01146,.
tc180s3g01028,dz186s3g01671,.,dz186s15g01121
tc180s3g01029,.,.,dz186s15g01122
tc180s3g01030,dz186s3g01672,dz186s14g01147,.
tc180s3g01031,.,.,dz186s15g01123
tc180s3g01032,dz186s3g01673,.,.
tc180s3g01033,dz186s3g01674,.,.
tc180s3g01034,dz186s3g01675,.,.
tc180s3g01035,.,.,dz186s15g01124
tc180s3g01036,.,.,dz186s15g01125
tc180s3g01037,.,.,.
tc180s3g01038,dz186s3g01676,.,.
tc180s3g01039,dz186s3g01677,.,.
tc180s3g01040,dz186s3g01678,.,dz186s15g01126
tc180s3g01041,dz186s3g01679,.,dz186s15g01128
tc180s3g01042,.,.,.
tc180s3g01043,dz186s3g01680,.,.
tc180s3g01044,dz186s3g01681,dz186s14g01148,.
tc180s3g01045,.,.,dz186s15g01129
tc180s3g01046,dz186s3g01682,dz186s14g01149,dz186s15g01130
tc180s3g01047,dz186s3g01683,.,.
tc180s3g01048,dz186s3g01684,.,dz186s15g01131
tc180s3g01049,dz186s3g01685,dz186s14g01150,dz186s15g01132
tc180s3g01050,.,.,dz186s15g01133
tc180s3g01051,dz186s3g01686,dz186s14g01151,dz186s15g01134
tc180s3g01052,.,dz186s14g01152,.
tc180s3g01053,.,dz186s14g01153,dz186s15g01135
tc180s3g01054,.,.,dz186s15g01136
tc180s3g01055,dz186s3g01687,.,dz186s15g01137
tc180s3g01056,dz186s3g01688,.,dz186s15g01138
tc180s3g01057,dz186s3g01689,.,.
tc180s3g01058,.,dz186s14g01154,.
tc180s3g01059,dz186s3g01690,.,dz186s15g01140
tc180s3g01060,dz186s3g01691,dz186s14g01155,.
tc180s3g01061,dz186s3g01692,.,.
tc180s3g01062,.,dz186s14g01156,dz186s15g01142
tc180s3g01063,.,.,.
tc180s3g01064,dz186s3g01693,.,dz186s15g01143
tc180s3g01065,dz186s3g01694,dz186s14g01157,.
tc180s3g01066,.,dz186s14g01158,dz186s15g01144
tc180s3g01067,dz186s3g01695,.,.
tc180s3g01068,dz186s3g01696,.,.
tc180s3g01069,.,.,.
tc180s3g01070,dz186s3g01697,dz186s14g01159,.
tc180s3g01071,dz186s3g01698,dz186s14g01160,.
tc180s3g01072,dz186s3g01699,dz186s14g01161,.
tc180s3g01073,.,.,.
tc180s3g01074,dz186s3g01701,.,.
tc180s3g01075,dz186s3g01702,dz186s14g01162,.
tc180s3g01076,dz186s3g01703,dz186s14g01163,.
tc180s3g01077,dz186s3g01704,.,dz186s15g01145
tc180s3g01078,dz186s3g01705,dz186s14g01164,.
tc180s3g01079,dz186s3g01706,.,.
tc180s3g01080,.,.,.
tc180s3g01081,dz186s3g01707,.,.
tc180s3g01082,.,.,.
tc180s3g01083,.,.,dz186s15g01146
tc180s3g01084,dz186s3g01708,dz186s14g01165,.
tc180s3g01085,.,.,.
tc180s3g01086,.,.,.
tc180s3g01087,dz186s3g01709,dz186s14g01166,.
tc180s3g01088,.,.,dz186s15g01147
tc180s3g01089,.,dz186s14g01167,
tc180s3g01090,dz186s3g01726,dz186s14g00698,dz186s15g00656
tc180s3g01091,dz186s3g00957,.,.
tc180s3g01092,dz186s3g00956,.,.
tc180s3g01093,dz186s3g00955,.,.
tc180s3g01094,dz186s3g00954,.,dz186s15g00655
tc180s3g01095,dz186s3g00953,dz186s14g00697,dz186s15g00654
tc180s3g01096,dz186s3g00952,dz186s14g00696,dz186s15g00653
tc180s3g01097,dz186s3g00959,.,dz186s15g00652
tc180s3g01098,dz186s3g00960,.,.
tc180s3g01099,.,.,.
tc180s3g01100,dz186s3g00965,.,dz186s15g00650
tc180s3g01101,.,dz186s14g00695,dz186s15g00649
tc180s3g01102,dz186s3g00966,dz186s14g00694,dz186s15g00648
tc180s3g01103,dz186s3g00967,.,dz186s15g00647
tc180s3g01104,dz186s3g00968,dz186s14g00693,.
tc180s3g01105,dz186s3g00969,.,.
tc180s3g01106,dz186s3g00970,dz186s14g00692,.
tc180s3g01107,dz186s3g00971,.,.
tc180s3g01108,dz186s3g00972,.,.
tc180s3g01109,.,.,dz186s15g00646
tc180s3g01110,dz186s3g00973,dz186s14g00691,dz186s15g00644
tc180s3g01111,dz186s3g00974,dz186s14g00690,dz186s15g00643
tc180s3g01112,dz186s3g00975,dz186s14g00689,dz186s15g00642
tc180s3g01113,.,dz186s14g00688,.
tc180s3g01114,dz186s3g00976,dz186s14g00687,.
tc180s3g01115,.,.,.
tc180s3g01116,dz186s3g00977,.,dz186s15g00641
tc180s3g01117,.,.,.
tc180s3g01118,.,dz186s14g00686,.
tc180s3g01119,dz186s3g00978,.,dz186s15g00640
tc180s3g01120,dz186s3g00979,.,dz186s15g00638
tc180s3g01121,.,.,dz186s15g00637
tc180s3g01122,.,dz186s14g00685,.
tc180s3g01123,dz186s3g00980,dz186s14g00684,dz186s15g00636
tc180s3g01124,dz186s3g00981,dz186s14g00683,.
tc180s3g01125,dz186s3g00984,dz186s14g00682,.
tc180s3g01126,.,dz186s14g00681,dz186s15g00635
tc180s3g01127,dz186s3g00985,.,dz186s15g00634
tc180s3g01128,.,.,dz186s15g00633
tc180s3g01129,.,.,dz186s15g00631
tc180s3g01130,.,.,.
tc180s3g01131,dz186s3g00986,.,dz186s15g00630
tc180s3g01132,dz186s3g00987,.,.
tc180s3g01133,dz186s3g00988,.,dz186s15g00629
tc180s3g01134,dz186s3g00990,.,.
tc180s3g01135,.,.,.
tc180s3g01136,.,.,.
tc180s3g01137,.,dz186s14g00680,dz186s15g00628
tc180s3g01138,.,dz186s14g00679,.
tc180s3g01139,dz186s3g00991,dz186s14g00678,dz186s15g00627
tc180s3g01140,dz186s3g00992,.,.
tc180s3g01141,dz186s3g00993,dz186s14g00677,.
tc180s3g01142,dz186s3g00994,dz186s14g00676,.
tc180s3g01143,.,.,dz186s15g00626
tc180s3g01144,dz186s3g00995,dz186s14g00675,dz186s15g00624
tc180s3g01145,dz186s3g00996,.,dz186s15g00623
tc180s3g01146,dz186s3g00997,dz186s14g00674,.
tc180s3g01147,.,dz186s14g00673,dz186s15g00622
tc180s3g01148,dz186s3g00999,dz186s14g00672,dz186s15g00621
tc180s3g01149,dz186s3g01002,.,dz186s15g00620
tc180s3g01150,dz186s3g01004,dz186s14g00671,dz186s15g00619
tc180s3g01151,.,.,dz186s15g00618
tc180s3g01152,.,.,.
tc180s3g01153,.,dz186s14g00670,dz186s15g00617
tc180s3g01154,.,.,.
tc180s3g01155,dz186s3g01005,dz186s14g00669,.
tc180s3g01156,dz186s3g01006,.,dz186s15g00615
tc180s3g01157,dz186s3g01007,.,.
tc180s3g01158,dz186s3g01008,.,.
tc180s3g01159,dz186s3g01009,.,.
tc180s3g01160,dz186s3g01010,dz186s14g00658,.
tc180s3g01161,.,.,dz186s15g00613
tc180s3g01162,dz186s3g01011,.,dz186s15g00612
tc180s3g01163,dz186s3g01012,.,.
tc180s3g01164,.,.,dz186s15g00611
tc180s3g01165,.,dz186s14g00659,dz186s15g00610
tc180s3g01166,dz186s3g01013,dz186s14g00660,dz186s15g00609
tc180s3g01167,dz186s3g01014,dz186s14g00661,.
tc180s3g01168,dz186s3g01015,.,.
tc180s3g01169,.,dz186s14g00662,dz186s15g00608
tc180s3g01170,dz186s3g01018,.,.
tc180s3g01171,dz186s3g01019,.,dz186s15g00607
tc180s3g01172,dz186s3g01020,dz186s14g00663,dz186s15g00606
tc180s3g01173,dz186s3g01021,dz186s14g00664,dz186s15g00605
tc180s3g01174,.,.,dz186s15g00604
tc180s3g01175,dz186s3g01022,.,.
tc180s3g01176,dz186s3g01024,dz186s14g00666,dz186s15g00603
tc180s3g01177,.,.,.
tc180s3g01178,dz186s3g01025,.,dz186s15g00602
tc180s3g01179,.,.,dz186s15g00601
tc180s3g01180,.,dz186s14g00667,dz186s15g00600
tc180s3g01181,.,.,dz186s15g00599
tc180s3g01182,.,dz186s14g00657,dz186s15g00598
tc180s3g01183,dz186s3g01027,.,.
tc180s3g01184,.,.,.
tc180s3g01185,dz186s3g01028,dz186s14g00656,dz186s15g00597
tc180s3g01186,.,dz186s14g00655,.
tc180s3g01187,.,dz186s14g00654,dz186s15g00596
tc180s3g01188,dz186s3g01029,.,dz186s15g00595
tc180s3g01189,dz186s3g01030,dz186s14g00653,dz186s15g00594
tc180s3g01190,dz186s3g01031,.,.
tc180s3g01191,dz186s3g01032,dz186s14g00652,dz186s15g00593
tc180s3g01192,dz186s3g01033,dz186s14g00651,dz186s15g00592
tc180s3g01193,dz186s3g01034,.,.
tc180s3g01194,dz186s3g01035,.,dz186s15g00591
tc180s3g01195,dz186s3g01036,.,dz186s15g00590
tc180s3g01196,dz186s3g01037,dz186s14g00650,dz186s15g00589
tc180s3g01197,dz186s3g01038,.,.
tc180s3g01198,.,.,.
tc180s3g01199,.,.,.
tc180s3g01200,.,dz186s14g00648,.
tc180s3g01201,dz186s3g01039,dz186s14g00647,dz186s15g00588
tc180s3g01202,dz186s3g01040,dz186s14g00646,dz186s15g00587
tc180s3g01203,.,dz186s14g00645,.
tc180s3g01204,.,dz186s14g00644,.
tc180s3g01205,dz186s3g01041,.,.
tc180s3g01206,dz186s3g01042,dz186s14g00643,dz186s15g00586
tc180s3g01207,dz186s3g01043,dz186s14g00642,dz186s15g00585
tc180s3g01208,dz186s3g01044,.,.
tc180s3g01209,dz186s3g01045,dz186s14g00641,dz186s15g00584
tc180s3g01210,dz186s3g01046,dz186s14g00640,dz186s15g00583
tc180s3g01211,dz186s3g01047,.,.
tc180s3g01212,,.,dz186s15g00582
tc180s3g01213,dz186s3g00640,.,.
tc180s3g01214,dz186s3g00641,.,dz186s15g00581
tc180s3g01215,.,.,.
tc180s3g01216,dz186s3g00642,dz186s14g00639,dz186s15g00580
tc180s3g01217,dz186s3g00643,.,.
tc180s3g01218,dz186s3g00644,dz186s14g00638,dz186s15g00579
tc180s3g01219,.,.,.
tc180s3g01220,dz186s3g00645,.,dz186s15g00578
tc180s3g01221,dz186s3g00646,dz186s14g00637,.
tc180s3g01222,.,dz186s14g00636,.
tc180s3g01223,dz186s3g00647,.,.
tc180s3g01224,dz186s3g00648,.,dz186s15g00576
tc180s3g01225,dz186s3g00649,dz186s14g00635,dz186s15g00575
tc180s3g01226,dz186s3g00650,dz186s14g00634,.
tc180s3g01227,dz186s3g00651,dz186s14g00633,.
tc180s3g01228,.,.,.
tc180s3g01229,dz186s3g00652,.,.
tc180s3g01230,dz186s3g00654,.,dz186s15g00574
tc180s3g01231,dz186s3g00655,.,dz186s15g00573
tc180s3g01232,.,.,.
tc180s3g01233,dz186s3g00656,dz186s14g00632,.
tc180s3g01234,dz186s3g00657,.,.
tc180s3g01235,dz186s3g00659,dz186s14g00631,dz186s15g00572
tc180s3g01236,dz186s3g00660,dz186s14g00630,.
tc180s3g01237,.,dz186s14g00629,.
tc180s3g01238,.,.,.
tc180s3g01239,dz186s3g00661,dz186s14g00628,dz186s15g00571
tc180s3g01240,dz186s3g00662,.,dz186s15g00570
tc180s3g01241,dz186s3g00663,dz186s14g00627,dz186s15g00569
tc180s3g01242,dz186s3g00664,dz186s14g00626,dz186s15g00568
tc180s3g01243,dz186s3g00665,dz186s14g00625,dz186s15g00567
tc180s3g01244,dz186s3g00666,.,.
tc180s3g01245,dz186s3g00667,dz186s14g00624,.
tc180s3g01246,dz186s3g00668,.,.
tc180s3g01247,dz186s3g00669,.,dz186s15g00566
tc180s3g01248,dz186s3g00670,dz186s14g00623,dz186s15g00565
tc180s3g01249,dz186s3g00671,dz186s14g00622,.
tc180s3g01250,.,.,.
tc180s3g01251,.,dz186s14g00621,.
tc180s3g01252,dz186s3g00673,dz186s14g00620,.
tc180s3g01253,dz186s3g00674,.,.
tc180s3g01254,dz186s3g00675,.,.
tc180s3g01255,dz186s3g00676,dz186s14g00619,.
tc180s3g01256,.,.,.
tc180s3g01257,.,.,.
tc180s3g01258,dz186s3g00677,.,.
tc180s3g01259,.,dz186s14g00618,.
tc180s3g01260,dz186s3g00678,.,dz186s15g00564
tc180s3g01261,dz186s3g00679,.,dz186s15g00563
tc180s3g01262,dz186s3g00680,dz186s14g00617,dz186s15g00562
tc180s3g01263,dz186s3g00681,.,.
tc180s3g01264,dz186s3g00682,dz186s14g00616,.
tc180s3g01265,dz186s3g00683,.,dz186s15g00561
tc180s3g01266,dz186s3g00684,.,dz186s15g00560
tc180s3g01267,dz186s3g00685,dz186s14g00615,dz186s15g00559
tc180s3g01268,.,.,.
tc180s3g01269,dz186s3g00686,dz186s14g00614,dz186s15g00558
tc180s3g01270,dz186s3g00687,dz186s14g00613,dz186s15g00557
tc180s3g01271,.,.,.
tc180s3g01272,.,dz186s14g00612,.
tc180s3g01273,.,.,dz186s15g00556
tc180s3g01274,.,.,dz186s15g00555
tc180s3g01275,.,dz186s14g00611,dz186s15g00554
tc180s3g01276,.,dz186s14g00610,dz186s15g00553
tc180s3g01277,dz186s3g00688,dz186s14g00609,dz186s15g00552
tc180s3g01278,dz186s3g00689,dz186s14g00608,dz186s15g00551
tc180s3g01279,.,.,.
tc180s3g01280,dz186s3g00690,.,dz186s15g00550
tc180s3g01281,.,.,.
tc180s3g01282,dz186s3g00691,dz186s14g00607,dz186s15g00549
tc180s3g01283,.,.,.
tc180s3g01284,dz186s3g00692,.,.
tc180s3g01285,dz186s3g00693,.,.
tc180s3g01286,dz186s3g00694,dz186s14g00606,.
tc180s3g01287,.,dz186s14g00605,.
tc180s3g01288,dz186s3g00695,dz186s14g00604,dz186s15g00548
tc180s3g01289,dz186s3g00696,.,.
tc180s3g01290,dz186s3g00697,dz186s14g00603,dz186s15g00547
tc180s3g01291,dz186s3g00698,.,dz186s15g00546
tc180s3g01292,dz186s3g00699,.,.
tc180s3g01293,dz186s3g00700,.,.
tc180s3g01294,dz186s3g00703,.,.
tc180s3g01295,dz186s3g00704,.,.
tc180s3g01296,dz186s3g00705,.,.
tc180s3g01297,dz186s3g00706,.,dz186s15g00545
tc180s3g01298,dz186s3g00707,.,dz186s15g00544
tc180s3g01299,.,dz186s14g00602,.
tc180s3g01300,dz186s3g00708,dz186s14g00601,dz186s15g00543
tc180s3g01301,dz186s3g00709,.,dz186s15g00542
tc180s3g01302,dz186s3g00710,.,.
tc180s3g01303,dz186s3g00711,dz186s14g00600,.
tc180s3g01304,dz186s3g00712,dz186s14g00599,.
tc180s3g01305,dz186s3g00713,dz186s14g00598,.
tc180s3g01306,dz186s3g00715,.,.
tc180s3g01307,dz186s3g00716,.,dz186s15g00541
tc180s3g01308,.,.,.
tc180s3g01309,.,.,.
tc180s3g01310,.,.,.
tc180s3g01311,dz186s3g00717,dz186s14g00597,dz186s15g00540
tc180s3g01312,dz186s3g00718,dz186s14g00596,dz186s15g00539
tc180s3g01313,dz186s3g00719,dz186s14g00594,dz186s15g00538
tc180s3g01314,.,.,dz186s15g00537
tc180s3g01315,dz186s3g00720,dz186s14g00593,.
tc180s3g01316,dz186s3g00721,dz186s14g00592,.
tc180s3g01317,dz186s3g00722,dz186s14g00591,dz186s15g00536
tc180s3g01318,dz186s3g00723,.,.
tc180s3g01319,dz186s3g00724,.,dz186s15g00535
tc180s3g01320,dz186s3g00725,.,.
tc180s3g01321,dz186s3g00726,.,.
tc180s3g01322,.,.,.
tc180s3g01323,dz186s3g00727,.,dz186s15g00534
tc180s3g01324,dz186s3g00728,.,dz186s15g00533
tc180s3g01325,.,.,dz186s15g00532
tc180s3g01326,.,.,.
tc180s3g01327,dz186s3g00729,.,dz186s15g00531
tc180s3g01328,.,.,dz186s15g00530
tc180s3g01329,.,.,dz186s15g00529
tc180s3g01330,.,.,.
tc180s3g01331,.,dz186s14g00590,dz186s15g00528
tc180s3g01332,dz186s3g00730,.,dz186s15g00527
tc180s3g01333,.,.,.
tc180s3g01334,dz186s3g00731,.,dz186s15g00526
tc180s3g01335,dz186s3g00732,.,dz186s15g00525
tc180s3g01336,dz186s3g00733,dz186s14g00589,dz186s15g00524
tc180s3g01337,dz186s3g00734,.,.
tc180s3g01338,dz186s3g00735,dz186s14g00588,dz186s15g00523
tc180s3g01339,dz186s3g00736,.,.
tc180s3g01340,dz186s3g00737,dz186s14g00587,dz186s15g00522
tc180s3g01341,dz186s3g00738,dz186s14g00586,dz186s15g00520
tc180s3g01342,dz186s3g00739,dz186s14g00585,dz186s15g00519
tc180s3g01343,dz186s3g00740,.,dz186s15g00518
tc180s3g01344,dz186s3g00741,dz186s14g00584,.
tc180s3g01345,dz186s3g00742,dz186s14g00583,dz186s15g00517
tc180s3g01346,dz186s3g00744,dz186s14g00582,.
tc180s3g01347,.,.,dz186s15g00516
tc180s3g01348,dz186s3g00745,dz186s14g00581,dz186s15g00515
tc180s3g01349,dz186s3g00746,dz186s14g00580,.
tc180s3g01350,dz186s3g00747,.,.
tc180s3g01351,.,dz186s14g00579,dz186s15g00514
tc180s3g01352,dz186s3g00748,dz186s14g00578,dz186s15g00513
tc180s3g01353,.,.,dz186s15g00512
tc180s3g01354,dz186s3g00749,dz186s14g00577,dz186s15g00511
tc180s3g01355,dz186s3g00750,.,dz186s15g00510
tc180s3g01356,dz186s3g00751,dz186s14g00576,dz186s15g00509
tc180s3g01357,dz186s3g00752,dz186s14g00575,dz186s15g00508
tc180s3g01358,dz186s3g00753,dz186s14g00574,dz186s15g00507
tc180s3g01359,dz186s3g00754,dz186s14g00573,dz186s15g00506
tc180s3g01360,dz186s3g00755,dz186s14g00572,dz186s15g00505
tc180s3g01361,.,.,.
tc180s3g01362,dz186s3g00756,.,.
tc180s3g01363,dz186s3g00757,dz186s14g00569,.
tc180s3g01364,dz186s3g00758,.,dz186s15g00504
tc180s3g01365,.,.,dz186s15g00503
tc180s3g01366,.,.,.
tc180s3g01367,.,dz186s14g00568,.
tc180s3g01368,dz186s3g00759,dz186s14g00567,.
tc180s3g01369,.,.,.
tc180s3g01370,dz186s3g00760,.,.
tc180s3g01371,.,.,.
tc180s3g01372,dz186s3g00761,dz186s14g00566,dz186s15g00502
tc180s3g01373,.,dz186s14g00565,.
tc180s3g01374,dz186s3g00762,dz186s14g00564,.
tc180s3g01375,dz186s3g00763,.,.
tc180s3g01376,dz186s3g00764,dz186s14g00563,dz186s15g00501
tc180s3g01377,.,.,.
tc180s3g01378,.,.,.
tc180s3g01379,.,.,.
tc180s3g01380,dz186s3g00766,.,dz186s15g00500
tc180s3g01381,.,dz186s14g00562,dz186s15g00499
tc180s3g01382,dz186s3g00767,dz186s14g00561,.
tc180s3g01383,.,.,dz186s15g00498
tc180s3g01384,dz186s3g00768,dz186s14g00560,.
tc180s3g01385,.,.,.
tc180s3g01386,dz186s3g00769,dz186s14g00559,dz186s15g00497
tc180s3g01387,dz186s3g00770,dz186s14g00558,dz186s15g00496
tc180s3g01388,dz186s3g00771,.,.
tc180s3g01389,dz186s3g00772,dz186s14g00557,.
tc180s3g01390,.,dz186s14g00556,.
tc180s3g01391,dz186s3g00773,dz186s14g00555,.
tc180s3g01392,dz186s3g00774,dz186s14g00554,dz186s15g00495
tc180s3g01393,dz186s3g00775,dz186s14g00553,dz186s15g00494
tc180s3g01394,dz186s3g00776,.,.
tc180s3g01395,dz186s3g00777,dz186s14g00552,.
tc180s3g01396,dz186s3g00778,dz186s14g00551,dz186s15g00493
tc180s3g01397,dz186s3g00779,.,.
tc180s3g01398,dz186s3g00781,.,dz186s15g00492
tc180s3g01399,dz186s3g00782,.,dz186s15g00491
tc180s3g01400,dz186s3g00783,.,dz186s15g00490
tc180s3g01401,dz186s3g00784,dz186s14g00550,.
tc180s3g01402,dz186s3g00785,dz186s14g00549,.
tc180s3g01403,dz186s3g00786,.,dz186s15g00489
tc180s3g01404,dz186s3g00787,.,.
tc180s3g01405,dz186s3g00788,.,dz186s15g00488
tc180s3g01406,.,dz186s14g00548,dz186s15g00487
tc180s3g01407,dz186s3g00789,.,dz186s15g00486
tc180s3g01408,dz186s3g00790,dz186s14g00547,dz186s15g00485
tc180s3g01409,.,.,dz186s15g00484
tc180s3g01410,.,dz186s14g00546,.
tc180s3g01411,dz186s3g00791,dz186s14g00545,.
tc180s3g01412,dz186s3g00793,.,dz186s15g00483
tc180s3g01413,dz186s3g00794,.,dz186s15g00482
tc180s3g01414,dz186s3g00795,.,.
tc180s3g01415,dz186s3g00796,dz186s14g00543,dz186s15g00481
tc180s3g01416,dz186s3g00797,.,.
tc180s3g01417,dz186s3g00798,.,dz186s15g00480
tc180s3g01418,dz186s3g00799,dz186s14g00542,dz186s15g00479
tc180s3g01419,dz186s3g00800,dz186s14g00541,.
tc180s3g01420,.,dz186s14g00540,.
tc180s3g01421,dz186s3g00801,dz186s14g00539,dz186s15g00478
tc180s3g01422,.,dz186s14g00538,.
tc180s3g01423,.,dz186s14g00537,.
tc180s3g01424,dz186s3g00802,dz186s14g00536,dz186s15g00477
tc180s3g01425,.,.,.
tc180s3g01426,.,dz186s14g00535,.
tc180s3g01427,.,dz186s14g00534,dz186s15g00476
tc180s3g01428,.,dz186s14g00533,dz186s15g00475
tc180s3g01429,dz186s3g00803,.,.
tc180s3g01430,.,.,dz186s15g00474
tc180s3g01431,dz186s3g00804,.,dz186s15g00473
tc180s3g01432,.,dz186s14g00532,.
tc180s3g01433,dz186s3g00805,.,.
tc180s3g01434,dz186s3g00806,dz186s14g00531,dz186s15g00472
tc180s3g01435,.,.,dz186s15g00471
tc180s3g01436,.,.,dz186s15g00470
tc180s3g01437,dz186s3g00807,.,dz186s15g00469
tc180s3g01438,dz186s3g00808,dz186s14g00530,.
tc180s3g01439,dz186s3g00809,dz186s14g00529,dz186s15g00468
tc180s3g01440,.,dz186s14g00528,dz186s15g00467
tc180s3g01441,dz186s3g00810,dz186s14g00527,.
tc180s3g01442,dz186s3g00811,.,dz186s15g00466
tc180s3g01443,.,.,dz186s15g00465
tc180s3g01444,.,.,.
tc180s3g01445,.,.,.
tc180s3g01446,dz186s3g00812,dz186s14g00526,.
tc180s3g01447,dz186s3g00813,dz186s14g00525,.
tc180s3g01448,dz186s3g00815,dz186s14g00524,.
tc180s3g01449,dz186s3g00816,dz186s14g00523,dz186s15g00464
tc180s3g01450,dz186s3g00817,.,.
tc180s3g01451,dz186s3g00819,dz186s14g00521,dz186s15g00462
tc180s3g01452,dz186s3g00820,dz186s14g00520,dz186s15g00461
tc180s3g01453,dz186s3g00821,dz186s14g00519,.
tc180s3g01454,dz186s3g00822,.,.
tc180s3g01455,dz186s3g01132,.,dz186s15g00459
tc180s3g01456,dz186s3g01131,dz186s14g00518,.
tc180s3g01457,dz186s3g01130,dz186s14g00517,.
tc180s3g01458,.,dz186s14g00516,dz186s15g00458
tc180s3g01459,dz186s3g01129,dz186s14g00515,dz186s15g00457
tc180s3g01460,dz186s3g01128,dz186s14g00514,dz186s15g00456
tc180s3g01461,dz186s3g01127,.,.
tc180s3g01462,.,.,dz186s15g00455
tc180s3g01463,dz186s3g01126,dz186s14g00513,dz186s15g00454
tc180s3g01464,.,.,.
tc180s3g01465,dz186s3g01125,.,.
tc180s3g01466,dz186s3g01124,dz186s14g00512,.
tc180s3g01467,dz186s3g01123,dz186s14g00511,dz186s15g00453
tc180s3g01468,dz186s3g01122,.,.
tc180s3g01469,dz186s3g01121,.,.
tc180s3g01470,dz186s3g01119,.,.
tc180s3g01471,dz186s3g01118,dz186s14g00510,dz186s15g00451
tc180s3g01472,dz186s3g01117,dz186s14g00509,dz186s15g00450
tc180s3g01473,.,.,dz186s15g00449
tc180s3g01474,dz186s3g01116,dz186s14g00507,dz186s15g00448
tc180s3g01475,dz186s3g01115,dz186s14g00506,dz186s15g00447
tc180s3g01476,dz186s3g01114,dz186s14g00505,.
tc180s3g01477,dz186s3g01113,.,.
tc180s3g01478,dz186s3g01112,dz186s14g00504,dz186s15g00446
tc180s3g01479,dz186s3g01111,dz186s14g00502,.
tc180s3g01480,dz186s3g01110,dz186s14g00501,dz186s15g00445
tc180s3g01481,.,.,dz186s15g00444
tc180s3g01482,dz186s3g01109,.,dz186s15g00443
tc180s3g01483,.,dz186s14g00500,.
tc180s3g01484,dz186s3g01108,dz186s14g00498,dz186s15g00442
tc180s3g01485,.,dz186s14g00497,dz186s15g00441
tc180s3g01486,.,.,.
tc180s3g01487,.,dz186s14g00496,.
tc180s3g01488,dz186s3g01107,.,.
tc180s3g01489,dz186s3g01106,dz186s14g00495,.
tc180s3g01490,dz186s3g01105,dz186s14g00494,.
tc180s3g01491,dz186s3g01104,dz186s14g00493,dz186s15g00440
tc180s3g01492,.,.,dz186s15g00439
tc180s3g01493,dz186s3g01103,.,dz186s15g00438
tc180s3g01494,dz186s3g01102,dz186s14g00492,.
tc180s3g01495,dz186s3g01101,.,.
tc180s3g01496,dz186s3g01100,dz186s14g00491,dz186s15g00436
tc180s3g01497,.,.,.
tc180s3g01498,dz186s3g01099,.,dz186s15g00435
tc180s3g01499,.,dz186s14g00489,.
tc180s3g01500,.,dz186s14g00488,.
tc180s3g01501,.,.,dz186s15g00434
tc180s3g01502,dz186s3g01098,dz186s14g00487,.
tc180s3g01503,dz186s3g01097,.,.
tc180s3g01504,dz186s3g01096,dz186s14g00486,.
tc180s3g01505,dz186s3g01095,dz186s14g00485,.
tc180s3g01506,dz186s3g01094,dz186s14g00484,dz186s15g00433
tc180s3g01507,dz186s3g01093,dz186s14g00483,dz186s15g00432
tc180s3g01508,dz186s3g01092,dz186s14g00482,dz186s15g00431
tc180s3g01509,.,dz186s14g00481,dz186s15g00430
tc180s3g01510,dz186s3g01091,dz186s14g00480,dz186s15g00427
tc180s3g01511,dz186s3g01090,dz186s14g00479,dz186s15g00426
tc180s3g01512,.,dz186s14g00478,dz186s15g00425
tc180s3g01513,dz186s3g01088,dz186s14g00477,.
tc180s3g01514,.,.,dz186s15g00424
tc180s3g01515,dz186s3g01086,.,.
tc180s3g01516,dz186s3g01085,dz186s14g00476,dz186s15g00423
tc180s3g01517,dz186s3g01084,dz186s14g00475,dz186s15g00422
tc180s3g01518,.,.,.
tc180s3g01519,dz186s3g01083,.,.
tc180s3g01520,dz186s3g01082,dz186s14g00473,dz186s15g00421
tc180s3g01521,dz186s3g01081,dz186s14g00472,dz186s15g00420
tc180s3g01522,dz186s3g01080,dz186s14g00471,dz186s15g00419
tc180s3g01523,.,.,.
tc180s3g01524,dz186s3g01078,dz186s14g00470,.
tc180s3g01525,.,dz186s14g00469,dz186s15g00417
tc180s3g01526,dz186s3g01077,dz186s14g00468,dz186s15g00416
tc180s3g01527,.,.,.
tc180s3g01528,.,.,.
tc180s3g01529,.,.,.
tc180s3g01530,dz186s3g01076,dz186s14g00466,dz186s15g00413
tc180s3g01531,.,dz186s14g00465,.
tc180s3g01532,dz186s3g01075,dz186s14g00464,dz186s15g00412
tc180s3g01533,.,dz186s14g00463,.
tc180s3g01534,dz186s3g01072,.,dz186s15g00411
tc180s3g01535,dz186s3g01070,.,.
tc180s3g01536,.,.,.
tc180s3g01537,dz186s3g01069,.,.
tc180s3g01538,dz186s3g01068,dz186s14g00462,dz186s15g00410
tc180s3g01539,.,dz186s14g00461,dz186s15g00409
tc180s3g01540,.,.,.
tc180s3g01541,.,dz186s14g00460,dz186s15g00408
tc180s3g01542,dz186s3g01064,dz186s14g00459,.
tc180s3g01543,dz186s3g01063,dz186s14g00458,.
tc180s3g01544,dz186s3g01062,dz186s14g00457,.
tc180s3g01545,.,dz186s14g00456,dz186s15g00407
tc180s3g01546,dz186s3g01061,dz186s14g00455,.
tc180s3g01547,dz186s3g01060,.,.
tc180s3g01548,dz186s3g01059,dz186s14g00454,dz186s15g00406
tc180s3g01549,dz186s3g01058,.,.
tc180s3g01550,dz186s3g01057,.,dz186s15g00405
tc180s3g01551,dz186s3g01056,.,dz186s15g00404
tc180s3g01552,dz186s3g01055,.,dz186s15g00403
tc180s3g01553,dz186s3g01054,dz186s14g00453,.
tc180s3g01554,dz186s3g01053,.,.
tc180s3g01555,dz186s3g01052,.,.
tc180s3g01556,.,dz186s14g00452,.
tc180s3g01557,dz186s3g01051,dz186s14g00451,dz186s15g00402
tc180s3g01558,.,.,.
tc180s3g01559,dz186s3g01050,.,dz186s15g00401
tc180s3g01560,,.,dz186s15g00400
tc180s3g01561,dz186s3g00639,.,.
tc180s3g01562,dz186s3g00638,dz186s14g00450,.
tc180s3g01563,dz186s3g00637,dz186s14g00449,dz186s15g00399
tc180s3g01564,dz186s3g00636,dz186s14g00448,dz186s15g00398
tc180s3g01565,.,.,dz186s15g00394
tc180s3g01566,.,dz186s14g00447,.
tc180s3g01567,dz186s3g00635,dz186s14g00446,.
tc180s3g01568,dz186s3g00634,dz186s14g00445,.
tc180s3g01569,dz186s3g00633,dz186s14g00444,dz186s15g00393
tc180s3g01570,.,.,dz186s15g00392
tc180s3g01571,dz186s3g00631,dz186s14g00443,.
tc180s3g01572,dz186s3g00630,.,.
tc180s3g01573,dz186s3g00629,.,dz186s15g00391
tc180s3g01574,.,.,.
tc180s3g01575,dz186s3g00628,.,.
tc180s3g01576,dz186s3g00627,.,dz186s15g00389
tc180s3g01577,dz186s3g00626,dz186s14g00442,.
tc180s3g01578,.,.,dz186s15g00388
tc180s3g01579,dz186s3g00625,.,.
tc180s3g01580,dz186s3g00624,.,dz186s15g00387
tc180s3g01581,dz186s3g00623,.,.
tc180s3g01582,dz186s3g00622,dz186s14g00441,.
tc180s3g01583,dz186s3g00621,dz186s14g00440,dz186s15g00386
tc180s3g01584,dz186s3g00620,dz186s14g00439,dz186s15g00385
tc180s3g01585,.,.,.
tc180s3g01586,dz186s3g00619,dz186s14g00438,dz186s15g00384
tc180s3g01587,dz186s3g00618,.,.
tc180s3g01588,.,dz186s14g00437,dz186s15g00383
tc180s3g01589,dz186s3g00617,dz186s14g00436,dz186s15g00382
tc180s3g01590,.,.,.
tc180s3g01591,dz186s3g00616,.,dz186s15g00381
tc180s3g01592,dz186s3g00615,.,dz186s15g00380
tc180s3g01593,dz186s3g00614,dz186s14g00435,dz186s15g00379
tc180s3g01594,dz186s3g00613,.,dz186s15g00378
tc180s3g01595,,dz186s14g00434,dz186s15g00377
tc180s3g01596,,,dz186s15g00376
tc180s3g01597,dz186s3g00125,,dz186s15g00051
tc180s3g01598,.,,dz186s15g00052
tc180s3g01599,.,dz186s14g00074,dz186s15g00053
tc180s3g01600,dz186s3g00127,dz186s14g00075,dz186s15g00054
tc180s3g01601,.,dz186s14g00076,dz186s15g00055
tc180s3g01602,.,dz186s14g00078,.
tc180s3g01603,dz186s3g00128,dz186s14g00097,dz186s15g00057
tc180s3g01604,dz186s3g00129,.,.
tc180s3g01605,.,dz186s14g00096,.
tc180s3g01606,.,dz186s14g00095,.
tc180s3g01607,dz186s3g00130,dz186s14g00094,.
tc180s3g01608,dz186s3g00131,dz186s14g00083,.
tc180s3g01609,dz186s3g00132,.,dz186s15g00058
tc180s3g01610,dz186s3g00133,dz186s14g00084,dz186s15g00059
tc180s3g01611,dz186s3g00134,.,.
tc180s3g01612,.,.,.
tc180s3g01613,.,.,.
tc180s3g01614,dz186s3g00136,.,dz186s15g00060
tc180s3g01615,dz186s3g00137,dz186s14g00086,dz186s15g00061
tc180s3g01616,dz186s3g00138,.,.
tc180s3g01617,dz186s3g00139,dz186s14g00087,.
tc180s3g01618,dz186s3g00140,.,dz186s15g00062
tc180s3g01619,dz186s3g00141,dz186s14g00088,.
tc180s3g01620,dz186s3g00142,.,.
tc180s3g01621,dz186s3g00143,dz186s14g00089,dz186s15g00063
tc180s3g01622,dz186s3g00144,dz186s14g00090,.
tc180s3g01623,dz186s3g00145,.,.
tc180s3g01624,dz186s3g00146,dz186s14g00091,dz186s15g00064
tc180s3g01625,dz186s3g00147,dz186s14g00098,dz186s15g00066
tc180s3g01626,dz186s3g00148,.,dz186s15g00067
tc180s3g01627,dz186s3g00149,.,dz186s15g00068
tc180s3g01628,dz186s3g00150,dz186s14g00099,dz186s15g00069
tc180s3g01629,dz186s3g00151,dz186s14g00100,dz186s15g00070
tc180s3g01630,dz186s3g00152,.,.
tc180s3g01631,dz186s3g00153,dz186s14g00101,dz186s15g00071
tc180s3g01632,dz186s3g00154,dz186s14g00102,dz186s15g00072
tc180s3g01633,dz186s3g00155,dz186s14g00103,.
tc180s3g01634,.,.,.
tc180s3g01635,dz186s3g00156,.,dz186s15g00073
tc180s3g01636,dz186s3g00157,.,dz186s15g00074
tc180s3g01637,dz186s3g00158,.,.
tc180s3g01638,dz186s3g00159,.,dz186s15g00075
tc180s3g01639,dz186s3g00160,.,dz186s15g00076
tc180s3g01640,dz186s3g00161,.,dz186s15g00077
tc180s3g01641,dz186s3g00162,.,.
tc180s3g01642,dz186s3g00163,.,dz186s15g00078
tc180s3g01643,dz186s3g00164,.,.
tc180s3g01644,dz186s3g00165,.,.
tc180s3g01645,dz186s3g00166,dz186s14g00105,dz186s15g00079
tc180s3g01646,dz186s3g00167,dz186s14g00106,.
tc180s3g01647,dz186s3g00168,dz186s14g00107,dz186s15g00080
tc180s3g01648,dz186s3g00169,dz186s14g00108,.
tc180s3g01649,dz186s3g00172,dz186s14g00109,.
tc180s3g01650,dz186s3g00173,.,dz186s15g00082
tc180s3g01651,dz186s3g00174,dz186s14g00110,dz186s15g00083
tc180s3g01652,.,dz186s14g00111,.
tc180s3g01653,dz186s3g00175,.,.
tc180s3g01654,dz186s3g00176,.,.
tc180s3g01655,dz186s3g00177,dz186s14g00112,dz186s15g00084
tc180s3g01656,.,dz186s14g00113,.
tc180s3g01657,dz186s3g00178,dz186s14g00114,.
tc180s3g01658,.,dz186s14g00115,.
tc180s3g01659,dz186s3g00179,dz186s14g00116,dz186s15g00085
tc180s3g01660,dz186s3g00180,dz186s14g00117,dz186s15g00086
tc180s3g01661,.,.,dz186s15g00087
tc180s3g01662,.,dz186s14g00118,dz186s15g00088
tc180s3g01663,dz186s3g00181,dz186s14g00119,dz186s15g00089
tc180s3g01664,dz186s3g00182,dz186s14g00120,dz186s15g00090
tc180s3g01665,dz186s3g00184,dz186s14g00121,.
tc180s3g01666,dz186s3g00185,dz186s14g00122,.
tc180s3g01667,dz186s3g00186,.,.
tc180s3g01668,.,.,.
tc180s3g01669,dz186s3g00187,.,.
tc180s3g01670,dz186s3g00188,.,dz186s15g00091
tc180s3g01671,dz186s3g00189,.,dz186s15g00092
tc180s3g01672,dz186s3g00190,.,.
tc180s3g01673,dz186s3g00194,.,dz186s15g00094
tc180s3g01674,dz186s3g00195,.,dz186s15g00095
tc180s3g01675,dz186s3g00196,.,dz186s15g00096
tc180s3g01676,dz186s3g00197,dz186s14g00124,.
tc180s3g01677,.,dz186s14g00125,.
tc180s3g01678,.,dz186s14g00126,dz186s15g00097
tc180s3g01679,dz186s3g00199,.,.
tc180s3g01680,dz186s3g00200,dz186s14g00127,.
tc180s3g01681,dz186s3g00201,dz186s14g00128,.
tc180s3g01682,dz186s3g00202,dz186s14g00129,.
tc180s3g01683,dz186s3g00203,dz186s14g00130,.
tc180s3g01684,dz186s3g00204,.,.
tc180s3g01685,dz186s3g00205,.,.
tc180s3g01686,dz186s3g00206,.,dz186s15g00099
tc180s3g01687,.,dz186s14g00131,.
tc180s3g01688,dz186s3g00209,dz186s14g00132,.
tc180s3g01689,dz186s3g00210,dz186s14g00133,dz186s15g00101
tc180s3g01690,dz186s3g00211,dz186s14g00134,dz186s15g00102
tc180s3g01691,dz186s3g00212,.,dz186s15g00103
tc180s3g01692,dz186s3g00213,dz186s14g00135,dz186s15g00104
tc180s3g01693,dz186s3g00214,.,.
tc180s3g01694,.,dz186s14g00136,.
tc180s3g01695,dz186s3g00215,.,dz186s15g00105
tc180s3g01696,.,.,dz186s15g00106
tc180s3g01697,dz186s3g00216,dz186s14g00137,.
tc180s3g01698,dz186s3g00217,.,dz186s15g00107
tc180s3g01699,dz186s3g00218,.,.
tc180s3g01700,.,.,.
tc180s3g01701,.,.,dz186s15g00108
tc180s3g01702,.,dz186s14g00139,.
tc180s3g01703,dz186s3g00219,dz186s14g00140,.
tc180s3g01704,dz186s3g00220,dz186s14g00141,dz186s15g00109
tc180s3g01705,.,.,dz186s15g00110
tc180s3g01706,dz186s3g00221,.,.
tc180s3g01707,.,dz186s14g00142,.
tc180s3g01708,dz186s3g00222,dz186s14g00143,.
tc180s3g01709,dz186s3g00223,.,.
tc180s3g01710,.,.,.
tc180s3g01711,dz186s3g00224,.,.
tc180s3g01712,.,.,.
tc180s3g01713,.,.,dz186s15g00111
tc180s3g01714,dz186s3g00225,.,dz186s15g00112
tc180s3g01715,dz186s3g00227,.,dz186s15g00113
tc180s3g01716,.,.,.
tc180s3g01717,dz186s3g00228,.,dz186s15g00114
tc180s3g01718,.,dz186s14g00144,dz186s15g00115
tc180s3g01719,dz186s3g00229,dz186s14g00145,dz186s15g00116
tc180s3g01720,dz186s3g00230,dz186s14g00146,dz186s15g00117
tc180s3g01721,.,dz186s14g00147,.
tc180s3g01722,dz186s3g00232,dz186s14g00148,dz186s15g00118
tc180s3g01723,dz186s3g00233,dz186s14g00149,.
tc180s3g01724,dz186s3g00234,dz186s14g00150,dz186s15g00119
tc180s3g01725,dz186s3g00235,.,.
tc180s3g01726,dz186s3g00236,dz186s14g00151,dz186s15g00120
tc180s3g01727,.,.,.
tc180s3g01728,dz186s3g00239,dz186s14g00153,.
tc180s3g01729,.,dz186s14g00154,.
tc180s3g01730,dz186s3g00240,.,.
tc180s3g01731,dz186s3g00242,dz186s14g00155,dz186s15g00123
tc180s3g01732,.,.,.
tc180s3g01733,dz186s3g00243,dz186s14g00156,dz186s15g00124
tc180s3g01734,dz186s3g00246,dz186s14g00157,dz186s15g00125
tc180s3g01735,dz186s3g00248,dz186s14g00158,.
tc180s3g01736,dz186s3g00249,dz186s14g00161,.
tc180s3g01737,dz186s3g00250,.,.
tc180s3g01738,dz186s3g00251,dz186s14g00162,.
tc180s3g01739,dz186s3g00252,.,.
tc180s3g01740,.,dz186s14g00163,dz186s15g00126
tc180s3g01741,dz186s3g00253,dz186s14g00164,dz186s15g00128
tc180s3g01742,.,.,.
tc180s3g01743,.,.,.
tc180s3g01744,dz186s3g00254,dz186s14g00165,.
tc180s3g01745,dz186s3g00255,.,.
tc180s3g01746,dz186s3g00256,.,.
tc180s3g01747,dz186s3g00257,dz186s14g00166,.
tc180s3g01748,dz186s3g00258,dz186s14g00167,.
tc180s3g01749,.,.,.
tc180s3g01750,.,dz186s14g00168,dz186s15g00129
tc180s3g01751,dz186s3g00259,.,.
tc180s3g01752,.,.,.
tc180s3g01753,dz186s3g00260,.,dz186s15g00130
tc180s3g01754,.,dz186s14g00169,.
tc180s3g01755,dz186s3g00261,dz186s14g00170,dz186s15g00131
tc180s3g01756,dz186s3g00262,dz186s14g00171,dz186s15g00132
tc180s3g01757,dz186s3g00263,dz186s14g00172,dz186s15g00133
tc180s3g01758,dz186s3g00264,dz186s14g00173,.
tc180s3g01759,.,dz186s14g00174,.
tc180s3g01760,.,dz186s14g00176,dz186s15g00134
tc180s3g01761,dz186s3g00265,dz186s14g00177,dz186s15g00135
tc180s3g01762,dz186s3g00266,.,dz186s15g00136
tc180s3g01763,dz186s3g00267,dz186s14g00178,dz186s15g00137
tc180s3g01764,dz186s3g00268,.,.
tc180s3g01765,dz186s3g00269,dz186s14g00179,dz186s15g00138
tc180s3g01766,dz186s3g00270,dz186s14g00180,.
tc180s3g01767,dz186s3g00272,dz186s14g00181,dz186s15g00139
tc180s3g01768,.,.,dz186s15g00140
tc180s3g01769,dz186s3g00273,dz186s14g00182,.
tc180s3g01770,dz186s3g00274,dz186s14g00183,.
tc180s3g01771,dz186s3g00275,.,.
tc180s3g01772,.,.,.
tc180s3g01773,.,dz186s14g00185,.
tc180s3g01774,.,.,dz186s15g00142
tc180s3g01775,dz186s3g00277,.,dz186s15g00143
tc180s3g01776,.,.,.
tc180s3g01777,dz186s3g00279,.,dz186s15g00144
tc180s3g01778,dz186s3g00280,dz186s14g00187,dz186s15g00145
tc180s3g01779,.,.,.
tc180s3g01780,dz186s3g00281,.,.
tc180s3g01781,dz186s3g00282,dz186s14g00188,.
tc180s3g01782,dz186s3g00283,dz186s14g00189,dz186s15g00146
tc180s3g01783,dz186s3g00284,dz186s14g00190,dz186s15g00147
tc180s3g01784,dz186s3g00285,.,dz186s15g00148
tc180s3g01785,dz186s3g00286,.,.
tc180s3g01786,.,.,dz186s15g00149
tc180s3g01787,.,dz186s14g00191,.
tc180s3g01788,dz186s3g00287,.,.
tc180s3g01789,dz186s3g00288,dz186s14g00192,dz186s15g00150
tc180s3g01790,dz186s3g00289,dz186s14g00193,dz186s15g00151
tc180s3g01791,dz186s3g00290,dz186s14g00194,.
tc180s3g01792,.,.,.
tc180s3g01793,dz186s3g00291,.,.
tc180s3g01794,.,dz186s14g00195,dz186s15g00152
tc180s3g01795,.,dz186s14g00196,.
tc180s3g01796,dz186s3g00292,dz186s14g00197,dz186s15g00153
tc180s3g01797,dz186s3g00293,.,dz186s15g00154
tc180s3g01798,dz186s3g00294,.,.
tc180s3g01799,dz186s3g00295,.,.
tc180s3g01800,dz186s3g00296,.,dz186s15g00155
tc180s3g01801,.,.,dz186s15g00156
tc180s3g01802,dz186s3g00297,dz186s14g00198,dz186s15g00157
tc180s3g01803,.,.,.
tc180s3g01804,.,.,.
tc180s3g01805,.,.,dz186s15g00158
tc180s3g01806,dz186s3g00304,.,.
tc180s3g01807,.,.,dz186s15g00159
tc180s3g01808,dz186s3g00305,.,.
tc180s3g01809,dz186s3g00306,dz186s14g00199,dz186s15g00160
tc180s3g01810,dz186s3g00307,dz186s14g00200,dz186s15g00161
tc180s3g01811,dz186s3g00308,dz186s14g00201,.
tc180s3g01812,dz186s3g00309,dz186s14g00202,.
tc180s3g01813,dz186s3g00310,.,dz186s15g00162
tc180s3g01814,dz186s3g00311,.,dz186s15g00164
tc180s3g01815,.,dz186s14g00204,.
tc180s3g01816,dz186s3g00312,dz186s14g00205,.
tc180s3g01817,dz186s3g00313,dz186s14g00206,dz186s15g00165
tc180s3g01818,.,.,.
tc180s3g01819,dz186s3g00314,dz186s14g00207,.
tc180s3g01820,dz186s3g00315,dz186s14g00208,dz186s15g00166
tc180s3g01821,dz186s3g00316,.,.
tc180s3g01822,dz186s3g00317,dz186s14g00209,dz186s15g00167
tc180s3g01823,dz186s3g00318,dz186s14g00210,.
tc180s3g01824,dz186s3g00319,.,dz186s15g00168
tc180s3g01825,dz186s3g00320,dz186s14g00211,dz186s15g00169
tc180s3g01826,.,.,.
tc180s3g01827,dz186s3g00321,.,.
tc180s3g01828,dz186s3g00322,.,.
tc180s3g01829,.,dz186s14g00212,dz186s15g00170
tc180s3g01830,dz186s3g00323,dz186s14g00213,.
tc180s3g01831,.,.,dz186s15g00171
tc180s3g01832,dz186s3g00324,dz186s14g00214,dz186s15g00172
tc180s3g01833,dz186s3g00325,dz186s14g00215,.
tc180s3g01834,dz186s3g00326,dz186s14g00216,dz186s15g00173
tc180s3g01835,dz186s3g00327,dz186s14g00217,dz186s15g00174
tc180s3g01836,dz186s3g00328,dz186s14g00218,dz186s15g00175
tc180s3g01837,dz186s3g00329,.,.
tc180s3g01838,.,.,.
tc180s3g01839,dz186s3g00330,dz186s14g00219,dz186s15g00176
tc180s3g01840,dz186s3g00331,dz186s14g00220,dz186s15g00177
tc180s3g01841,dz186s3g00332,.,.
tc180s3g01842,.,dz186s14g00221,.
tc180s3g01843,dz186s3g00333,dz186s14g00222,dz186s15g00178
tc180s3g01844,dz186s3g00334,dz186s14g00223,.
tc180s3g01845,.,.,.
tc180s3g01846,dz186s3g00335,.,dz186s15g00179
tc180s3g01847,dz186s3g00336,.,.
tc180s3g01848,.,.,.
tc180s3g01849,.,.,.
tc180s3g01850,dz186s3g00337,.,.
tc180s3g01851,dz186s3g00338,.,dz186s15g00180
tc180s3g01852,dz186s3g00339,.,dz186s15g00181
tc180s3g01853,dz186s3g00340,.,dz186s15g00182
tc180s3g01854,dz186s3g00341,dz186s14g00224,.
tc180s3g01855,dz186s3g00342,.,dz186s15g00183
tc180s3g01856,dz186s3g00343,dz186s14g00225,dz186s15g00184
tc180s3g01857,dz186s3g00344,dz186s14g00226,dz186s15g00185
tc180s3g01858,.,.,dz186s15g00186
tc180s3g01859,dz186s3g00347,.,.
tc180s3g01860,dz186s3g00348,.,.
tc180s3g01861,dz186s3g00349,.,.
tc180s3g01862,.,.,.
tc180s3g01863,dz186s3g00350,dz186s14g00227,.
tc180s3g01864,.,.,.
tc180s3g01865,.,.,dz186s15g00187
tc180s3g01866,dz186s3g00351,.,.
tc180s3g01867,dz186s3g00352,dz186s14g00228,.
tc180s3g01868,dz186s3g00353,.,.
tc180s3g01869,dz186s3g00354,.,dz186s15g00188
tc180s3g01870,dz186s3g00355,.,.
tc180s3g01871,dz186s3g00356,dz186s14g00229,dz186s15g00189
tc180s3g01872,dz186s3g00357,dz186s14g00230,.
tc180s3g01873,dz186s3g00358,.,dz186s15g00190
tc180s3g01874,dz186s3g00359,.,dz186s15g00191
tc180s3g01875,.,.,dz186s15g00192
tc180s3g01876,dz186s3g00360,dz186s14g00231,dz186s15g00193
tc180s3g01877,dz186s3g00361,.,.
tc180s3g01878,dz186s3g00362,dz186s14g00232,dz186s15g00194
tc180s3g01879,dz186s3g00363,dz186s14g00233,dz186s15g00195
tc180s3g01880,dz186s3g00364,.,.
tc180s3g01881,dz186s3g00365,dz186s14g00234,.
tc180s3g01882,dz186s3g00366,.,dz186s15g00196
tc180s3g01883,.,dz186s14g00235,dz186s15g00197
tc180s3g01884,dz186s3g00367,.,dz186s15g00198
tc180s3g01885,dz186s3g00368,dz186s14g00236,dz186s15g00199
tc180s3g01886,dz186s3g00369,dz186s14g00237,.
tc180s3g01887,.,.,dz186s15g00200
tc180s3g01888,dz186s3g00371,dz186s14g00238,dz186s15g00201
tc180s3g01889,dz186s3g00372,dz186s14g00239,dz186s15g00202
tc180s3g01890,dz186s3g00373,dz186s14g00240,dz186s15g00203
tc180s3g01891,dz186s3g00374,.,.
tc180s3g01892,dz186s3g00375,.,.
tc180s3g01893,.,dz186s14g00241,dz186s15g00204
tc180s3g01894,dz186s3g00376,dz186s14g00242,dz186s15g00205
tc180s3g01895,.,dz186s14g00243,dz186s15g00206
tc180s3g01896,dz186s3g00377,dz186s14g00244,dz186s15g00207
tc180s3g01897,.,.,.
tc180s3g01898,dz186s3g00378,.,.
tc180s3g01899,dz186s3g00379,.,dz186s15g00208
tc180s3g01900,dz186s3g00380,dz186s14g00245,dz186s15g00209
tc180s3g01901,dz186s3g00381,dz186s14g00246,.
tc180s3g01902,dz186s3g00382,dz186s14g00247,.
tc180s3g01903,dz186s3g00383,dz186s14g00248,dz186s15g00210
tc180s3g01904,dz186s3g00384,.,.
tc180s3g01905,dz186s3g00385,.,.
tc180s3g01906,dz186s3g00386,dz186s14g00249,dz186s15g00211
tc180s3g01907,dz186s3g00387,dz186s14g00250,dz186s15g00212
tc180s3g01908,.,.,.
tc180s3g01909,dz186s3g00389,.,dz186s15g00213
tc180s3g01910,.,.,dz186s15g00214
tc180s3g01911,dz186s3g00391,.,.
tc180s3g01912,dz186s3g00392,dz186s14g00251,.
tc180s3g01913,dz186s3g00394,dz186s14g00252,.
tc180s3g01914,.,.,dz186s15g00215
tc180s3g01915,.,dz186s14g00253,.
tc180s3g01916,.,dz186s14g00254,.
tc180s3g01917,.,.,dz186s15g00216
tc180s3g01918,dz186s3g00396,.,.
tc180s3g01919,dz186s3g00397,dz186s14g00255,dz186s15g00217
tc180s3g01920,dz186s3g00398,.,dz186s15g00218
tc180s3g01921,.,dz186s14g00256,.
tc180s3g01922,dz186s3g00399,dz186s14g00257,dz186s15g00219
tc180s3g01923,dz186s3g00401,dz186s14g00258,dz186s15g00220
tc180s3g01924,dz186s3g00402,dz186s14g00259,dz186s15g00221
tc180s3g01925,dz186s3g00403,dz186s14g00260,dz186s15g00222
tc180s3g01926,dz186s3g00404,dz186s14g00261,dz186s15g00223
tc180s3g01927,dz186s3g00405,dz186s14g00262,dz186s15g00224
tc180s3g01928,dz186s3g00406,dz186s14g00263,.
tc180s3g01929,dz186s3g00407,dz186s14g00264,dz186s15g00225
tc180s3g01930,dz186s3g00408,dz186s14g00265,dz186s15g00226
tc180s3g01931,dz186s3g00409,.,.
tc180s3g01932,.,.,.
tc180s3g01933,dz186s3g00410,dz186s14g00266,.
tc180s3g01934,dz186s3g00411,dz186s14g00267,dz186s15g00227
tc180s3g01935,dz186s3g00412,dz186s14g00268,.
tc180s3g01936,dz186s3g00413,dz186s14g00269,.
tc180s3g01937,dz186s3g00414,dz186s14g00270,dz186s15g00228
tc180s3g01938,dz186s3g00415,.,.
tc180s3g01939,.,.,dz186s15g00229
tc180s3g01940,dz186s3g00416,dz186s14g00272,dz186s15g00230
tc180s3g01941,dz186s3g00417,.,dz186s15g00231
tc180s3g01942,dz186s3g00418,.,dz186s15g00232
tc180s3g01943,dz186s3g00419,dz186s14g00273,.
tc180s3g01944,dz186s3g00420,.,dz186s15g00233
tc180s3g01945,.,.,.
tc180s3g01946,dz186s3g00421,dz186s14g00274,dz186s15g00234
tc180s3g01947,.,dz186s14g00275,.
tc180s3g01948,.,.,.
tc180s3g01949,dz186s3g00422,dz186s14g00276,dz186s15g00235
tc180s3g01950,dz186s3g00423,dz186s14g00277,dz186s15g00236
tc180s3g01951,dz186s3g00424,dz186s14g00278,dz186s15g00237
tc180s3g01952,dz186s3g00425,dz186s14g00279,.
tc180s3g01953,.,dz186s14g00280,.
tc180s3g01954,dz186s3g00426,dz186s14g00281,.
tc180s3g01955,dz186s3g00427,dz186s14g00282,.
tc180s3g01956,dz186s3g00428,dz186s14g00283,dz186s15g00238
tc180s3g01957,.,dz186s14g00284,.
tc180s3g01958,dz186s3g00429,dz186s14g00285,dz186s15g00239
tc180s3g01959,.,dz186s14g00286,.
tc180s3g01960,.,.,.
tc180s3g01961,dz186s3g00430,dz186s14g00287,.
tc180s3g01962,dz186s3g00431,.,.
tc180s3g01963,dz186s3g00432,.,dz186s15g00240
tc180s3g01964,.,.,dz186s15g00241
tc180s3g01965,dz186s3g00433,.,dz186s15g00242
tc180s3g01966,dz186s3g00434,.,.
tc180s3g01967,.,.,dz186s15g00243
tc180s3g01968,.,.,.
tc180s3g01969,.,.,.
tc180s3g01970,.,.,.
tc180s3g01971,.,.,dz186s15g00244
tc180s3g01972,dz186s3g00435,.,.
tc180s3g01973,dz186s3g00436,.,.
tc180s3g01974,dz186s3g00437,dz186s14g00288,.
tc180s3g01975,dz186s3g00438,.,dz186s15g00245
tc180s3g01976,dz186s3g00439,.,dz186s15g00246
tc180s3g01977,.,.,dz186s15g00247
tc180s3g01978,dz186s3g00440,.,dz186s15g00248
tc180s3g01979,dz186s3g00441,.,dz186s15g00249
tc180s3g01980,dz186s3g00442,dz186s14g00289,dz186s15g00250
tc180s3g01981,dz186s3g00443,dz186s14g00290,dz186s15g00251
tc180s3g01982,.,.,.
tc180s3g01983,dz186s3g00444,dz186s14g00292,.
tc180s3g01984,.,.,dz186s15g00252
tc180s3g01985,dz186s3g00445,dz186s14g00293,.
tc180s3g01986,dz186s3g00446,dz186s14g00294,.
tc180s3g01987,dz186s3g00447,dz186s14g00295,dz186s15g00253
tc180s3g01988,.,.,.
tc180s3g01989,dz186s3g00448,dz186s14g00296,.
tc180s3g01990,dz186s3g00449,.,dz186s15g00254
tc180s3g01991,.,.,dz186s15g00255
tc180s3g01992,dz186s3g00450,dz186s14g00297,.
tc180s3g01993,dz186s3g00451,dz186s14g00298,dz186s15g00256
tc180s3g01994,.,.,dz186s15g00257
tc180s3g01995,dz186s3g00452,dz186s14g00299,.
tc180s3g01996,dz186s3g00453,.,dz186s15g00258
tc180s3g01997,dz186s3g00454,dz186s14g00300,.
tc180s3g01998,.,dz186s14g00301,dz186s15g00259
tc180s3g01999,dz186s3g00455,.,dz186s15g00260
tc180s3g02000,.,dz186s14g00302,dz186s15g00261
tc180s3g02001,.,dz186s14g00303,dz186s15g00262
tc180s3g02002,.,dz186s14g00304,dz186s15g00263
tc180s3g02003,.,.,dz186s15g00264
tc180s3g02004,.,dz186s14g00305,.
tc180s3g02005,dz186s3g00456,dz186s14g00306,dz186s15g00266
tc180s3g02006,dz186s3g00457,.,dz186s15g00267
tc180s3g02007,dz186s3g00458,dz186s14g00307,dz186s15g00268
tc180s3g02008,dz186s3g00459,.,.
tc180s3g02009,dz186s3g00460,.,.
tc180s3g02010,.,dz186s14g00309,.
tc180s3g02011,dz186s3g00461,dz186s14g00310,.
tc180s3g02012,dz186s3g00462,dz186s14g00311,dz186s15g00269
tc180s3g02013,.,.,dz186s15g00270
tc180s3g02014,dz186s3g00463,.,dz186s15g00271
tc180s3g02015,.,.,.
tc180s3g02016,dz186s3g00464,.,dz186s15g00272
tc180s3g02017,dz186s3g00465,dz186s14g00312,dz186s15g00273
tc180s3g02018,dz186s3g00466,.,.
tc180s3g02019,.,dz186s14g00313,dz186s15g00274
tc180s3g02020,dz186s3g00467,.,.
tc180s3g02021,dz186s3g00468,dz186s14g00314,dz186s15g00275
tc180s3g02022,dz186s3g00469,.,.
tc180s3g02023,dz186s3g00470,.,dz186s15g00276
tc180s3g02024,dz186s3g00471,dz186s14g00315,.
tc180s3g02025,dz186s3g00472,dz186s14g00316,.
tc180s3g02026,dz186s3g00473,dz186s14g00317,.
tc180s3g02027,dz186s3g00474,dz186s14g00318,dz186s15g00277
tc180s3g02028,.,.,.
tc180s3g02029,.,dz186s14g00319,dz186s15g00278
tc180s3g02030,dz186s3g00475,dz186s14g00320,dz186s15g00279
tc180s3g02031,dz186s3g00476,.,dz186s15g00280
tc180s3g02032,dz186s3g00477,.,dz186s15g00281
tc180s3g02033,dz186s3g00478,dz186s14g00321,dz186s15g00282
tc180s3g02034,dz186s3g00479,dz186s14g00322,.
tc180s3g02035,dz186s3g00480,dz186s14g00323,dz186s15g00283
tc180s3g02036,dz186s3g00481,dz186s14g00324,dz186s15g00284
tc180s3g02037,dz186s3g00482,dz186s14g00325,dz186s15g00285
tc180s3g02038,.,.,.
tc180s3g02039,.,.,.
tc180s3g02040,dz186s3g00483,.,dz186s15g00286
tc180s3g02041,dz186s3g00484,.,dz186s15g00287
tc180s3g02042,dz186s3g00485,dz186s14g00326,.
tc180s3g02043,dz186s3g00486,dz186s14g00328,dz186s15g00288
tc180s3g02044,dz186s3g00487,dz186s14g00329,dz186s15g00289
tc180s3g02045,dz186s3g00488,.,dz186s15g00290
tc180s3g02046,dz186s3g00489,.,.
tc180s3g02047,dz186s3g00490,dz186s14g00330,.
tc180s3g02048,dz186s3g00491,.,.
tc180s3g02049,dz186s3g00492,dz186s14g00331,dz186s15g00291
tc180s3g02050,dz186s3g00493,dz186s14g00332,dz186s15g00292
tc180s3g02051,dz186s3g00494,.,.
tc180s3g02052,dz186s3g00495,.,.
tc180s3g02053,.,dz186s14g00333,.
tc180s3g02054,.,.,.
tc180s3g02055,dz186s3g00497,dz186s14g00334,dz186s15g00293
tc180s3g02056,dz186s3g00498,.,dz186s15g00294
tc180s3g02057,dz186s3g00499,dz186s14g00335,.
tc180s3g02058,.,dz186s14g00336,.
tc180s3g02059,dz186s3g00500,.,.
tc180s3g02060,dz186s3g00502,dz186s14g00337,dz186s15g00295
tc180s3g02061,dz186s3g00503,dz186s14g00338,dz186s15g00297
tc180s3g02062,dz186s3g00504,dz186s14g00339,.
tc180s3g02063,dz186s3g00505,dz186s14g00340,dz186s15g00298
tc180s3g02064,dz186s3g00506,.,dz186s15g00299
tc180s3g02065,dz186s3g00507,dz186s14g00341,.
tc180s3g02066,dz186s3g00508,dz186s14g00342,dz186s15g00300
tc180s3g02067,dz186s3g00509,.,dz186s15g00301
tc180s3g02068,dz186s3g00510,.,dz186s15g00302
tc180s3g02069,dz186s3g00511,.,dz186s15g00303
tc180s3g02070,.,dz186s14g00343,.
tc180s3g02071,dz186s3g00512,.,.
tc180s3g02072,dz186s3g00513,.,.
tc180s3g02073,dz186s3g00514,dz186s14g00344,.
tc180s3g02074,dz186s3g00515,dz186s14g00345,dz186s15g00304
tc180s3g02075,dz186s3g00516,dz186s14g00346,dz186s15g00305
tc180s3g02076,dz186s3g00517,dz186s14g00347,dz186s15g00306
tc180s3g02077,dz186s3g00518,dz186s14g00348,.
tc180s3g02078,dz186s3g00519,dz186s14g00349,.
tc180s3g02079,dz186s3g00520,dz186s14g00350,dz186s15g00307
tc180s3g02080,dz186s3g00521,dz186s14g00351,dz186s15g00308
tc180s3g02081,dz186s3g00525,dz186s14g00355,.
tc180s3g02082,dz186s3g00526,.,.
tc180s3g02083,dz186s3g00527,dz186s14g00356,dz186s15g00309
tc180s3g02084,dz186s3g00528,dz186s14g00357,dz186s15g00310
tc180s3g02085,.,dz186s14g00358,.
tc180s3g02086,dz186s3g00529,dz186s14g00359,.
tc180s3g02087,dz186s3g00530,.,.
tc180s3g02088,dz186s3g00531,dz186s14g00360,dz186s15g00311
tc180s3g02089,dz186s3g00532,.,dz186s15g00312
tc180s3g02090,dz186s3g00533,dz186s14g00361,dz186s15g00314
tc180s3g02091,dz186s3g00534,dz186s14g00362,.
tc180s3g02092,dz186s3g00535,.,.
tc180s3g02093,dz186s3g00536,.,.
tc180s3g02094,.,dz186s14g00363,.
tc180s3g02095,.,.,.
tc180s3g02096,dz186s3g00537,.,dz186s15g00315
tc180s3g02097,dz186s3g00538,.,.
tc180s3g02098,dz186s3g00539,.,dz186s15g00316
tc180s3g02099,dz186s3g00540,dz186s14g00364,dz186s15g00317
tc180s3g02100,dz186s3g00541,.,dz186s15g00318
tc180s3g02101,.,dz186s14g00365,.
tc180s3g02102,dz186s3g00542,dz186s14g00366,.
tc180s3g02103,dz186s3g00543,.,.
tc180s3g02104,dz186s3g00544,.,dz186s15g00319
tc180s3g02105,dz186s3g00545,.,.
tc180s3g02106,.,.,.
tc180s3g02107,dz186s3g00547,dz186s14g00368,dz186s15g00320
tc180s3g02108,dz186s3g00548,dz186s14g00369,.
tc180s3g02109,dz186s3g00549,dz186s14g00370,dz186s15g00321
tc180s3g02110,.,.,.
tc180s3g02111,dz186s3g00550,.,dz186s15g00322
tc180s3g02112,dz186s3g00551,dz186s14g00371,dz186s15g00324
tc180s3g02113,dz186s3g00552,.,dz186s15g00325
tc180s3g02114,dz186s3g00553,.,.
tc180s3g02115,dz186s3g00554,dz186s14g00372,dz186s15g00326
tc180s3g02116,dz186s3g00556,dz186s14g00373,.
tc180s3g02117,dz186s3g00557,.,dz186s15g00327
tc180s3g02118,dz186s3g00558,dz186s14g00374,dz186s15g00328
tc180s3g02119,dz186s3g00560,dz186s14g00376,dz186s15g00330
tc180s3g02120,dz186s3g00561,.,.
tc180s3g02121,.,.,dz186s15g00331
tc180s3g02122,dz186s3g00562,dz186s14g00377,.
tc180s3g02123,dz186s3g00563,.,.
tc180s3g02124,.,dz186s14g00378,.
tc180s3g02125,.,dz186s14g00379,dz186s15g00332
tc180s3g02126,.,dz186s14g00380,dz186s15g00333
tc180s3g02127,dz186s3g00564,.,.
tc180s3g02128,dz186s3g00566,dz186s14g00382,.
tc180s3g02129,dz186s3g00567,dz186s14g00383,dz186s15g00335
tc180s3g02130,.,.,.
tc180s3g02131,.,dz186s14g00384,.
tc180s3g02132,dz186s3g00569,.,.
tc180s3g02133,.,dz186s14g00386,.
tc180s3g02134,.,dz186s14g00387,.
tc180s3g02135,.,dz186s14g00388,dz186s15g00336
tc180s3g02136,.,dz186s14g00389,.
tc180s3g02137,dz186s3g00570,dz186s14g00390,dz186s15g00337
tc180s3g02138,dz186s3g00571,dz186s14g00392,dz186s15g00338
tc180s3g02139,dz186s3g00572,.,dz186s15g00339
tc180s3g02140,dz186s3g00573,dz186s14g00394,dz186s15g00340
tc180s3g02141,dz186s3g00574,dz186s14g00395,.
tc180s3g02142,dz186s3g00575,dz186s14g00396,.
tc180s3g02143,.,.,.
tc180s3g02144,dz186s3g00576,dz186s14g00397,.
tc180s3g02145,dz186s3g00577,dz186s14g00398,dz186s15g00341
tc180s3g02146,dz186s3g00578,dz186s14g00399,.
tc180s3g02147,dz186s3g00579,dz186s14g00400,dz186s15g00342
tc180s3g02148,dz186s3g00580,.,dz186s15g00345
tc180s3g02149,.,.,dz186s15g00349
tc180s3g02150,dz186s3g00581,dz186s14g00401,dz186s15g00350
tc180s3g02151,.,.,dz186s15g00351
tc180s3g02152,dz186s3g00582,dz186s14g00402,dz186s15g00352
tc180s3g02153,.,dz186s14g00404,.
tc180s3g02154,.,.,.
tc180s3g02155,dz186s3g00585,dz186s14g00405,dz186s15g00353
tc180s3g02156,dz186s3g00586,dz186s14g00406,dz186s15g00355
tc180s3g02157,dz186s3g00587,.,.
tc180s3g02158,dz186s3g00588,dz186s14g00407,dz186s15g00356
tc180s3g02159,dz186s3g00589,dz186s14g00408,dz186s15g00357
tc180s3g02160,.,dz186s14g00409,.
tc180s3g02161,.,.,.
tc180s3g02162,dz186s3g00592,dz186s14g00410,dz186s15g00358
tc180s3g02163,dz186s3g00593,dz186s14g00411,.
tc180s3g02164,dz186s3g00594,.,.
tc180s3g02165,.,.,.
tc180s3g02166,.,dz186s14g00412,dz186s15g00359
tc180s3g02167,dz186s3g00595,.,dz186s15g00360
tc180s3g02168,.,.,dz186s15g00361
tc180s3g02169,.,dz186s14g00413,.
tc180s3g02170,dz186s3g00596,dz186s14g00414,dz186s15g00362
tc180s3g02171,dz186s3g00597,.,.
tc180s3g02172,.,dz186s14g00415,.
tc180s3g02173,dz186s3g00598,.,dz186s15g00363
tc180s3g02174,dz186s3g00599,.,.
tc180s3g02175,.,dz186s14g00416,.
tc180s3g02176,dz186s3g00601,dz186s14g00417,dz186s15g00364
tc180s3g02177,dz186s3g00602,.,dz186s15g00365
tc180s3g02178,dz186s3g00603,dz186s14g00418,dz186s15g00366
tc180s3g02179,.,dz186s14g00419,.
tc180s3g02180,.,dz186s14g00420,.
tc180s3g02181,.,dz186s14g00421,.
tc180s3g02182,.,dz186s14g00422,.
tc180s3g02183,.,dz186s14g00427,.
tc180s3g02184,dz186s3g00604,dz186s14g00428,.
tc180s3g02185,dz186s3g00605,.,dz186s15g00367
tc180s3g02186,dz186s3g00606,.,dz186s15g00368
tc180s3g02187,dz186s3g00607,dz186s14g00429,dz186s15g00369
tc180s3g02188,.,.,.
tc180s3g02189,dz186s3g00608,dz186s14g00430,dz186s15g00370
tc180s3g02190,.,dz186s14g00431,.
tc180s3g02191,dz186s3g00609,.,.
tc180s3g02192,dz186s3g00610,.,.
tc180s3g02193,.,.,.
tc180s3g02194,.,.,.
tc180s3g02195,.,.,.
tc180s3g02196,.,.,.
tc180s3g02197,.,.,.
tc180s3g02198,.,.,.
tc180s3g02199,.,.,.
tc180s3g02200,dz186s3g00611,.,.
tc180s3g02201,dz186s3g00612,dz186s14g00433,dz186s15g00375
tc180s3g02202,dz186s3g00124,,
tc180s3g02203,dz186s3g00123,,
tc180s3g02204,dz186s3g00122,dz186s14g00072,dz186s15g00049
tc180s3g02205,dz186s3g00121,dz186s14g00071,dz186s15g00048
tc180s3g02206,dz186s3g00120,.,dz186s15g00047
tc180s3g02207,.,.,.
tc180s3g02208,dz186s3g00119,dz186s14g00070,.
tc180s3g02209,dz186s3g00118,dz186s14g00069,.
tc180s3g02210,.,dz186s14g00068,.
tc180s3g02211,.,.,dz186s15g00046
tc180s3g02212,.,dz186s14g00067,.
tc180s3g02213,dz186s3g00117,.,.
tc180s3g02214,dz186s3g00116,dz186s14g00066,.
tc180s3g02215,dz186s3g00115,.,.
tc180s3g02216,dz186s3g00114,.,.
tc180s3g02217,.,.,dz186s15g00045
tc180s3g02218,dz186s3g00113,dz186s14g00065,dz186s15g00044
tc180s3g02219,dz186s3g00112,.,dz186s15g00043
tc180s3g02220,.,dz186s14g00064,.
tc180s3g02221,.,.,.
tc180s3g02222,.,.,.
tc180s3g02223,.,.,.
tc180s3g02224,dz186s3g00111,.,dz186s15g00042
tc180s3g02225,dz186s3g00110,dz186s14g00063,.
tc180s3g02226,dz186s3g00109,dz186s14g00062,.
tc180s3g02227,dz186s3g00108,dz186s14g00061,.
tc180s3g02228,dz186s3g00107,.,.
tc180s3g02229,dz186s3g00106,dz186s14g00060,dz186s15g00041
tc180s3g02230,dz186s3g00105,dz186s14g00059,dz186s15g00040
tc180s3g02231,dz186s3g00104,dz186s14g00058,dz186s15g00039
tc180s3g02232,.,dz186s14g00057,.
tc180s3g02233,dz186s3g00103,dz186s14g00056,dz186s15g00038
tc180s3g02234,dz186s3g00102,.,.
tc180s3g02235,dz186s3g00101,.,.
tc180s3g02236,dz186s3g00100,.,.
tc180s3g02237,dz186s3g00099,.,dz186s15g00037
tc180s3g02238,dz186s3g00098,dz186s14g00055,.
tc180s3g02239,dz186s3g00097,.,dz186s15g00036
tc180s3g02240,dz186s3g00096,dz186s14g00054,dz186s15g00035
tc180s3g02241,dz186s3g00095,.,dz186s15g00034
tc180s3g02242,dz186s3g00094,.,.
tc180s3g02243,dz186s3g00093,.,.
tc180s3g02244,dz186s3g00092,dz186s14g00053,dz186s15g00033
tc180s3g02245,dz186s3g00091,dz186s14g00052,.
tc180s3g02246,dz186s3g00090,.,.
tc180s3g02247,dz186s3g00089,dz186s14g00051,.
tc180s3g02248,dz186s3g00088,dz186s14g00049,.
tc180s3g02249,dz186s3g00087,.,dz186s15g00032
tc180s3g02250,dz186s3g00086,.,dz186s15g00031
tc180s3g02251,dz186s3g00085,.,.
tc180s3g02252,dz186s3g00084,dz186s14g00048,dz186s15g00030
tc180s3g02253,dz186s3g00083,dz186s14g00047,dz186s15g00029
tc180s3g02254,dz186s3g00082,dz186s14g00046,.
tc180s3g02255,dz186s3g00081,.,.
tc180s3g02256,dz186s3g00080,.,dz186s15g00028
tc180s3g02257,dz186s3g00079,.,dz186s15g00027
tc180s3g02258,dz186s3g00078,.,.
tc180s3g02259,dz186s3g00077,.,.
tc180s3g02260,dz186s3g00076,dz186s14g00045,.
tc180s3g02261,.,.,.
tc180s3g02262,dz186s3g00075,dz186s14g00044,.
tc180s3g02263,.,dz186s14g00043,.
tc180s3g02264,dz186s3g00073,.,.
tc180s3g02265,.,dz186s14g00042,.
tc180s3g02266,.,.,.
tc180s3g02267,dz186s3g00072,dz186s14g00041,dz186s15g00024
tc180s3g02268,dz186s3g00071,dz186s14g00039,dz186s15g00023
tc180s3g02269,dz186s3g00070,dz186s14g00038,.
tc180s3g02270,dz186s3g00069,.,.
tc180s3g02271,.,dz186s14g00037,.
tc180s3g02272,dz186s3g00068,.,dz186s15g00022
tc180s3g02273,.,dz186s14g00036,.
tc180s3g02274,dz186s3g00067,dz186s14g00035,.
tc180s3g02275,dz186s3g00066,.,.
tc180s3g02276,.,dz186s14g00034,.
tc180s3g02277,.,dz186s14g00033,dz186s15g00021
tc180s3g02278,dz186s3g00065,.,dz186s15g00020
tc180s3g02279,.,dz186s14g00032,.
tc180s3g02280,.,.,dz186s15g00019
tc180s3g02281,dz186s3g00064,.,.
tc180s3g02282,dz186s3g00063,.,dz186s15g00018
tc180s3g02283,dz186s3g00062,.,.
tc180s3g02284,dz186s3g00061,dz186s14g00031,.
tc180s3g02285,dz186s3g00060,dz186s14g00030,dz186s15g00017
tc180s3g02286,.,.,.
tc180s3g02287,.,.,.
tc180s3g02288,.,.,.
tc180s3g02289,dz186s3g00059,.,.
tc180s3g02290,.,.,dz186s15g00016
tc180s3g02291,.,dz186s14g00027,.
tc180s3g02292,.,.,dz186s15g00015
tc180s3g02293,dz186s3g00058,dz186s14g00026,.
tc180s3g02294,dz186s3g00057,dz186s14g00025,dz186s15g00014
tc180s3g02295,.,.,.
tc180s3g02296,dz186s3g00056,.,.
tc180s3g02297,dz186s3g00055,dz186s14g00024,dz186s15g00013
tc180s3g02298,dz186s3g00054,.,.
tc180s3g02299,dz186s3g00053,dz186s14g00023,.
tc180s3g02300,dz186s3g00051,.,dz186s15g00012
tc180s3g02301,dz186s3g00050,dz186s14g00022,.
tc180s3g02302,.,dz186s14g00021,.
tc180s3g02303,dz186s3g00049,dz186s14g00020,.
tc180s3g02304,.,dz186s14g00019,.
tc180s3g02305,.,.,dz186s15g00011
tc180s3g02306,dz186s3g00048,.,.
tc180s3g02307,.,.,.
tc180s3g02308,dz186s3g00047,dz186s14g00018,.
tc180s3g02309,dz186s3g00046,dz186s14g00017,dz186s15g00010
tc180s3g02310,dz186s3g00045,.,.
tc180s3g02311,dz186s3g00044,dz186s14g00016,.
tc180s3g02312,.,.,.
tc180s3g02313,dz186s3g00043,.,.
tc180s3g02314,.,.,.
tc180s3g02315,dz186s3g00042,.,.
tc180s3g02316,dz186s3g00041,.,dz186s15g00009
tc180s3g02317,.,.,.
tc180s3g02318,dz186s3g00039,.,.
tc180s3g02319,.,.,.
tc180s3g02320,dz186s3g00038,.,.
tc180s3g02321,.,.,.
tc180s3g02322,dz186s3g00037,dz186s14g00015,.
tc180s3g02323,.,dz186s14g00014,.
tc180s3g02324,dz186s3g00036,dz186s14g00013,.
tc180s3g02325,dz186s3g00035,dz186s14g00012,.
tc180s3g02326,dz186s3g00034,dz186s14g00011,.
tc180s3g02327,dz186s3g00033,.,.
tc180s3g02328,.,.,.
tc180s3g02329,dz186s3g00031,.,.
tc180s3g02330,dz186s3g00030,.,.
tc180s3g02331,dz186s3g00029,dz186s14g00010,.
tc180s3g02332,dz186s3g00028,.,dz186s15g00008
tc180s3g02333,dz186s3g00026,.,.
tc180s3g02334,.,dz186s14g00009,.
tc180s3g02335,.,.,.
tc180s3g02336,dz186s3g00024,.,.
tc180s3g02337,dz186s3g00023,dz186s14g00008,.
tc180s3g02338,dz186s3g00022,.,.
tc180s3g02339,dz186s3g00021,.,.
tc180s3g02340,dz186s3g00020,.,.
tc180s3g02341,.,dz186s14g00007,.
tc180s3g02342,dz186s3g00019,.,.
tc180s3g02343,dz186s3g00018,.,.
tc180s3g02344,dz186s3g00017,.,.
tc180s3g02345,dz186s3g00016,dz186s14g00006,.
tc180s3g02346,dz186s3g00015,.,.
tc180s3g02347,dz186s3g00014,.,.
tc180s3g02348,dz186s3g00013,.,.
tc180s3g02349,.,.,dz186s15g00007
tc180s3g02350,dz186s3g00012,.,.
tc180s3g02351,dz186s3g00011,.,.
tc180s3g02352,.,.,dz186s15g00006
tc180s3g02353,dz186s3g00010,dz186s14g00005,dz186s15g00005
tc180s3g02354,.,,
tc180s3g02355,dz186s3g00009,,
tc180s3g02356,dz186s3g00008,,
tc180s3g02357,.,,
tc180s3g02358,dz186s3g00007,,
tc180s3g02359,.,,
tc180s3g02360,dz186s3g00005,,
tc180s3g02361,dz186s3g00004,,
tc180s3g02362,dz186s3g00003,,
tc180s3g02363,.,,
tc180s3g02364,dz186s3g00002,,
tc180s3g02365,dz186s3g00001,,
tc180s3g02366,,,
tc180s3g02367,,,
