id,chr1,chr2,start1,end1,start2,end2,pvalue,length,ks_median,ks_average,homo1,homo2,homo3,homo4,homo5,block1,block2,ks,tandem_ratio,density1,density2,class1,class2
1,1,1,1079.0,1156.0,1023.0,1035.0,0.013,8,-1,-1,0.875,0.875,1.0,1.0,1.0,1079_1096_1102_1103_1107_1138_1150_1156,1023_1025_1026_1028_1030_1031_1032_1035,_-1_-1_-1_-1_-1_-1_-1_-1,0.0,0.10256410256410256,0.6153846153846154,0,0
2,1,1,1974.0,1982.0,1054.0,1059.0,0.0019,5,-1,-1,1.0,1.0,1.0,1.0,1.0,1974_1975_1978_1979_1982,1054_1055_1056_1057_1059,_-1_-1_-1_-1_-1,0.0,0.5555555555555556,0.8333333333333334,0,0
3,1,1,933.0,1013.0,958.0,1007.0,0.1742,7,-1,-1,0.8571428571428571,0.8571428571428571,0.8571428571428571,1.0,1.0,933_942_973_980_999_1001_1013,958_961_969_974_976_1004_1007,_-1_-1_-1_-1_-1_-1_-1,0.0,0.08641975308641975,0.14,0,0
4,1,1,1436.0,1489.0,1037.0,1048.0,0.0527,5,-1,-1,1.0,1.0,1.0,1.0,1.0,1436_1464_1467_1475_1489,1037_1040_1041_1043_1048,_-1_-1_-1_-1_-1,0.0,0.09259259259259259,0.4166666666666667,0,0
5,1,1,821.0,874.0,992.0,1020.0,0.1552,5,-1,-1,1.0,1.0,1.0,1.0,1.0,821_846_851_872_874,992_1005_1016_1018_1020,_-1_-1_-1_-1_-1,0.0,0.09259259259259259,0.1724137931034483,0,0
6,1,1,1889.0,1983.0,1102.0,1053.0,0.0102,31,-1,-1,1.0,1.0,1.0,1.0,1.0,1889_1892_1896_1897_1905_1908_1909_1913_1914_1915_1916_1918_1920_1921_1923_1933_1936_1942_1944_1947_1949_1950_1951_1957_1959_1962_1964_1966_1967_1982_1983,1102_1101_1099_1098_1097_1093_1092_1091_1090_1089_1087_1085_1084_1082_1081_1079_1078_1077_1076_1075_1074_1073_1072_1071_1070_1067_1065_1064_1063_1059_1053,_-1_-1_-1_-1_-1_-1_-1_-1_-1_-1_-1_-1_-1_-1_-1_-1_-1_-1_-1_-1_-1_-1_-1_-1_-1_-1_-1_-1_-1_-1_-1,0.0010080645161290322,0.3263157894736842,0.62,0,0
7,1,1,2225.0,2241.0,1110.0,1104.0,0.014,5,-1,-1,0.8,0.8,0.8,1.0,1.0,2225_2238_2239_2240_2241,1110_1108_1107_1105_1104,_-1_-1_-1_-1_-1,0.0,0.29411764705882354,0.7142857142857143,0,0
8,1,1,1386.0,1420.0,997.0,939.0,0.1403,6,-1,-1,1.0,1.0,1.0,1.0,1.0,1386_1387_1399_1417_1419_1420,997_990_981_954_951_939,_-1_-1_-1_-1_-1_-1,0.08333333333333333,0.17142857142857143,0.1016949152542373,0,0
9,1,2,1807.0,1914.0,563.0,600.0,0.072,12,-1,-1,0.75,0.9166666666666666,0.9166666666666666,0.9166666666666666,1.0,1807_1830_1834_1858_1859_1865_1875_1876_1877_1882_1884_1914,563_568_570_571_572_573_575_586_588_589_592_600,_-1_-1_-1_-1_-1_-1_-1_-1_-1_-1_-1_-1,0.0,0.1111111111111111,0.3157894736842105,0,0
10,1,2,2083.0,2111.0,1226.0,1253.0,0.0126,9,-1,-1,1.0,1.0,1.0,1.0,1.0,2083_2087_2088_2091_2095_2105_2107_2110_2111,1226_1233_1236_1238_1239_1243_1249_1251_1253,_-1_-1_-1_-1_-1_-1_-1_-1_-1,0.0,0.3103448275862069,0.32142857142857145,0,0
11,1,2,1994.0,2015.0,746.0,782.0,0.056,6,-1,-1,0.8333333333333334,0.8333333333333334,0.8333333333333334,0.8333333333333334,1.0,1994_1998_1999_2000_2009_2015,746_748_749_750_776_782,_-1_-1_-1_-1_-1_-1,0.0,0.2727272727272727,0.16216216216216217,0,0
12,1,2,1603.0,1810.0,713.0,562.0,0.0924,30,-1,-1,0.8666666666666667,0.9333333333333333,0.9666666666666667,1.0,1.0,1603_1604_1608_1627_1641_1644_1647_1670_1672_1675_1680_1693_1699_1705_1729_1731_1735_1736_1752_1755_1760_1766_1788_1795_1796_1803_1804_1806_1807_1810,713_710_708_682_679_676_675_673_672_668_667_666_665_655_649_647_645_644_621_620_619_615_610_601_600_599_598_596_563_562,_-1_-1_-1_-1_-1_-1_-1_-1_-1_-1_-1_-1_-1_-1_-1_-1_-1_-1_-1_-1_-1_-1_-1_-1_-1_-1_-1_-1_-1_-1,0.0,0.14423076923076922,0.19736842105263158,0,0
13,1,2,2028.0,2066.0,515.0,495.0,0.0244,9,-1,-1,1.0,1.0,1.0,1.0,1.0,2028_2033_2035_2038_2041_2042_2048_2061_2066,515_507_505_504_503_502_500_497_495,_-1_-1_-1_-1_-1_-1_-1_-1_-1,0.0,0.23076923076923078,0.42857142857142855,0,0
14,1,2,1506.0,1555.0,745.0,684.0,0.1755,8,-1,-1,0.875,0.875,0.875,1.0,1.0,1506_1511_1513_1514_1531_1536_1552_1555,745_729_728_722_720_717_685_684,_-1_-1_-1_-1_-1_-1_-1_-1,0.16071428571428573,0.16,0.12903225806451613,0,0
15,1,3,2139.0,2207.0,348.0,368.0,0.0197,13,-1,-1,0.9230769230769231,1.0,1.0,1.0,1.0,2139_2154_2157_2164_2165_2166_2168_2172_2184_2194_2202_2203_2207,348_350_353_354_355_356_357_359_360_362_366_367_368,_-1_-1_-1_-1_-1_-1_-1_-1_-1_-1_-1_-1_-1,0.0,0.18840579710144928,0.6190476190476191,0,0
16,1,3,22.0,78.0,520.0,539.0,0.1711,5,-1,-1,0.2,0.8,0.8,1.0,1.0,22_53_60_77_78,520_524_527_538_539,_-1_-1_-1_-1_-1,0.0,0.08771929824561403,0.25,0,0
17,1,4,2386.0,2538.0,6.0,96.0,0.0208,26,-1,-1,0.9230769230769231,0.9230769230769231,0.9615384615384616,0.9615384615384616,0.9615384615384616,2386_2415_2425_2432_2433_2448_2456_2459_2462_2467_2483_2485_2486_2488_2493_2494_2501_2507_2509_2519_2521_2522_2527_2530_2537_2538,6_12_15_16_19_33_37_43_46_51_58_62_63_67_68_69_70_72_73_74_79_81_88_90_94_96,_-1_-1_-1_-1_-1_-1_-1_-1_-1_-1_-1_-1_-1_-1_-1_-1_-1_-1_-1_-1_-1_-1_-1_-1_-1_-1,0.0,0.16993464052287582,0.2857142857142857,0,0
18,1,4,2284.0,2326.0,453.0,413.0,0.2549,6,-1,-1,0.3333333333333333,0.5,0.5,0.6666666666666666,1.0,2284_2304_2323_2324_2325_2326,453_437_418_415_414_413,_-1_-1_-1_-1_-1_-1,0.4444444444444444,0.13953488372093023,0.14634146341463414,0,0
19,1,6,82.0,203.0,1199.0,1262.0,0.0606,17,-1,-1,0.9411764705882353,1.0,1.0,1.0,1.0,82_88_89_121_123_125_128_131_138_172_173_176_180_188_193_199_203,1199_1201_1202_1209_1211_1212_1234_1235_1236_1245_1248_1251_1252_1253_1255_1256_1262,_-1_-1_-1_-1_-1_-1_-1_-1_-1_-1_-1_-1_-1_-1_-1_-1_-1,0.0032679738562091504,0.13934426229508196,0.265625,0,0
20,1,6,205.0,220.0,1325.0,1383.0,0.0227,9,-1,-1,0.5555555555555556,0.7777777777777778,0.8888888888888888,0.8888888888888888,0.8888888888888888,205_209_211_214_215_216_217_218_220,1325_1345_1350_1375_1376_1377_1381_1382_1383,_-1_-1_-1_-1_-1_-1_-1_-1_-1,0.0,0.5625,0.15254237288135594,0,0
21,1,6,1648.0,1773.0,194.0,242.0,0.2387,8,-1,-1,0.75,1.0,1.0,1.0,1.0,1648_1665_1699_1728_1730_1739_1751_1773,194_199_202_217_230_231_233_242,_-1_-1_-1_-1_-1_-1_-1_-1,0.05,0.06349206349206349,0.16326530612244897,0,0
22,1,6,1260.0,1268.0,1587.0,1595.0,0.0624,5,-1,-1,0.2,0.4,0.6,1.0,1.0,1260_1263_1265_1267_1268,1587_1588_1590_1593_1595,_-1_-1_-1_-1_-1,0.8,0.5555555555555556,0.5555555555555556,0,0
23,1,6,1186.0,1246.0,1593.0,1608.0,0.0701,5,-1,-1,1.0,1.0,1.0,1.0,1.0,1186_1224_1230_1241_1246,1593_1604_1606_1607_1608,_-1_-1_-1_-1_-1,0.0,0.08196721311475409,0.3125,0,0
24,1,6,147.0,159.0,1286.0,1356.0,0.0918,5,-1,-1,1.0,1.0,1.0,1.0,1.0,147_148_153_155_159,1286_1297_1335_1338_1356,_-1_-1_-1_-1_-1,0.0,0.38461538461538464,0.07042253521126761,0,0
25,1,6,1260.0,1268.0,1586.0,1590.0,0.0671,5,-1,-1,-0.4,-0.4,0.0,0.6,0.6,1260_1263_1265_1267_1268,1586_1587_1588_1589_1590,_-1_-1_-1_-1_-1,0.8,0.5555555555555556,1.0,0,0
26,1,6,224.0,328.0,1575.0,1501.0,0.022,23,-1,-1,0.9565217391304348,1.0,1.0,1.0,1.0,224_230_237_247_249_253_255_258_272_273_274_275_276_282_288_289_295_296_303_311_312_327_328,1575_1564_1556_1552_1549_1540_1538_1537_1529_1528_1527_1526_1525_1523_1518_1517_1512_1511_1509_1508_1507_1505_1501,_-1_-1_-1_-1_-1_-1_-1_-1_-1_-1_-1_-1_-1_-1_-1_-1_-1_-1_-1_-1_-1_-1_-1,0.0,0.21904761904761905,0.30666666666666664,0,0
27,1,6,1246.0,1296.0,1608.0,1578.0,0.306,10,-1,-1,0.6,0.6,0.7,0.9,0.9,1246_1260_1263_1265_1267_1268_1272_1283_1290_1296,1608_1593_1591_1588_1587_1586_1585_1581_1579_1578,_-1_-1_-1_-1_-1_-1_-1_-1_-1_-1,0.3333333333333333,0.19607843137254902,0.3225806451612903,0,0
28,1,6,585.0,651.0,1489.0,1476.0,0.0125,8,-1,-1,0.875,0.875,1.0,1.0,1.0,585_596_618_623_629_633_639_651,1489_1488_1487_1486_1485_1482_1481_1476,_-1_-1_-1_-1_-1_-1_-1_-1,0.0,0.11940298507462686,0.5714285714285714,0,0
29,1,6,692.0,807.0,1444.0,1408.0,0.087,9,-1,-1,0.8888888888888888,1.0,1.0,1.0,1.0,692_704_705_723_728_764_778_785_807,1444_1441_1439_1435_1418_1416_1414_1413_1408,_-1_-1_-1_-1_-1_-1_-1_-1_-1,0.0,0.07758620689655173,0.24324324324324326,0,0
30,1,6,23.0,77.0,1936.0,1923.0,0.0218,6,-1,-1,1.0,1.0,1.0,1.0,1.0,23_32_36_71_76_77,1936_1931_1930_1926_1925_1923,_-1_-1_-1_-1_-1_-1,0.0,0.10909090909090909,0.42857142857142855,0,0
31,1,6,510.0,558.0,1667.0,1630.0,0.1552,5,-1,-1,1.0,1.0,1.0,1.0,1.0,510_514_520_546_558,1667_1658_1636_1633_1630,_-1_-1_-1_-1_-1,0.0,0.10204081632653061,0.13157894736842105,0,0
32,1,6,448.0,481.0,1354.0,1324.0,0.0572,5,-1,-1,0.4,0.8,1.0,1.0,1.0,448_464_473_475_481,1354_1344_1340_1329_1324,_-1_-1_-1_-1_-1,0.0,0.14705882352941177,0.16129032258064516,0,0
33,1,7,2541.0,2687.0,1059.0,983.0,0.0214,34,-1,-1,0.9117647058823529,0.9705882352941176,1.0,1.0,1.0,2541_2542_2545_2550_2559_2563_2581_2585_2586_2587_2588_2589_2592_2594_2595_2598_2604_2605_2606_2610_2617_2625_2627_2631_2634_2636_2642_2646_2648_2659_2661_2675_2684_2687,1059_1058_1055_1054_1052_1051_1049_1044_1043_1042_1041_1040_1039_1038_1037_1033_1029_1028_1027_1026_1025_1020_1018_1017_1016_1015_1012_1011_1009_1001_999_993_989_983,_-1_-1_-1_-1_-1_-1_-1_-1_-1_-1_-1_-1_-1_-1_-1_-1_-1_-1_-1_-1_-1_-1_-1_-1_-1_-1_-1_-1_-1_-1_-1_-1_-1_-1,0.007154213036565978,0.23129251700680273,0.44155844155844154,0,0
34,1,7,2290.0,2317.0,974.0,961.0,0.0316,8,-1,-1,0.75,1.0,1.0,1.0,1.0,2290_2298_2300_2302_2306_2308_2316_2317,974_972_967_966_965_964_962_961,_-1_-1_-1_-1_-1_-1_-1_-1,0.05,0.2857142857142857,0.5714285714285714,0,0
35,10,2,1383.0,1510.0,140.0,118.0,0.0246,14,-1,-1,0.9285714285714286,1.0,1.0,1.0,1.0,1383_1384_1395_1409_1411_1427_1432_1434_1436_1443_1482_1506_1509_1510,140_138_137_135_134_130_129_128_127_126_124_120_119_118,_-1_-1_-1_-1_-1_-1_-1_-1_-1_-1_-1_-1_-1_-1,0.0,0.109375,0.6086956521739131,0,0
36,10,2,962.0,1059.0,196.0,163.0,0.0617,11,-1,-1,1.0,1.0,1.0,1.0,1.0,962_991_1010_1014_1015_1016_1019_1021_1033_1046_1059,196_195_184_183_181_180_178_176_175_172_163,_-1_-1_-1_-1_-1_-1_-1_-1_-1_-1_-1,0.0,0.11224489795918367,0.3235294117647059,0,0
37,10,2,1868.0,1963.0,100.0,80.0,0.0329,11,-1,-1,0.8181818181818182,1.0,1.0,1.0,1.0,1868_1871_1878_1901_1908_1910_1928_1933_1946_1947_1963,100_95_94_92_91_90_88_85_83_82_80,_-1_-1_-1_-1_-1_-1_-1_-1_-1_-1_-1,0.027972027972027972,0.11458333333333333,0.5238095238095238,0,0
38,10,2,1173.0,1242.0,153.0,142.0,0.0418,7,-1,-1,1.0,1.0,1.0,1.0,1.0,1173_1184_1204_1218_1236_1238_1242,153_151_148_146_145_144_142,_-1_-1_-1_-1_-1_-1_-1,0.0,0.1,0.5833333333333334,0,0
39,10,2,1987.0,2027.0,52.0,44.0,0.0104,6,-1,-1,1.0,1.0,1.0,1.0,1.0,1987_1997_2004_2008_2009_2027,52_51_48_47_46_44,_-1_-1_-1_-1_-1_-1,0.0,0.14634146341463414,0.6666666666666666,0,0
40,10,2,2053.0,2141.0,44.0,35.0,0.0763,6,-1,-1,1.0,1.0,1.0,1.0,1.0,2053_2076_2078_2088_2127_2141,44_42_41_37_36_35,_-1_-1_-1_-1_-1_-1,0.0,0.06741573033707865,0.6,0,0
41,10,3,1703.0,1854.0,593.0,650.0,0.0819,18,-1,-1,1.0,1.0,1.0,1.0,1.0,1703_1738_1740_1751_1765_1773_1780_1784_1786_1795_1809_1823_1825_1836_1839_1847_1850_1854,593_594_602_615_619_622_624_629_630_631_632_635_638_645_647_648_649_650,_-1_-1_-1_-1_-1_-1_-1_-1_-1_-1_-1_-1_-1_-1_-1_-1_-1_-1,0.0,0.11842105263157894,0.3103448275862069,0,0
42,10,3,58.0,88.0,1018.0,1066.0,0.182,12,-1,-1,-0.16666666666666666,0.0,0.25,0.5833333333333334,0.75,58_60_63_64_66_67_68_70_71_72_78_88,1018_1020_1021_1022_1023_1024_1028_1029_1034_1035_1059_1066,_-1_-1_-1_-1_-1_-1_-1_-1_-1_-1_-1_-1,0.6481481481481481,0.3870967741935484,0.24489795918367346,0,0
43,10,3,60.0,119.0,964.0,1000.0,0.1132,9,-1,-1,0.7777777777777778,0.8888888888888888,0.8888888888888888,1.0,1.0,60_72_95_101_103_108_116_117_119,964_966_991_992_993_994_995_997_1000,_-1_-1_-1_-1_-1_-1_-1_-1_-1,0.01111111111111111,0.15,0.24324324324324326,0,0
44,10,3,1554.0,1583.0,382.0,390.0,0.0203,6,-1,-1,1.0,1.0,1.0,1.0,1.0,1554_1557_1562_1563_1574_1583,382_386_387_388_389_390,_-1_-1_-1_-1_-1_-1,0.0,0.2,0.6666666666666666,0,0
45,10,3,67.0,78.0,1020.0,1028.0,0.0711,6,-1,-1,0.16666666666666666,0.6666666666666666,0.6666666666666666,0.6666666666666666,0.8333333333333334,67_69_70_71_72_78,1020_1021_1022_1023_1024_1028,_-1_-1_-1_-1_-1_-1,0.7857142857142857,0.5,0.6666666666666666,0,0
46,10,3,63.0,71.0,1020.0,1024.0,0.0518,5,-1,-1,-0.2,0.0,0.2,0.6,0.6,63_65_66_70_71,1020_1021_1022_1023_1024,_-1_-1_-1_-1_-1,0.7222222222222222,0.5555555555555556,1.0,0,0
47,10,3,1319.0,1351.0,361.0,435.0,0.218,5,-1,-1,0.6,0.8,0.8,0.8,0.8,1319_1320_1341_1349_1351,361_373_374_403_435,_-1_-1_-1_-1_-1,0.0,0.15151515151515152,0.06666666666666667,0,0
48,10,3,27.0,274.0,1046.0,950.0,0.3232,32,-1,-1,0.75,0.8125,0.84375,0.90625,0.9375,27_54_55_58_60_64_65_67_69_70_71_78_80_88_90_119_137_140_177_192_197_202_228_233_243_247_256_257_258_261_268_274,1046_1041_1038_1032_1030_1029_1028_1024_1023_1022_1021_1020_1017_1005_1003_1000_988_987_982_980_978_977_963_961_960_958_956_955_954_953_952_950,_-1_-1_-1_-1_-1_-1_-1_-1_-1_-1_-1_-1_-1_-1_-1_-1_-1_-1_-1_-1_-1_-1_-1_-1_-1_-1_-1_-1_-1_-1_-1_-1,0.16125,0.12903225806451613,0.32989690721649484,0,0
49,10,3,314.0,495.0,700.0,681.0,0.0068,17,-1,-1,1.0,1.0,1.0,1.0,1.0,314_328_342_352_361_365_366_382_409_434_436_463_464_470_490_491_495,700_699_698_697_696_695_694_692_691_689_688_687_686_685_683_682_681,_-1_-1_-1_-1_-1_-1_-1_-1_-1_-1_-1_-1_-1_-1_-1_-1_-1,0.0,0.09340659340659341,0.85,0,0
50,10,3,1628.0,1680.0,381.0,369.0,0.0059,10,-1,-1,1.0,1.0,1.0,1.0,1.0,1628_1629_1647_1655_1663_1667_1671_1672_1674_1680,381_380_377_376_375_374_372_371_370_369,_-1_-1_-1_-1_-1_-1_-1_-1_-1_-1,0.0,0.18867924528301888,0.7692307692307693,0,0
51,10,3,1727.0,1755.0,609.0,599.0,0.0858,6,-1,-1,1.0,1.0,1.0,1.0,1.0,1727_1729_1732_1733_1742_1755,609_606_605_603_602_599,_-1_-1_-1_-1_-1_-1,0.0,0.20689655172413793,0.5454545454545454,0,0
52,10,3,1239.0,1349.0,430.0,403.0,0.1722,8,-1,-1,0.875,1.0,1.0,1.0,1.0,1239_1272_1277_1304_1306_1311_1323_1349,430_420_415_413_412_410_409_403,_-1_-1_-1_-1_-1_-1_-1_-1,0.0,0.07207207207207207,0.2857142857142857,0,0
53,10,3,1526.0,1589.0,396.0,378.0,0.2445,6,-1,-1,1.0,1.0,1.0,1.0,1.0,1526_1528_1563_1565_1568_1589,396_395_388_385_384_378,_-1_-1_-1_-1_-1_-1,0.0,0.09375,0.3157894736842105,0,0
54,11,1,430.0,479.0,1117.0,1127.0,0.1042,5,-1,-1,0.4,0.8,1.0,1.0,1.0,430_444_448_463_479,1117_1119_1121_1123_1127,_-1_-1_-1_-1_-1,0.0,0.1,0.45454545454545453,0,0
55,11,1,294.0,331.0,1225.0,1218.0,0.1234,5,-1,-1,0.0,0.0,0.2,0.4,1.0,294_295_319_329_331,1225_1224_1220_1219_1218,_-1_-1_-1_-1_-1,0.5833333333333334,0.13157894736842105,0.625,0,0
56,11,2,1554.0,1590.0,771.0,728.0,0.3687,5,-1,-1,0.0,0.2,0.4,0.6,0.8,1554_1555_1588_1589_1590,771_738_734_729_728,_-1_-1_-1_-1_-1,0.49230769230769234,0.13513513513513514,0.11363636363636363,0,0
57,11,5,297.0,421.0,927.0,988.0,0.082,16,-1,-1,1.0,1.0,1.0,1.0,1.0,297_302_303_306_318_325_348_354_355_356_376_380_386_387_412_421,927_928_929_932_934_941_944_947_959_961_964_968_969_970_983_988,_-1_-1_-1_-1_-1_-1_-1_-1_-1_-1_-1_-1_-1_-1_-1_-1,0.0,0.128,0.25806451612903225,0,0
58,11,5,1503.0,1519.0,915.0,923.0,0.0102,6,-1,-1,0.8333333333333334,1.0,1.0,1.0,1.0,1503_1509_1512_1513_1515_1519,915_917_919_921_922_923,_-1_-1_-1_-1_-1_-1,0.0,0.35294117647058826,0.6666666666666666,0,0
59,11,5,1465.0,1472.0,468.0,474.0,0.0194,6,-1,-1,0.16666666666666666,0.3333333333333333,0.5,0.6666666666666666,0.8333333333333334,1465_1466_1467_1468_1470_1472,468_469_470_472_473_474,_-1_-1_-1_-1_-1_-1,0.5392156862745099,0.75,0.8571428571428571,0,0
60,11,5,1469.0,1483.0,468.0,473.0,0.0333,6,-1,-1,0.16666666666666666,0.16666666666666666,0.5,0.5,0.8333333333333334,1469_1470_1471_1478_1479_1483,468_469_470_471_472_473,_-1_-1_-1_-1_-1_-1,0.7391304347826086,0.4,1.0,0,0
61,11,5,1550.0,1610.0,1078.0,1125.0,0.1908,7,-1,-1,0.7142857142857143,1.0,1.0,1.0,1.0,1550_1558_1584_1589_1590_1596_1610,1078_1082_1086_1087_1088_1117_1125,_-1_-1_-1_-1_-1_-1_-1,0.06349206349206349,0.11475409836065574,0.14583333333333334,0,0
62,11,5,1729.0,1798.0,1033.0,1009.0,0.0248,11,-1,-1,1.0,1.0,1.0,1.0,1.0,1729_1743_1744_1745_1748_1757_1768_1783_1784_1789_1798,1033_1031_1030_1029_1028_1026_1023_1021_1020_1018_1009,_-1_-1_-1_-1_-1_-1_-1_-1_-1_-1_-1,0.007575757575757576,0.15714285714285714,0.44,0,0
63,11,5,1472.0,1494.0,474.0,465.0,0.0721,7,-1,-1,0.5714285714285714,0.7142857142857143,1.0,1.0,1.0,1472_1478_1479_1483_1486_1493_1494,474_473_472_469_468_467_465,_-1_-1_-1_-1_-1_-1_-1,0.3492063492063492,0.30434782608695654,0.7,0,0
64,11,5,1579.0,1591.0,1118.0,1083.0,0.2699,5,-1,-1,0.6,0.8,1.0,1.0,1.0,1579_1585_1589_1590_1591,1118_1092_1088_1087_1083,_-1_-1_-1_-1_-1,0.1142857142857143,0.38461538461538464,0.1388888888888889,0,0
65,11,5,1945.0,1998.0,1304.0,1294.0,0.0344,5,-1,-1,0.8,1.0,1.0,1.0,1.0,1945_1967_1983_1989_1998,1304_1299_1298_1297_1294,_-1_-1_-1_-1_-1,0.0,0.09259259259259259,0.45454545454545453,0,0
66,11,6,5.0,210.0,868.0,947.0,0.0201,48,-1,-1,0.8125,0.9166666666666666,0.9583333333333334,1.0,1.0,5_6_10_18_21_28_31_35_39_41_42_46_50_52_56_74_75_82_90_109_110_111_112_115_117_119_121_132_135_141_142_145_146_167_169_174_179_180_181_185_196_197_200_202_203_204_207_210,868_869_870_871_872_876_877_878_879_881_882_883_884_889_890_891_892_894_899_902_903_904_905_906_907_909_910_915_916_917_920_922_923_926_927_928_929_930_931_932_933_934_935_938_939_940_946_947,_-1_-1_-1_-1_-1_-1_-1_-1_-1_-1_-1_-1_-1_-1_-1_-1_-1_-1_-1_-1_-1_-1_-1_-1_-1_-1_-1_-1_-1_-1_-1_-1_-1_-1_-1_-1_-1_-1_-1_-1_-1_-1_-1_-1_-1_-1_-1_-1,0.01942090395480226,0.23300970873786409,0.6,0,0
67,11,6,679.0,875.0,947.0,1002.0,0.058,20,-1,-1,1.0,1.0,1.0,1.0,1.0,679_680_706_708_709_725_733_742_743_746_747_776_778_807_819_820_836_842_850_875,947_951_952_954_955_958_959_960_963_965_967_971_972_978_985_986_987_990_991_1002,_-1_-1_-1_-1_-1_-1_-1_-1_-1_-1_-1_-1_-1_-1_-1_-1_-1_-1_-1_-1,0.009090909090909092,0.10152284263959391,0.35714285714285715,0,0
68,11,6,484.0,532.0,1063.0,1069.0,0.0283,5,-1,-1,1.0,1.0,1.0,1.0,1.0,484_488_519_528_532,1063_1065_1066_1067_1069,_-1_-1_-1_-1_-1,0.0,0.10204081632653061,0.7142857142857143,0,0
69,11,6,443.0,670.0,1080.0,1022.0,0.0389,33,-1,-1,0.9090909090909091,0.9393939393939394,1.0,1.0,1.0,443_449_461_463_469_475_480_519_534_535_537_546_547_548_565_566_569_578_583_587_588_590_594_602_605_606_607_614_641_645_653_662_670,1080_1079_1078_1077_1076_1074_1073_1066_1061_1058_1057_1056_1055_1054_1052_1051_1050_1049_1047_1046_1045_1044_1042_1041_1040_1039_1037_1036_1034_1032_1031_1026_1022,_-1_-1_-1_-1_-1_-1_-1_-1_-1_-1_-1_-1_-1_-1_-1_-1_-1_-1_-1_-1_-1_-1_-1_-1_-1_-1_-1_-1_-1_-1_-1_-1_-1,0.015909090909090907,0.14473684210526316,0.559322033898305,0,0
70,11,6,215.0,260.0,1021.0,996.0,0.0823,7,-1,-1,0.8571428571428571,0.8571428571428571,0.8571428571428571,1.0,1.0,215_238_239_241_256_259_260,1021_1017_1015_1010_1007_1004_996,_-1_-1_-1_-1_-1_-1_-1,0.06349206349206349,0.15217391304347827,0.2692307692307692,0,0
71,11,6,179.0,199.0,932.0,927.0,0.1439,5,-1,-1,0.0,0.4,0.6,0.8,1.0,179_180_181_184_199,932_931_930_929_927,_-1_-1_-1_-1_-1,0.5647058823529413,0.23809523809523808,0.8333333333333334,0,0
72,12,1,1147.0,1177.0,568.0,577.0,0.0114,6,-1,-1,0.8333333333333334,1.0,1.0,1.0,1.0,1147_1150_1152_1158_1164_1177,568_569_570_572_573_577,_-1_-1_-1_-1_-1_-1,0.0,0.1935483870967742,0.6,0,0
73,12,2,244.0,258.0,203.0,214.0,0.0292,6,-1,-1,0.6666666666666666,0.8333333333333334,1.0,1.0,1.0,244_246_249_251_252_258,203_208_209_212_213_214,_-1_-1_-1_-1_-1_-1,0.08333333333333333,0.4,0.5,0,0
74,12,4,90.0,217.0,1084.0,1133.0,0.0078,33,-1,-1,0.9696969696969697,1.0,1.0,1.0,1.0,90_91_93_94_97_98_104_109_110_113_114_125_127_134_135_136_141_144_162_166_178_180_181_182_183_185_186_198_199_209_210_216_217,1084_1086_1087_1088_1090_1091_1095_1096_1097_1098_1099_1100_1102_1103_1104_1105_1107_1108_1109_1110_1114_1115_1116_1117_1118_1119_1120_1122_1123_1127_1128_1132_1133,_-1_-1_-1_-1_-1_-1_-1_-1_-1_-1_-1_-1_-1_-1_-1_-1_-1_-1_-1_-1_-1_-1_-1_-1_-1_-1_-1_-1_-1_-1_-1_-1_-1,0.019936204146730464,0.2578125,0.66,0,0
75,12,4,1827.0,1851.0,217.0,261.0,0.0943,10,-1,-1,0.5,0.6,0.7,0.9,1.0,1827_1828_1830_1831_1833_1837_1845_1846_1848_1851,217_240_241_242_246_249_255_257_258_261,_-1_-1_-1_-1_-1_-1_-1_-1_-1_-1,0.21818181818181823,0.4,0.2222222222222222,0,0
76,12,4,1557.0,1570.0,422.0,428.0,0.0019,6,-1,-1,1.0,1.0,1.0,1.0,1.0,1557_1558_1559_1563_1569_1570,422_423_424_426_427_428,_-1_-1_-1_-1_-1_-1,0.0,0.42857142857142855,0.8571428571428571,0,0
77,12,4,1687.0,1716.0,508.0,524.0,0.0398,5,-1,-1,0.4,1.0,1.0,1.0,1.0,1687_1693_1695_1712_1716,508_509_512_515_524,_-1_-1_-1_-1_-1,0.0,0.16666666666666666,0.29411764705882354,0,0
78,12,4,1552.0,1966.0,435.0,165.0,0.1012,75,-1,-1,0.92,0.96,0.9866666666666667,1.0,1.0,1552_1554_1570_1574_1576_1580_1590_1594_1607_1611_1612_1619_1620_1621_1624_1626_1628_1632_1635_1636_1637_1644_1645_1656_1663_1670_1674_1683_1688_1691_1693_1695_1697_1713_1736_1746_1749_1750_1754_1763_1773_1775_1785_1786_1793_1795_1817_1831_1832_1833_1835_1860_1861_1862_1865_1867_1869_1874_1880_1881_1894_1905_1906_1907_1909_1910_1911_1916_1937_1939_1949_1952_1964_1965_1966,435_432_428_420_419_407_399_398_394_393_392_390_389_384_383_379_378_377_376_374_373_371_370_368_364_361_335_328_323_322_317_316_315_312_311_302_301_299_296_295_294_290_283_281_280_275_272_246_242_241_240_238_237_236_235_234_233_232_229_227_223_215_213_211_208_205_201_199_192_191_187_185_181_178_165,_-1_-1_-1_-1_-1_-1_-1_-1_-1_-1_-1_-1_-1_-1_-1_-1_-1_-1_-1_-1_-1_-1_-1_-1_-1_-1_-1_-1_-1_-1_-1_-1_-1_-1_-1_-1_-1_-1_-1_-1_-1_-1_-1_-1_-1_-1_-1_-1_-1_-1_-1_-1_-1_-1_-1_-1_-1_-1_-1_-1_-1_-1_-1_-1_-1_-1_-1_-1_-1_-1_-1_-1_-1_-1_-1,0.02526315789473684,0.18072289156626506,0.2767527675276753,0,0
79,12,4,953.0,1134.0,472.0,437.0,0.0186,19,-1,-1,1.0,1.0,1.0,1.0,1.0,953_968_987_1009_1027_1039_1053_1068_1076_1077_1084_1091_1101_1114_1115_1116_1129_1130_1134,472_467_464_461_459_458_457_456_453_451_450_448_447_446_445_442_441_439_437,_-1_-1_-1_-1_-1_-1_-1_-1_-1_-1_-1_-1_-1_-1_-1_-1_-1_-1_-1,0.0,0.1043956043956044,0.5277777777777778,0,0
80,12,4,2035.0,2065.0,139.0,101.0,0.053,7,-1,-1,1.0,1.0,1.0,1.0,1.0,2035_2043_2044_2046_2048_2064_2065,139_138_134_123_121_107_101,_-1_-1_-1_-1_-1_-1_-1,0.0,0.22580645161290322,0.1794871794871795,0,0
81,12,4,1341.0,1408.0,376.0,344.0,0.2845,5,-1,-1,0.4,1.0,1.0,1.0,1.0,1341_1352_1359_1392_1408,376_351_347_346_344,_-1_-1_-1_-1_-1,0.1142857142857143,0.07352941176470588,0.15151515151515152,0,0
82,12,5,1411.0,1547.0,330.0,366.0,0.0136,21,-1,-1,0.9523809523809523,0.9523809523809523,1.0,1.0,1.0,1411_1420_1426_1429_1435_1436_1442_1454_1458_1463_1468_1470_1477_1478_1488_1504_1514_1523_1543_1546_1547,330_332_333_334_335_337_339_341_343_344_345_347_350_351_354_359_361_363_364_365_366,_-1_-1_-1_-1_-1_-1_-1_-1_-1_-1_-1_-1_-1_-1_-1_-1_-1_-1_-1_-1_-1,0.0,0.15328467153284672,0.5675675675675675,0,0
83,12,5,1221.0,1352.0,368.0,390.0,0.0058,18,-1,-1,1.0,1.0,1.0,1.0,1.0,1221_1229_1230_1239_1240_1249_1272_1275_1277_1300_1304_1306_1337_1341_1342_1343_1349_1352,368_371_372_373_374_376_378_379_380_381_382_383_385_386_387_388_389_390,_-1_-1_-1_-1_-1_-1_-1_-1_-1_-1_-1_-1_-1_-1_-1_-1_-1_-1,0.0,0.13636363636363635,0.782608695652174,0,0
84,12,5,602.0,689.0,401.0,423.0,0.0766,6,-1,-1,1.0,1.0,1.0,1.0,1.0,602_620_644_659_667_689,401_407_409_416_421_423,_-1_-1_-1_-1_-1_-1,0.0,0.06818181818181818,0.2608695652173913,0,0
85,12,5,84.0,145.0,941.0,1011.0,0.4328,6,-1,-1,-0.16666666666666666,0.0,0.3333333333333333,0.3333333333333333,0.6666666666666666,84_95_116_118_134_145,941_957_974_984_1007_1011,_-1_-1_-1_-1_-1_-1,0.08333333333333333,0.0967741935483871,0.08450704225352113,0,0
86,12,5,557.0,602.0,416.0,401.0,0.0525,6,-1,-1,1.0,1.0,1.0,1.0,1.0,557_571_577_578_588_602,416_413_411_410_409_401,_-1_-1_-1_-1_-1_-1,0.0,0.13043478260869565,0.375,0,0
87,12,7,2069.0,2116.0,1060.0,1084.0,0.0184,16,-1,-1,0.8125,0.9375,1.0,1.0,1.0,2069_2075_2079_2082_2083_2084_2087_2092_2093_2096_2106_2107_2108_2109_2115_2116,1060_1062_1063_1064_1065_1066_1068_1070_1071_1077_1078_1079_1081_1082_1083_1084,_-1_-1_-1_-1_-1_-1_-1_-1_-1_-1_-1_-1_-1_-1_-1_-1,0.05113636363636364,0.3333333333333333,0.64,0,0
88,13,1,102.0,333.0,436.0,582.0,0.0406,45,-1,-1,0.9555555555555556,0.9555555555555556,0.9555555555555556,1.0,1.0,102_107_109_116_118_121_123_136_137_140_145_148_156_157_169_171_174_175_179_181_182_202_203_204_205_207_212_214_218_225_227_230_240_241_243_250_258_259_263_267_270_273_287_319_333,436_437_438_439_440_444_447_448_450_457_458_459_463_464_465_466_467_478_480_481_482_487_491_493_498_499_500_501_508_515_517_518_522_524_526_532_536_537_539_540_541_547_557_559_582,_-1_-1_-1_-1_-1_-1_-1_-1_-1_-1_-1_-1_-1_-1_-1_-1_-1_-1_-1_-1_-1_-1_-1_-1_-1_-1_-1_-1_-1_-1_-1_-1_-1_-1_-1_-1_-1_-1_-1_-1_-1_-1_-1_-1_-1,0.00048309178743961357,0.1939655172413793,0.30612244897959184,0,0
89,13,1,15.0,100.0,290.0,192.0,0.0391,20,-1,-1,0.95,1.0,1.0,1.0,1.0,15_16_19_20_26_30_31_32_41_46_50_53_65_66_74_80_83_89_98_100,290_288_287_286_281_280_279_275_271_266_261_260_258_257_251_248_247_245_225_192,_-1_-1_-1_-1_-1_-1_-1_-1_-1_-1_-1_-1_-1_-1_-1_-1_-1_-1_-1_-1,0.002380952380952381,0.23255813953488372,0.20202020202020202,0,0
90,13,1,201.0,221.0,542.0,502.0,0.2727,5,-1,-1,0.8,1.0,1.0,1.0,1.0,201_205_218_220_221,542_509_508_503_502,_-1_-1_-1_-1_-1,0.0,0.23809523809523808,0.12195121951219512,0,0
91,13,2,1922.0,1939.0,765.0,776.0,0.168,5,-1,-1,-0.2,-0.2,0.2,0.4,0.6,1922_1933_1934_1937_1939,765_766_768_773_776,_-1_-1_-1_-1_-1,0.6428571428571429,0.2777777777777778,0.4166666666666667,0,0
92,13,2,1918.0,1939.0,776.0,765.0,0.3386,5,-1,-1,-0.2,0.0,0.0,0.2,0.8,1918_1922_1933_1937_1939,776_773_768_766_765,_-1_-1_-1_-1_-1,0.6153846153846154,0.22727272727272727,0.4166666666666667,0,0
93,13,3,515.0,658.0,761.0,873.0,0.087,15,-1,-1,0.8666666666666667,1.0,1.0,1.0,1.0,515_517_524_550_584_596_597_616_617_628_629_631_640_653_658,761_765_802_823_833_834_835_845_846_850_853_854_866_867_873,_-1_-1_-1_-1_-1_-1_-1_-1_-1_-1_-1_-1_-1_-1_-1,0.004166666666666667,0.10416666666666667,0.13274336283185842,0,0
94,13,4,1646.0,1756.0,473.0,520.0,0.0504,20,-1,-1,0.9,0.95,0.95,1.0,1.0,1646_1648_1666_1681_1692_1693_1694_1696_1699_1709_1710_1720_1721_1728_1732_1733_1734_1751_1752_1756,473_474_485_486_487_488_489_490_491_493_494_496_497_499_502_503_505_507_509_520,_-1_-1_-1_-1_-1_-1_-1_-1_-1_-1_-1_-1_-1_-1_-1_-1_-1_-1_-1_-1,0.03,0.18018018018018017,0.4166666666666667,0,0
95,13,4,362.0,465.0,1129.0,1152.0,0.0649,15,-1,-1,0.6666666666666666,0.8666666666666667,1.0,1.0,1.0,362_365_368_400_401_403_406_408_417_418_420_439_441_444_465,1129_1133_1136_1137_1138_1140_1141_1142_1143_1144_1145_1146_1148_1150_1152,_-1_-1_-1_-1_-1_-1_-1_-1_-1_-1_-1_-1_-1_-1_-1,0.17204301075268816,0.14423076923076922,0.625,0,0
96,13,4,1291.0,1412.0,553.0,516.0,0.0643,13,-1,-1,1.0,1.0,1.0,1.0,1.0,1291_1305_1311_1313_1334_1335_1342_1346_1352_1363_1397_1409_1412,553_545_544_542_541_540_531_529_528_527_524_522_516,_-1_-1_-1_-1_-1_-1_-1_-1_-1_-1_-1_-1_-1,0.0,0.10655737704918032,0.34210526315789475,0,0
97,13,4,1666.0,1687.0,485.0,475.0,0.0771,7,-1,-1,0.7142857142857143,0.8571428571428571,1.0,1.0,1.0,1666_1667_1671_1680_1684_1686_1687,485_484_481_478_477_476_475,_-1_-1_-1_-1_-1_-1_-1,0.1978021978021978,0.3181818181818182,0.6363636363636364,0,0
98,13,4,435.0,468.0,1151.0,1143.0,0.1276,7,-1,-1,0.2857142857142857,0.2857142857142857,0.42857142857142855,0.7142857142857143,0.8571428571428571,435_444_448_450_451_456_468,1151_1150_1148_1146_1145_1144_1143,_-1_-1_-1_-1_-1_-1_-1,0.5059523809523809,0.20588235294117646,0.7777777777777778,0,0
99,13,4,2108.0,2142.0,793.0,765.0,0.0949,6,-1,-1,0.5,0.6666666666666666,0.8333333333333334,0.8333333333333334,0.8333333333333334,2108_2109_2110_2114_2134_2142,793_775_770_768_766_765,_-1_-1_-1_-1_-1_-1,0.08333333333333333,0.17142857142857143,0.20689655172413793,0,0
100,13,4,416.0,439.0,1148.0,1143.0,0.2178,5,-1,-1,0.0,0.2,0.6,0.6,0.6,416_417_418_420_439,1148_1146_1145_1144_1143,_-1_-1_-1_-1_-1,0.7619047619047619,0.20833333333333334,0.8333333333333334,0,0
101,13,4,418.0,451.0,1148.0,1143.0,0.4165,5,-1,-1,-0.4,-0.4,-0.2,0.2,0.6,418_439_448_450_451,1148_1146_1145_1144_1143,_-1_-1_-1_-1_-1,0.7619047619047619,0.14705882352941177,0.8333333333333334,0,0
102,13,5,1944.0,2073.0,539.0,581.0,0.0099,25,-1,-1,1.0,1.0,1.0,1.0,1.0,1944_1947_1952_1953_1956_1959_1961_1964_1965_1992_2001_2006_2007_2015_2028_2033_2035_2036_2038_2046_2048_2049_2057_2063_2073,539_548_549_550_551_552_556_557_559_561_562_563_564_566_567_569_571_572_574_575_576_577_578_580_581,_-1_-1_-1_-1_-1_-1_-1_-1_-1_-1_-1_-1_-1_-1_-1_-1_-1_-1_-1_-1_-1_-1_-1_-1_-1,0.0,0.19230769230769232,0.5813953488372093,0,0
103,13,5,1765.0,1841.0,642.0,676.0,0.0202,17,-1,-1,0.9411764705882353,1.0,1.0,1.0,1.0,1765_1766_1767_1773_1782_1783_1784_1792_1809_1824_1829_1830_1832_1837_1838_1840_1841,642_643_644_655_656_657_658_662_667_668_669_670_671_673_674_675_676,_-1_-1_-1_-1_-1_-1_-1_-1_-1_-1_-1_-1_-1_-1_-1_-1_-1,0.0,0.22077922077922077,0.4857142857142857,0,0
104,13,5,1588.0,1619.0,296.0,307.0,0.0161,9,-1,-1,0.6666666666666666,0.8888888888888888,0.8888888888888888,0.8888888888888888,0.8888888888888888,1588_1590_1606_1607_1608_1611_1612_1618_1619,296_297_298_299_300_301_305_306_307,_-1_-1_-1_-1_-1_-1_-1_-1_-1,0.01111111111111111,0.28125,0.75,0,0
105,13,5,2077.0,2204.0,32.0,55.0,0.0763,10,-1,-1,1.0,1.0,1.0,1.0,1.0,2077_2089_2123_2152_2165_2184_2186_2192_2203_2204,32_35_38_43_44_45_47_48_53_55,_-1_-1_-1_-1_-1_-1_-1_-1_-1_-1,0.0,0.078125,0.4166666666666667,0,0
106,13,5,961.0,978.0,1280.0,1318.0,0.1994,5,-1,-1,0.4,0.4,0.8,0.8,1.0,961_962_966_969_978,1280_1283_1287_1289_1318,_-1_-1_-1_-1_-1,0.5647058823529413,0.2777777777777778,0.1282051282051282,0,0
107,13,5,958.0,969.0,1280.0,1318.0,0.3886,5,-1,-1,0.0,0.2,0.6,0.8,1.0,958_961_962_966_969,1280_1283_1287_1289_1318,_-1_-1_-1_-1_-1,0.5647058823529413,0.4166666666666667,0.1282051282051282,0,0
108,13,5,1438.0,1585.0,638.0,609.0,0.0676,13,-1,-1,0.9230769230769231,0.9230769230769231,1.0,1.0,1.0,1438_1476_1484_1495_1499_1518_1519_1532_1542_1552_1558_1578_1585,638_635_634_633_630_628_627_624_618_617_613_611_609,_-1_-1_-1_-1_-1_-1_-1_-1_-1_-1_-1_-1_-1,0.0,0.08783783783783784,0.43333333333333335,0,0
109,13,5,1278.0,1289.0,464.0,457.0,0.008,5,-1,-1,1.0,1.0,1.0,1.0,1.0,1278_1279_1286_1287_1289,464_461_460_459_457,_-1_-1_-1_-1_-1,0.0,0.4166666666666667,0.625,0,0
110,13,5,961.0,984.0,1318.0,1280.0,0.5262,5,-1,-1,0.6,0.6,0.8,1.0,1.0,961_962_966_979_984,1318_1289_1287_1283_1280,_-1_-1_-1_-1_-1,0.5647058823529413,0.20833333333333334,0.1282051282051282,0,0
111,13,5,2003.0,2044.0,1318.0,1280.0,0.4474,5,-1,-1,-0.2,0.0,0.0,0.4,0.4,2003_2004_2038_2039_2044,1318_1289_1287_1283_1280,_-1_-1_-1_-1_-1,0.5647058823529413,0.11904761904761904,0.1282051282051282,0,0
112,2,2,1952.0,2094.0,407.0,453.0,0.079,19,-1,-1,0.7894736842105263,0.7894736842105263,0.7894736842105263,0.8421052631578947,0.8947368421052632,1952_1972_1977_1980_2000_2012_2015_2016_2020_2027_2030_2036_2048_2049_2055_2062_2079_2084_2094,407_408_409_410_416_417_418_419_420_426_427_429_430_431_432_445_448_449_453,_-1_-1_-1_-1_-1_-1_-1_-1_-1_-1_-1_-1_-1_-1_-1_-1_-1_-1_-1,0.021531100478468897,0.13286713286713286,0.40425531914893614,0,0
113,2,2,1644.0,1781.0,295.0,372.0,0.1044,18,-1,-1,0.8888888888888888,0.9444444444444444,1.0,1.0,1.0,1644_1658_1675_1691_1696_1701_1703_1704_1709_1710_1714_1726_1729_1737_1739_1752_1755_1781,295_328_344_351_353_354_355_357_358_359_361_364_365_366_367_369_370_372,_-1_-1_-1_-1_-1_-1_-1_-1_-1_-1_-1_-1_-1_-1_-1_-1_-1_-1,0.041666666666666664,0.13043478260869565,0.23076923076923078,0,0
114,2,2,257.0,276.0,1044.0,1061.0,0.0244,6,-1,-1,1.0,1.0,1.0,1.0,1.0,257_259_260_269_273_276,1044_1045_1050_1054_1060_1061,_-1_-1_-1_-1_-1_-1,0.0,0.3,0.3333333333333333,0,0
115,2,2,1831.0,1915.0,375.0,417.0,0.1036,7,-1,-1,0.8571428571428571,0.8571428571428571,0.8571428571428571,1.0,1.0,1831_1858_1872_1887_1897_1910_1915,375_376_377_378_380_383_417,_-1_-1_-1_-1_-1_-1_-1,0.0,0.08235294117647059,0.16279069767441862,0,0
116,2,2,792.0,829.0,231.0,241.0,0.0459,5,-1,-1,1.0,1.0,1.0,1.0,1.0,792_815_817_824_829,231_236_237_238_241,_-1_-1_-1_-1_-1,0.0,0.13157894736842105,0.45454545454545453,0,0
117,2,2,452.0,471.0,1166.0,1197.0,0.1357,5,-1,-1,0.6,0.8,1.0,1.0,1.0,452_453_456_465_471,1166_1168_1169_1193_1197,_-1_-1_-1_-1_-1,0.3272727272727272,0.25,0.15625,0,0
118,2,2,98.0,201.0,917.0,975.0,0.283,7,-1,-1,0.8571428571428571,1.0,1.0,1.0,1.0,98_102_105_117_147_175_201,917_929_930_959_960_974_975,_-1_-1_-1_-1_-1_-1_-1,0.0,0.0673076923076923,0.11864406779661017,0,0
119,2,2,1245.0,1297.0,321.0,342.0,0.0947,5,-1,-1,1.0,1.0,1.0,1.0,1.0,1245_1248_1262_1273_1297,321_323_329_331_342,_-1_-1_-1_-1_-1,0.03333333333333333,0.09433962264150944,0.22727272727272727,0,0
120,2,2,644.0,735.0,287.0,270.0,0.0226,13,-1,-1,0.9230769230769231,0.9230769230769231,1.0,1.0,1.0,644_645_646_651_658_661_663_686_687_716_722_724_735,287_286_285_283_281_280_279_277_276_275_274_273_270,_-1_-1_-1_-1_-1_-1_-1_-1_-1_-1_-1_-1_-1,0.020512820512820513,0.14130434782608695,0.7222222222222222,0,0
121,2,2,117.0,143.0,959.0,932.0,0.0658,9,-1,-1,1.0,1.0,1.0,1.0,1.0,117_119_121_127_128_138_139_141_143,959_958_952_949_947_940_934_933_932,_-1_-1_-1_-1_-1_-1_-1_-1_-1,0.0,0.3333333333333333,0.32142857142857145,0,0
122,2,2,1041.0,1170.0,265.0,243.0,0.0561,10,-1,-1,0.9,1.0,1.0,1.0,1.0,1041_1051_1056_1062_1068_1081_1094_1124_1132_1170,265_264_263_262_261_257_256_249_248_243,_-1_-1_-1_-1_-1_-1_-1_-1_-1_-1,0.0,0.07692307692307693,0.43478260869565216,0,0
123,2,2,329.0,399.0,1106.0,1074.0,0.0755,8,-1,-1,1.0,1.0,1.0,1.0,1.0,329_334_335_351_354_371_389_399,1106_1103_1100_1089_1088_1082_1075_1074,_-1_-1_-1_-1_-1_-1_-1_-1,0.0,0.11267605633802817,0.24242424242424243,0,0
124,2,2,1348.0,1383.0,337.0,312.0,0.0361,5,-1,-1,1.0,1.0,1.0,1.0,1.0,1348_1372_1377_1379_1383,337_317_314_313_312,_-1_-1_-1_-1_-1,0.0,0.1388888888888889,0.19230769230769232,0,0
125,2,3,2523.0,2600.0,40.0,73.0,0.1102,6,-1,-1,0.5,0.5,0.5,0.6666666666666666,0.8333333333333334,2523_2528_2557_2581_2585_2600,40_45_62_65_69_73,_-1_-1_-1_-1_-1_-1,0.0,0.07692307692307693,0.17647058823529413,0,0
126,2,3,525.0,544.0,262.0,247.0,0.1354,5,-1,-1,0.2,0.4,0.6,0.8,0.8,525_528_531_534_544,262_261_255_254_247,_-1_-1_-1_-1_-1,0.3692307692307692,0.25,0.3125,0,0
127,2,3,2187.0,2229.0,344.0,328.0,0.0627,5,-1,-1,0.2,0.8,0.8,0.8,0.8,2187_2193_2194_2223_2229,344_342_341_336_328,_-1_-1_-1_-1_-1,0.0,0.11627906976744186,0.29411764705882354,0,0
128,2,7,2513.0,2713.0,1086.0,1220.0,0.0501,41,-1,-1,0.9024390243902439,1.0,1.0,1.0,1.0,2513_2514_2521_2525_2526_2530_2531_2534_2538_2543_2545_2549_2578_2580_2586_2589_2593_2601_2606_2613_2625_2628_2629_2632_2639_2644_2647_2649_2651_2652_2660_2664_2672_2673_2682_2684_2685_2701_2702_2704_2713,1086_1087_1088_1092_1093_1095_1096_1099_1102_1103_1106_1108_1110_1113_1117_1129_1134_1135_1136_1139_1142_1143_1144_1145_1155_1156_1157_1158_1159_1160_1161_1162_1163_1165_1166_1167_1168_1200_1201_1211_1220,_-1_-1_-1_-1_-1_-1_-1_-1_-1_-1_-1_-1_-1_-1_-1_-1_-1_-1_-1_-1_-1_-1_-1_-1_-1_-1_-1_-1_-1_-1_-1_-1_-1_-1_-1_-1_-1_-1_-1_-1_-1,0.018681888946549038,0.20398009950248755,0.3037037037037037,0,0
129,2,7,2143.0,2223.0,1375.0,1435.0,0.0082,28,-1,-1,0.9642857142857143,1.0,1.0,1.0,1.0,2143_2144_2147_2151_2164_2170_2171_2176_2177_2178_2179_2180_2181_2183_2184_2187_2190_2193_2194_2196_2199_2204_2205_2206_2209_2211_2219_2223,1375_1377_1378_1380_1391_1394_1395_1398_1399_1400_1401_1402_1403_1404_1409_1410_1412_1414_1415_1419_1421_1423_1424_1429_1430_1432_1433_1435,_-1_-1_-1_-1_-1_-1_-1_-1_-1_-1_-1_-1_-1_-1_-1_-1_-1_-1_-1_-1_-1_-1_-1_-1_-1_-1_-1_-1,0.0,0.345679012345679,0.45901639344262296,0,0
130,2,7,2852.0,2905.0,1323.0,1360.0,0.0404,12,-1,-1,1.0,1.0,1.0,1.0,1.0,2852_2857_2864_2870_2871_2873_2877_2878_2879_2883_2888_2905,1323_1330_1334_1335_1336_1337_1338_1340_1341_1342_1343_1360,_-1_-1_-1_-1_-1_-1_-1_-1_-1_-1_-1_-1,0.0,0.2222222222222222,0.3157894736842105,0,0
131,2,7,2390.0,2417.0,1315.0,1323.0,0.0065,7,-1,-1,1.0,1.0,1.0,1.0,1.0,2390_2396_2399_2400_2412_2413_2417,1315_1317_1318_1319_1320_1322_1323,_-1_-1_-1_-1_-1_-1_-1,0.0,0.25,0.7777777777777778,0,0
132,2,7,3021.0,3061.0,1437.0,1444.0,0.0086,6,-1,-1,1.0,1.0,1.0,1.0,1.0,3021_3024_3025_3030_3034_3061,1437_1438_1439_1440_1443_1444,_-1_-1_-1_-1_-1_-1,0.0,0.14634146341463414,0.75,0,0
133,2,7,2477.0,2507.0,1273.0,1287.0,0.0447,6,-1,-1,0.8333333333333334,1.0,1.0,1.0,1.0,2477_2479_2487_2495_2499_2507,1273_1274_1277_1281_1285_1287,_-1_-1_-1_-1_-1_-1,0.0,0.1935483870967742,0.4,0,0
134,2,7,2333.0,2504.0,1390.0,1261.0,0.0723,34,-1,-1,1.0,1.0,1.0,1.0,1.0,2333_2336_2341_2346_2355_2360_2361_2362_2365_2373_2377_2390_2422_2424_2425_2427_2429_2431_2443_2444_2445_2446_2450_2452_2453_2459_2463_2471_2475_2476_2499_2500_2503_2504,1390_1364_1363_1362_1361_1360_1358_1355_1354_1353_1348_1315_1314_1313_1312_1311_1310_1309_1306_1305_1303_1302_1300_1299_1298_1295_1293_1292_1291_1290_1285_1284_1283_1261,_-1_-1_-1_-1_-1_-1_-1_-1_-1_-1_-1_-1_-1_-1_-1_-1_-1_-1_-1_-1_-1_-1_-1_-1_-1_-1_-1_-1_-1_-1_-1_-1_-1_-1,0.0,0.19767441860465115,0.26153846153846155,0,0
135,2,7,2909.0,3025.0,1495.0,1439.0,0.0338,22,-1,-1,0.8636363636363636,0.8636363636363636,0.9545454545454546,1.0,1.0,2909_2912_2915_2934_2936_2946_2947_2960_2961_2966_2971_2978_2995_3000_3001_3004_3007_3011_3016_3017_3023_3025,1495_1488_1485_1482_1479_1475_1474_1473_1472_1469_1468_1466_1460_1457_1456_1454_1453_1452_1451_1447_1446_1439,_-1_-1_-1_-1_-1_-1_-1_-1_-1_-1_-1_-1_-1_-1_-1_-1_-1_-1_-1_-1_-1_-1,0.007575757575757576,0.18803418803418803,0.38596491228070173,0,0
136,2,7,2711.0,2812.0,1228.0,1174.0,0.0441,18,-1,-1,1.0,1.0,1.0,1.0,1.0,2711_2713_2722_2724_2725_2729_2734_2735_2739_2751_2768_2770_2784_2795_2801_2802_2805_2812,1228_1220_1206_1205_1203_1200_1196_1195_1193_1192_1190_1189_1186_1181_1178_1177_1176_1174,_-1_-1_-1_-1_-1_-1_-1_-1_-1_-1_-1_-1_-1_-1_-1_-1_-1_-1,0.0,0.17647058823529413,0.32727272727272727,0,0
137,2,7,2142.0,2163.0,1381.0,1365.0,0.0353,8,-1,-1,0.875,1.0,1.0,1.0,1.0,2142_2151_2153_2155_2157_2159_2161_2163,1381_1380_1374_1372_1371_1369_1368_1365,_-1_-1_-1_-1_-1_-1_-1_-1,0.0,0.36363636363636365,0.47058823529411764,0,0
138,2,7,2285.0,2320.0,1270.0,1247.0,0.0148,8,-1,-1,0.75,0.75,0.75,0.75,0.875,2285_2292_2293_2296_2304_2305_2318_2320,1270_1268_1265_1258_1257_1255_1248_1247,_-1_-1_-1_-1_-1_-1_-1_-1,0.0,0.2222222222222222,0.3333333333333333,0,0
139,2,7,2847.0,2862.0,1347.0,1325.0,0.0488,7,-1,-1,1.0,1.0,1.0,1.0,1.0,2847_2857_2858_2859_2860_2861_2862,1347_1330_1329_1328_1327_1326_1325,_-1_-1_-1_-1_-1_-1_-1,0.0,0.4375,0.30434782608695654,0,0
140,2,7,2554.0,2604.0,1126.0,1114.0,0.1262,7,-1,-1,1.0,1.0,1.0,1.0,1.0,2554_2555_2556_2569_2586_2603_2604,1126_1122_1121_1118_1117_1115_1114,_-1_-1_-1_-1_-1_-1_-1,0.017857142857142856,0.13725490196078433,0.5384615384615384,0,0
141,2,7,2240.0,2277.0,1508.0,1489.0,0.0409,6,-1,-1,0.8333333333333334,1.0,1.0,1.0,1.0,2240_2262_2271_2274_2276_2277,1508_1505_1501_1498_1497_1489,_-1_-1_-1_-1_-1_-1,0.0,0.15789473684210525,0.3,0,0
142,3,1,2009.0,2111.0,94.0,175.0,0.0915,14,-1,-1,0.7857142857142857,0.9285714285714286,0.9285714285714286,1.0,1.0,2009_2013_2015_2019_2031_2067_2081_2084_2091_2094_2100_2104_2108_2111,94_99_104_105_108_120_147_148_149_153_155_157_159_175,_-1_-1_-1_-1_-1_-1_-1_-1_-1_-1_-1_-1_-1_-1,0.0,0.13592233009708737,0.17073170731707318,0,0
143,3,1,2168.0,2246.0,306.0,417.0,0.1468,13,-1,-1,1.0,1.0,1.0,1.0,1.0,2168_2171_2181_2186_2190_2215_2218_2225_2227_2237_2242_2245_2246,306_307_336_344_347_364_367_388_390_407_409_410_417,_-1_-1_-1_-1_-1_-1_-1_-1_-1_-1_-1_-1_-1,0.0,0.16455696202531644,0.11607142857142858,0,0
144,3,1,2279.0,2330.0,195.0,220.0,0.0211,7,-1,-1,1.0,1.0,1.0,1.0,1.0,2279_2282_2304_2318_2322_2325_2330,195_196_200_212_214_216_220,_-1_-1_-1_-1_-1_-1_-1,0.0,0.1346153846153846,0.2692307692307692,0,0
145,3,1,1947.0,1984.0,48.0,54.0,0.0713,5,-1,-1,0.4,0.6,1.0,1.0,1.0,1947_1981_1982_1983_1984,48_49_50_51_54,_-1_-1_-1_-1_-1,0.3272727272727272,0.13157894736842105,0.7142857142857143,0,0
146,3,1,1868.0,1947.0,90.0,48.0,0.0468,16,-1,-1,0.75,0.9375,1.0,1.0,1.0,1868_1870_1880_1882_1899_1917_1918_1921_1922_1928_1929_1931_1932_1937_1939_1947,90_88_87_85_84_80_78_75_74_73_70_69_65_62_60_48,_-1_-1_-1_-1_-1_-1_-1_-1_-1_-1_-1_-1_-1_-1_-1_-1,0.05,0.2,0.37209302325581395,0,0
147,3,1,2122.0,2178.0,334.0,283.0,0.0679,10,-1,-1,0.9,0.9,0.9,0.9,1.0,2122_2126_2132_2148_2151_2152_2156_2167_2171_2178,334_330_323_315_314_311_310_308_307_283,_-1_-1_-1_-1_-1_-1_-1_-1_-1_-1,0.0,0.17543859649122806,0.19230769230769232,0,0
148,3,1,1773.0,1831.0,40.0,1.0,0.0809,10,-1,-1,0.8,0.9,1.0,1.0,1.0,1773_1775_1790_1797_1800_1805_1818_1819_1823_1831,40_22_21_17_14_10_8_6_5_1,_-1_-1_-1_-1_-1_-1_-1_-1_-1_-1,0.06923076923076922,0.1694915254237288,0.25,0,0
149,3,1,2198.0,2222.0,385.0,355.0,0.1846,7,-1,-1,0.8571428571428571,0.8571428571428571,0.8571428571428571,1.0,1.0,2198_2200_2203_2215_2216_2220_2222,385_381_380_364_363_357_355,_-1_-1_-1_-1_-1_-1_-1,0.06349206349206349,0.28,0.22580645161290322,0,0
150,3,1,2297.0,2310.0,425.0,419.0,0.0078,5,-1,-1,1.0,1.0,1.0,1.0,1.0,2297_2299_2300_2309_2310,425_424_423_420_419,_-1_-1_-1_-1_-1,0.0,0.35714285714285715,0.7142857142857143,0,0
151,3,1,2050.0,2070.0,145.0,117.0,0.1943,5,-1,-1,0.8,1.0,1.0,1.0,1.0,2050_2062_2063_2067_2070,145_127_126_120_117,_-1_-1_-1_-1_-1,0.0,0.23809523809523808,0.1724137931034483,0,0
152,3,1,2346.0,2357.0,607.0,589.0,0.0621,5,-1,-1,0.4,0.8,0.8,1.0,1.0,2346_2351_2353_2355_2357,607_600_595_592_589,_-1_-1_-1_-1_-1,0.0,0.4166666666666667,0.2631578947368421,0,0
153,3,3,922.0,1051.0,329.0,345.0,0.0137,12,-1,-1,0.8333333333333334,1.0,1.0,1.0,1.0,922_929_941_957_961_989_992_1007_1008_1032_1034_1051,329_330_332_334_336_338_340_341_342_343_344_345,_-1_-1_-1_-1_-1_-1_-1_-1_-1_-1_-1_-1,0.0,0.09230769230769231,0.7058823529411765,0,0
154,3,3,810.0,878.0,314.0,329.0,0.0451,7,-1,-1,1.0,1.0,1.0,1.0,1.0,810_823_831_846_848_861_878,314_316_317_319_320_327_329,_-1_-1_-1_-1_-1_-1_-1,0.0,0.10144927536231885,0.4375,0,0
155,3,3,2542.0,2555.0,462.0,450.0,0.0212,8,-1,-1,0.625,0.75,0.875,1.0,1.0,2542_2543_2545_2546_2550_2553_2554_2555,462_461_458_457_456_453_452_450,_-1_-1_-1_-1_-1_-1_-1_-1,0.3125,0.5714285714285714,0.6153846153846154,0,0
156,3,4,2968.0,2986.0,589.0,579.0,0.0153,5,-1,-1,0.8,1.0,1.0,1.0,1.0,2968_2976_2977_2983_2986,589_586_585_582_579,_-1_-1_-1_-1_-1,0.0,0.2631578947368421,0.45454545454545453,0,0
157,3,5,72.0,166.0,3.0,26.0,0.0317,9,-1,-1,1.0,1.0,1.0,1.0,1.0,72_93_107_109_113_121_123_145_166,3_13_14_15_16_20_21_24_26,_-1_-1_-1_-1_-1_-1_-1_-1_-1,0.0,0.09473684210526316,0.375,0,0
158,3,5,1406.0,1425.0,85.0,89.0,0.0063,5,-1,-1,1.0,1.0,1.0,1.0,1.0,1406_1416_1418_1422_1425,85_86_87_88_89,_-1_-1_-1_-1_-1,0.1142857142857143,0.25,1.0,0,0
159,3,5,1654.0,1728.0,75.0,57.0,0.0603,6,-1,-1,1.0,1.0,1.0,1.0,1.0,1654_1657_1663_1674_1694_1728,75_74_71_69_67_57,_-1_-1_-1_-1_-1_-1,0.0,0.08,0.3157894736842105,0,0
160,3,5,22.0,72.0,12.0,3.0,0.0763,5,-1,-1,0.8,1.0,1.0,1.0,1.0,22_23_28_58_72,12_11_10_4_3,_-1_-1_-1_-1_-1,0.0,0.09803921568627451,0.5,0,0
161,3,5,1808.0,1844.0,1360.0,1321.0,0.0482,5,-1,-1,1.0,1.0,1.0,1.0,1.0,1808_1824_1830_1840_1844,1360_1327_1326_1323_1321,_-1_-1_-1_-1_-1,0.0,0.13513513513513514,0.125,0,0
162,3,6,2835.0,2858.0,1914.0,1921.0,0.0023,7,-1,-1,1.0,1.0,1.0,1.0,1.0,2835_2840_2845_2847_2851_2853_2858,1914_1915_1916_1918_1919_1920_1921,_-1_-1_-1_-1_-1_-1_-1,0.0,0.2916666666666667,0.875,0,0
163,3,6,431.0,480.0,1694.0,1704.0,0.0429,6,-1,-1,1.0,1.0,1.0,1.0,1.0,431_437_443_447_462_480,1694_1695_1697_1700_1703_1704,_-1_-1_-1_-1_-1_-1,0.0,0.12,0.5454545454545454,0,0
164,3,6,175.0,511.0,1806.0,1675.0,0.0395,59,-1,-1,0.9322033898305084,0.9830508474576272,1.0,1.0,1.0,175_184_186_189_190_191_193_195_199_201_204_209_232_235_236_239_243_252_258_259_264_273_275_292_303_310_311_312_318_322_324_327_329_334_335_336_338_345_347_356_365_367_372_376_381_397_411_418_427_428_447_448_456_475_491_492_507_510_511,1806_1803_1802_1800_1799_1797_1796_1795_1794_1792_1790_1789_1784_1783_1782_1781_1780_1778_1775_1774_1773_1772_1771_1764_1762_1760_1757_1756_1754_1752_1749_1747_1746_1743_1739_1738_1737_1735_1734_1733_1727_1726_1725_1722_1717_1714_1713_1709_1707_1705_1700_1699_1698_1690_1688_1686_1684_1676_1675,_-1_-1_-1_-1_-1_-1_-1_-1_-1_-1_-1_-1_-1_-1_-1_-1_-1_-1_-1_-1_-1_-1_-1_-1_-1_-1_-1_-1_-1_-1_-1_-1_-1_-1_-1_-1_-1_-1_-1_-1_-1_-1_-1_-1_-1_-1_-1_-1_-1_-1_-1_-1_-1_-1_-1_-1_-1_-1_-1,0.004693611473272491,0.17507418397626112,0.44696969696969696,0,0
165,3,6,2829.0,2996.0,1206.0,1085.0,0.0524,37,-1,-1,0.918918918918919,0.9459459459459459,0.972972972972973,0.972972972972973,1.0,2829_2868_2877_2885_2894_2895_2897_2899_2901_2908_2911_2914_2915_2918_2933_2934_2935_2939_2941_2956_2957_2960_2961_2962_2965_2966_2967_2975_2976_2978_2980_2985_2991_2992_2993_2995_2996,1206_1196_1190_1186_1173_1172_1166_1165_1163_1161_1159_1154_1152_1144_1136_1135_1134_1132_1131_1128_1127_1113_1112_1111_1107_1106_1105_1102_1101_1098_1094_1093_1092_1091_1090_1088_1085,_-1_-1_-1_-1_-1_-1_-1_-1_-1_-1_-1_-1_-1_-1_-1_-1_-1_-1_-1_-1_-1_-1_-1_-1_-1_-1_-1_-1_-1_-1_-1_-1_-1_-1_-1_-1_-1,0.011313639220615965,0.22023809523809523,0.30327868852459017,0,0
166,3,6,601.0,725.0,1912.0,1874.0,0.0252,21,-1,-1,0.9047619047619048,1.0,1.0,1.0,1.0,601_610_616_620_624_636_655_658_661_662_663_668_669_670_675_686_720_721_722_723_725,1912_1908_1907_1905_1904_1903_1900_1898_1897_1896_1895_1893_1892_1891_1890_1889_1883_1882_1881_1878_1874,_-1_-1_-1_-1_-1_-1_-1_-1_-1_-1_-1_-1_-1_-1_-1_-1_-1_-1_-1_-1_-1,0.017857142857142856,0.168,0.5384615384615384,0,0
167,3,6,2502.0,2538.0,865.0,851.0,0.018,7,-1,-1,1.0,1.0,1.0,1.0,1.0,2502_2512_2517_2518_2534_2535_2538,865_862_858_857_854_852_851,_-1_-1_-1_-1_-1_-1_-1,0.0,0.1891891891891892,0.4666666666666667,0,0
168,3,7,2579.0,2825.0,791.0,931.0,0.0132,66,-1,-1,0.9848484848484849,1.0,1.0,1.0,1.0,2579_2581_2595_2602_2603_2605_2607_2608_2611_2615_2620_2623_2624_2627_2629_2630_2632_2634_2638_2641_2645_2647_2651_2654_2658_2666_2667_2669_2670_2672_2676_2678_2686_2687_2688_2702_2710_2715_2718_2721_2724_2725_2726_2732_2733_2744_2749_2750_2751_2753_2755_2756_2760_2761_2765_2766_2768_2772_2773_2781_2792_2794_2795_2803_2811_2825,791_794_798_801_802_803_808_809_810_811_812_816_817_822_826_828_829_831_832_833_834_839_840_841_853_854_855_857_859_860_863_874_880_881_885_886_887_889_891_892_895_896_897_898_899_901_902_904_905_906_907_908_909_910_913_914_915_916_920_921_923_924_925_926_927_931,_-1_-1_-1_-1_-1_-1_-1_-1_-1_-1_-1_-1_-1_-1_-1_-1_-1_-1_-1_-1_-1_-1_-1_-1_-1_-1_-1_-1_-1_-1_-1_-1_-1_-1_-1_-1_-1_-1_-1_-1_-1_-1_-1_-1_-1_-1_-1_-1_-1_-1_-1_-1_-1_-1_-1_-1_-1_-1_-1_-1_-1_-1_-1_-1_-1_-1,0.001976284584980237,0.26720647773279355,0.46808510638297873,0,0
169,3,7,517.0,587.0,960.0,933.0,0.0296,15,-1,-1,0.9333333333333333,0.9333333333333333,0.9333333333333333,1.0,1.0,517_519_522_529_537_539_544_547_548_551_563_564_570_581_587,960_959_957_956_954_953_952_949_948_947_942_941_940_936_933,_-1_-1_-1_-1_-1_-1_-1_-1_-1_-1_-1_-1_-1_-1_-1,0.05714285714285715,0.2112676056338028,0.5357142857142857,0,0
170,4,1,874.0,902.0,195.0,200.0,0.0165,5,-1,-1,0.8,1.0,1.0,1.0,1.0,874_889_893_895_902,195_197_198_199_200,_-1_-1_-1_-1_-1,0.03333333333333333,0.1724137931034483,0.8333333333333334,0,0
171,4,2,1736.0,1740.0,976.0,988.0,0.0625,5,-1,-1,-1.0,-0.8,-0.4,-0.2,0.0,1736_1737_1738_1739_1740,976_979_982_985_988,_-1_-1_-1_-1_-1,0.7368421052631579,1.0,0.38461538461538464,0,0
172,4,3,2487.0,2668.0,496.0,539.0,0.0421,22,-1,-1,1.0,1.0,1.0,1.0,1.0,2487_2524_2525_2560_2561_2567_2589_2595_2596_2598_2603_2609_2610_2611_2613_2623_2633_2644_2645_2653_2665_2668,496_499_500_507_509_510_513_514_516_517_519_520_521_522_523_529_531_532_533_534_537_539,_-1_-1_-1_-1_-1_-1_-1_-1_-1_-1_-1_-1_-1_-1_-1_-1_-1_-1_-1_-1_-1_-1,0.0,0.12087912087912088,0.5,0,0
173,4,3,2678.0,2723.0,908.0,943.0,0.0198,12,-1,-1,0.9166666666666666,0.9166666666666666,0.9166666666666666,0.9166666666666666,0.9166666666666666,2678_2680_2681_2682_2687_2690_2695_2701_2715_2718_2722_2723,908_909_910_913_916_918_920_921_931_940_942_943,_-1_-1_-1_-1_-1_-1_-1_-1_-1_-1_-1_-1,0.0,0.2608695652173913,0.3333333333333333,0,0
174,4,3,614.0,648.0,1020.0,1059.0,0.2334,7,-1,-1,0.2857142857142857,0.2857142857142857,0.42857142857142855,0.7142857142857143,0.8571428571428571,614_615_620_627_630_635_648,1020_1023_1024_1028_1034_1035_1059,_-1_-1_-1_-1_-1_-1_-1,0.6171428571428571,0.2,0.175,0,0
175,4,3,1551.0,1628.0,704.0,711.0,0.0412,6,-1,-1,0.8333333333333334,1.0,1.0,1.0,1.0,1551_1564_1593_1612_1615_1628,704_707_708_709_710_711,_-1_-1_-1_-1_-1_-1,0.0,0.07692307692307693,0.75,0,0
176,4,3,630.0,648.0,1020.0,1034.0,0.3372,6,-1,-1,-0.16666666666666666,0.0,0.16666666666666666,0.3333333333333333,0.6666666666666666,630_631_633_634_635_648,1020_1021_1023_1024_1028_1034,_-1_-1_-1_-1_-1_-1,0.76,0.3157894736842105,0.4,0,0
177,4,3,627.0,635.0,1020.0,1030.0,0.2638,6,-1,-1,-0.3333333333333333,-0.16666666666666666,0.3333333333333333,0.3333333333333333,0.5,627_630_631_633_634_635,1020_1021_1023_1024_1028_1030,_-1_-1_-1_-1_-1_-1,0.7692307692307693,0.6666666666666666,0.5454545454545454,0,0
178,4,3,615.0,633.0,1020.0,1034.0,0.5467,5,-1,-1,0.2,0.2,0.2,0.4,0.6,615_620_627_631_633,1020_1023_1024_1028_1034,_-1_-1_-1_-1_-1,0.75,0.2631578947368421,0.3333333333333333,0,0
179,4,3,1440.0,1509.0,689.0,718.0,0.1286,6,-1,-1,0.5,0.5,0.5,0.6666666666666666,0.8333333333333334,1440_1447_1468_1485_1505_1509,689_691_713_714_715_718,_-1_-1_-1_-1_-1_-1,0.0,0.08571428571428572,0.2,0,0
180,4,3,2503.0,2553.0,521.0,489.0,0.0818,11,-1,-1,0.9090909090909091,0.9090909090909091,0.9090909090909091,0.9090909090909091,0.9090909090909091,2503_2510_2525_2526_2536_2538_2539_2541_2549_2550_2553,521_516_500_499_498_497_495_494_492_491_489,_-1_-1_-1_-1_-1_-1_-1_-1_-1_-1_-1,0.0,0.21568627450980393,0.3333333333333333,0,0
181,4,3,385.0,503.0,1085.0,1040.0,0.0972,10,-1,-1,0.8,0.9,1.0,1.0,1.0,385_390_419_434_443_445_457_459_493_503,1085_1080_1078_1076_1067_1061_1058_1057_1049_1040,_-1_-1_-1_-1_-1_-1_-1_-1_-1_-1,0.0,0.08403361344537816,0.21739130434782608,0,0
182,4,3,2185.0,2276.0,750.0,717.0,0.0284,8,-1,-1,1.0,1.0,1.0,1.0,1.0,2185_2215_2222_2245_2246_2264_2267_2276,750_747_746_733_732_720_719_717,_-1_-1_-1_-1_-1_-1_-1_-1,0.0,0.08695652173913043,0.23529411764705882,0,0
183,4,3,2623.0,2676.0,529.0,521.0,0.0686,7,-1,-1,0.7142857142857143,0.8571428571428571,1.0,1.0,1.0,2623_2625_2627_2628_2630_2652_2676,529_527_526_525_524_523_521,_-1_-1_-1_-1_-1_-1_-1,0.0,0.12962962962962962,0.7777777777777778,0,0
184,4,3,620.0,655.0,1059.0,1020.0,0.6361,8,-1,-1,0.25,0.5,0.5,0.625,1.0,620_623_630_631_634_649_653_655,1059_1035_1034_1028_1024_1023_1021_1020,_-1_-1_-1_-1_-1_-1_-1_-1,0.6336206896551724,0.2222222222222222,0.2,0,0
185,4,4,141.0,191.0,966.0,999.0,0.0499,10,-1,-1,0.8,1.0,1.0,1.0,1.0,141_151_160_162_166_172_173_179_189_191,966_975_976_977_980_988_989_991_996_999,_-1_-1_-1_-1_-1_-1_-1_-1_-1_-1,0.03333333333333333,0.19607843137254902,0.29411764705882354,0,0
186,4,4,55.0,74.0,1053.0,1074.0,0.0262,5,-1,-1,0.8,1.0,1.0,1.0,1.0,55_66_70_73_74,1053_1069_1072_1073_1074,_-1_-1_-1_-1_-1,0.0,0.25,0.22727272727272727,0,0
187,4,4,56.0,124.0,1077.0,1056.0,0.1583,8,-1,-1,0.75,0.875,0.875,0.875,0.875,56_62_64_74_83_107_108_124,1077_1076_1075_1074_1068_1063_1061_1056,_-1_-1_-1_-1_-1_-1_-1_-1,0.0,0.11594202898550725,0.36363636363636365,0,0
188,4,4,184.0,207.0,1008.0,993.0,0.0816,6,-1,-1,0.8333333333333334,1.0,1.0,1.0,1.0,184_189_191_194_205_207,1008_999_996_995_994_993,_-1_-1_-1_-1_-1_-1,0.08333333333333333,0.25,0.375,0,0
189,4,5,2279.0,2514.0,801.0,892.0,0.0689,32,-1,-1,0.90625,0.90625,0.96875,0.96875,1.0,2279_2283_2302_2318_2328_2330_2331_2334_2336_2341_2349_2354_2362_2366_2383_2385_2404_2426_2427_2429_2453_2460_2463_2465_2470_2478_2480_2498_2502_2503_2506_2514,801_802_804_806_809_814_818_820_829_831_832_833_835_836_837_839_858_861_862_863_866_867_869_870_873_879_880_881_884_885_889_892,_-1_-1_-1_-1_-1_-1_-1_-1_-1_-1_-1_-1_-1_-1_-1_-1_-1_-1_-1_-1_-1_-1_-1_-1_-1_-1_-1_-1_-1_-1_-1_-1,0.003676470588235294,0.13559322033898305,0.34782608695652173,0,0
190,4,5,1696.0,1782.0,495.0,512.0,0.0896,12,-1,-1,0.4166666666666667,0.5,0.5,0.6666666666666666,0.8333333333333334,1696_1701_1709_1724_1735_1736_1737_1738_1739_1740_1778_1782,495_497_498_499_502_504_505_506_508_509_511_512,_-1_-1_-1_-1_-1_-1_-1_-1_-1_-1_-1_-1,0.35714285714285715,0.13793103448275862,0.6666666666666666,0,0
191,4,5,1996.0,2057.0,728.0,694.0,0.0187,15,-1,-1,0.8666666666666667,0.9333333333333333,0.9333333333333333,0.9333333333333333,1.0,1996_2001_2008_2014_2017_2021_2022_2028_2030_2033_2035_2041_2042_2044_2057,728_725_719_716_715_714_713_711_710_709_708_707_706_696_694,_-1_-1_-1_-1_-1_-1_-1_-1_-1_-1_-1_-1_-1_-1_-1,0.0,0.24193548387096775,0.42857142857142855,0,0
192,4,5,1735.0,1741.0,509.0,502.0,0.0423,6,-1,-1,0.16666666666666666,0.16666666666666666,0.6666666666666666,0.8333333333333334,1.0,1735_1736_1738_1739_1740_1741,509_508_506_505_504_502,_-1_-1_-1_-1_-1_-1,0.8333333333333334,0.8571428571428571,0.75,0,0
193,4,5,1738.0,1743.0,509.0,502.0,0.0405,6,-1,-1,0.16666666666666666,0.5,0.5,0.8333333333333334,0.8333333333333334,1738_1739_1740_1741_1742_1743,509_508_506_505_504_502,_-1_-1_-1_-1_-1_-1,0.8333333333333334,1.0,0.75,0,0
194,4,5,500.0,590.0,791.0,754.0,0.1903,7,-1,-1,1.0,1.0,1.0,1.0,1.0,500_524_546_567_576_582_590,791_784_778_768_765_756_754,_-1_-1_-1_-1_-1_-1_-1,0.0,0.07692307692307693,0.18421052631578946,0,0
195,4,5,659.0,675.0,752.0,743.0,0.0491,5,-1,-1,0.8,0.8,0.8,1.0,1.0,659_666_667_670_675,752_751_750_749_743,_-1_-1_-1_-1_-1,0.3272727272727272,0.29411764705882354,0.5,0,0
196,4,5,1735.0,1739.0,508.0,502.0,0.0611,5,-1,-1,0.4,0.6,0.6,0.6,0.8,1735_1736_1737_1738_1739,508_506_505_504_502,_-1_-1_-1_-1_-1,0.8,1.0,0.7142857142857143,0,0
197,4,5,1110.0,1221.0,538.0,518.0,0.0977,6,-1,-1,0.8333333333333334,0.8333333333333334,1.0,1.0,1.0,1110_1112_1135_1156_1184_1221,538_524_523_522_521_518,_-1_-1_-1_-1_-1_-1,0.0,0.05357142857142857,0.2857142857142857,0,0
198,4,6,210.0,236.0,1855.0,1869.0,0.0076,7,-1,-1,1.0,1.0,1.0,1.0,1.0,210_218_224_225_226_235_236,1855_1856_1858_1861_1862_1868_1869,_-1_-1_-1_-1_-1_-1_-1,0.0,0.25925925925925924,0.4666666666666667,0,0
199,4,6,259.0,264.0,1826.0,1836.0,0.0148,5,-1,-1,0.6,0.6,1.0,1.0,1.0,259_260_261_262_264,1826_1830_1833_1835_1836,_-1_-1_-1_-1_-1,0.1142857142857143,0.8333333333333334,0.45454545454545453,0,0
200,4,6,236.0,261.0,1869.0,1829.0,0.1773,6,-1,-1,0.8333333333333334,1.0,1.0,1.0,1.0,236_243_246_251_260_261,1869_1854_1852_1848_1830_1829,_-1_-1_-1_-1_-1_-1,0.0,0.23076923076923078,0.14634146341463414,0,0
201,5,3,1889.0,1929.0,505.0,469.0,0.0385,10,-1,-1,0.7,0.7,0.8,0.9,1.0,1889_1896_1898_1900_1903_1907_1924_1927_1928_1929,505_487_486_485_484_482_473_472_470_469,_-1_-1_-1_-1_-1_-1_-1_-1_-1_-1,0.03333333333333333,0.24390243902439024,0.2702702702702703,0,0
202,5,4,6.0,440.0,766.0,938.0,0.0343,80,-1,-1,0.95,0.975,0.975,0.975,0.9875,6_8_20_25_26_27_31_32_33_34_38_41_45_52_63_76_78_80_83_86_93_94_107_108_112_131_132_134_136_145_146_173_186_187_190_194_211_215_216_222_227_233_235_236_237_240_242_245_254_255_258_259_262_266_271_275_278_282_287_296_298_317_318_336_361_362_363_382_386_409_410_411_417_418_419_423_425_427_435_440,766_770_773_774_775_778_780_781_782_783_784_785_787_790_791_792_793_794_795_796_798_800_801_802_803_806_808_810_811_813_814_816_818_819_820_828_829_830_831_833_834_839_840_841_842_846_847_848_849_850_851_852_853_854_855_859_863_866_867_877_881_883_884_893_917_918_919_920_922_924_929_930_931_932_933_934_935_936_937_938,_-1_-1_-1_-1_-1_-1_-1_-1_-1_-1_-1_-1_-1_-1_-1_-1_-1_-1_-1_-1_-1_-1_-1_-1_-1_-1_-1_-1_-1_-1_-1_-1_-1_-1_-1_-1_-1_-1_-1_-1_-1_-1_-1_-1_-1_-1_-1_-1_-1_-1_-1_-1_-1_-1_-1_-1_-1_-1_-1_-1_-1_-1_-1_-1_-1_-1_-1_-1_-1_-1_-1_-1_-1_-1_-1_-1_-1_-1_-1_-1,0.005232558139534883,0.1839080459770115,0.4624277456647399,0,0
203,5,4,1538.0,1676.0,669.0,733.0,0.0485,26,-1,-1,0.7692307692307693,0.8461538461538461,0.8846153846153846,0.9615384615384616,0.9615384615384616,1538_1545_1547_1552_1564_1565_1570_1571_1573_1581_1583_1584_1585_1588_1590_1618_1624_1630_1632_1633_1651_1665_1666_1668_1669_1676,669_672_674_675_678_679_681_684_686_687_689_690_692_695_698_703_704_707_708_709_712_715_716_717_721_733,_-1_-1_-1_-1_-1_-1_-1_-1_-1_-1_-1_-1_-1_-1_-1_-1_-1_-1_-1_-1_-1_-1_-1_-1_-1_-1,0.0014245014245014246,0.18705035971223022,0.4,0,0
204,5,4,1473.0,1534.0,1009.0,1030.0,0.0631,11,-1,-1,0.7272727272727273,0.7272727272727273,0.9090909090909091,1.0,1.0,1473_1475_1476_1477_1482_1483_1486_1505_1509_1525_1534,1009_1010_1011_1012_1018_1019_1021_1024_1025_1028_1030,_-1_-1_-1_-1_-1_-1_-1_-1_-1_-1_-1,0.18972332015810275,0.1774193548387097,0.5,0,0
205,5,4,551.0,633.0,1033.0,1052.0,0.0435,10,-1,-1,0.9,1.0,1.0,1.0,1.0,551_555_558_576_585_594_595_598_601_633,1033_1035_1036_1037_1041_1042_1043_1050_1051_1052,_-1_-1_-1_-1_-1_-1_-1_-1_-1_-1,0.0,0.12048192771084337,0.5,0,0
206,5,4,1779.0,1812.0,726.0,745.0,0.0126,9,-1,-1,0.8888888888888888,1.0,1.0,1.0,1.0,1779_1786_1788_1791_1795_1797_1799_1800_1812,726_734_735_736_737_740_741_742_745,_-1_-1_-1_-1_-1_-1_-1_-1_-1,0.0,0.2647058823529412,0.45,0,0
207,5,4,1722.0,1769.0,604.0,555.0,0.0502,12,-1,-1,1.0,1.0,1.0,1.0,1.0,1722_1736_1743_1746_1748_1752_1757_1760_1764_1766_1767_1769,604_601_596_594_593_591_589_588_586_580_579_555,_-1_-1_-1_-1_-1_-1_-1_-1_-1_-1_-1_-1,0.0,0.25,0.24,0,0
208,5,4,1211.0,1449.0,648.0,606.0,0.1248,15,-1,-1,0.7333333333333333,0.8666666666666667,0.9333333333333333,0.9333333333333333,0.9333333333333333,1211_1222_1232_1238_1246_1248_1279_1308_1333_1372_1381_1384_1392_1419_1449,648_645_639_636_629_628_626_624_622_617_616_611_610_607_606,_-1_-1_-1_-1_-1_-1_-1_-1_-1_-1_-1_-1_-1_-1_-1,0.0,0.06276150627615062,0.3488372093023256,0,0
209,5,4,1676.0,1698.0,733.0,726.0,0.0191,6,-1,-1,0.8333333333333334,1.0,1.0,1.0,1.0,1676_1684_1686_1687_1691_1698,733_731_729_728_727_726,_-1_-1_-1_-1_-1_-1,0.0,0.2608695652173913,0.75,0,0
210,5,4,194.0,236.0,828.0,811.0,0.1713,6,-1,-1,0.8333333333333334,0.8333333333333334,0.8333333333333334,1.0,1.0,194_198_203_205_209_236,828_826_824_823_821_811,_-1_-1_-1_-1_-1_-1,0.0,0.13953488372093023,0.3333333333333333,0,0
211,5,4,296.0,309.0,877.0,869.0,0.0444,5,-1,-1,1.0,1.0,1.0,1.0,1.0,296_300_304_306_309,877_873_871_870_869,_-1_-1_-1_-1_-1,0.0,0.35714285714285715,0.5555555555555556,0,0
212,5,4,625.0,678.0,971.0,944.0,0.0994,6,-1,-1,1.0,1.0,1.0,1.0,1.0,625_626_642_644_672_678,971_970_961_960_957_944,_-1_-1_-1_-1_-1_-1,0.0,0.1111111111111111,0.21428571428571427,0,0
213,5,4,1472.0,1478.0,1014.0,1009.0,0.0413,5,-1,-1,0.4,0.4,0.8,1.0,1.0,1472_1475_1476_1477_1478,1014_1012_1011_1010_1009,_-1_-1_-1_-1_-1,0.5647058823529413,0.7142857142857143,0.8333333333333334,0,0
214,5,4,435.0,539.0,938.0,896.0,0.3616,7,-1,-1,0.8571428571428571,1.0,1.0,1.0,1.0,435_439_466_467_492_527_539,938_937_916_915_914_909_896,_-1_-1_-1_-1_-1_-1_-1,0.06349206349206349,0.06666666666666667,0.16279069767441862,0,0
215,5,4,1565.0,1588.0,692.0,659.0,0.4397,5,-1,-1,0.4,0.6,0.6,0.8,0.8,1565_1578_1579_1585_1588,692_686_685_679_659,_-1_-1_-1_-1_-1,0.0,0.20833333333333334,0.14705882352941177,0,0
216,5,5,1824.0,1877.0,909.0,893.0,0.0378,7,-1,-1,1.0,1.0,1.0,1.0,1.0,1824_1832_1853_1861_1873_1875_1877,909_907_903_900_898_894_893,_-1_-1_-1_-1_-1_-1_-1,0.0,0.12962962962962962,0.4117647058823529,0,0
217,6,3,1663.0,1895.0,218.0,290.0,0.1109,30,-1,-1,0.7666666666666667,0.8,0.8333333333333334,0.9,0.9333333333333333,1663_1665_1666_1669_1698_1699_1704_1721_1736_1744_1749_1751_1758_1772_1780_1792_1815_1816_1817_1826_1848_1852_1855_1860_1862_1880_1882_1885_1886_1895,218_224_235_242_243_244_245_247_249_250_254_255_262_263_264_266_268_272_273_275_276_277_278_279_281_282_285_287_288_290,_-1_-1_-1_-1_-1_-1_-1_-1_-1_-1_-1_-1_-1_-1_-1_-1_-1_-1_-1_-1_-1_-1_-1_-1_-1_-1_-1_-1_-1_-1,0.07755102040816327,0.12875536480686695,0.410958904109589,0,0
218,6,3,496.0,624.0,83.0,124.0,0.0295,17,-1,-1,0.8823529411764706,0.8823529411764706,0.8823529411764706,0.9411764705882353,0.9411764705882353,496_510_515_516_521_523_531_537_546_550_552_558_566_568_593_621_624,83_105_106_107_110_111_113_114_116_117_118_119_120_121_122_123_124,_-1_-1_-1_-1_-1_-1_-1_-1_-1_-1_-1_-1_-1_-1_-1_-1_-1,0.0,0.13178294573643412,0.40476190476190477,0,0
219,6,3,343.0,377.0,34.0,45.0,0.0035,9,-1,-1,0.8888888888888888,1.0,1.0,1.0,1.0,343_350_351_354_361_362_372_373_377,34_36_37_38_39_40_41_43_45,_-1_-1_-1_-1_-1_-1_-1_-1_-1,0.0,0.2571428571428571,0.75,0,0
220,6,3,1974.0,2008.0,203.0,217.0,0.0097,7,-1,-1,1.0,1.0,1.0,1.0,1.0,1974_1983_1990_1992_1999_2007_2008,203_212_213_214_215_216_217,_-1_-1_-1_-1_-1_-1_-1,0.0,0.2,0.4666666666666667,0,0
221,6,3,123.0,150.0,18.0,27.0,0.0137,7,-1,-1,0.8571428571428571,0.8571428571428571,0.8571428571428571,0.8571428571428571,0.8571428571428571,123_130_135_140_146_147_150,18_20_22_23_25_26_27,_-1_-1_-1_-1_-1_-1_-1,0.0,0.25,0.7,0,0
222,6,3,280.0,331.0,46.0,60.0,0.0517,7,-1,-1,0.8571428571428571,0.8571428571428571,0.8571428571428571,1.0,1.0,280_290_293_306_315_325_331,46_47_48_50_57_59_60,_-1_-1_-1_-1_-1_-1_-1,0.0,0.1346153846153846,0.4666666666666667,0,0
223,6,3,2035.0,2076.0,148.0,199.0,0.1246,7,-1,-1,1.0,1.0,1.0,1.0,1.0,2035_2036_2042_2045_2047_2075_2076,148_172_186_188_194_195_199,_-1_-1_-1_-1_-1_-1_-1,0.0,0.16666666666666666,0.1346153846153846,0,0
224,6,3,2170.0,2178.0,1020.0,1034.0,0.1416,5,-1,-1,-0.4,-0.4,0.0,0.2,0.6,2170_2171_2172_2177_2178,1020_1023_1024_1028_1034,_-1_-1_-1_-1_-1,0.7222222222222222,0.5555555555555556,0.3333333333333333,0,0
225,6,3,168.0,280.0,78.0,46.0,0.0281,17,-1,-1,1.0,1.0,1.0,1.0,1.0,168_170_174_189_204_215_219_223_236_237_239_251_252_256_262_272_280,78_77_76_74_73_72_71_70_69_68_67_66_65_63_62_61_46,_-1_-1_-1_-1_-1_-1_-1_-1_-1_-1_-1_-1_-1_-1_-1_-1_-1,0.0,0.1504424778761062,0.5151515151515151,0,0
226,6,3,31.0,90.0,16.0,1.0,0.007,11,-1,-1,1.0,1.0,1.0,1.0,1.0,31_33_34_36_41_43_48_55_66_83_90,16_15_14_13_11_10_6_5_3_2_1,_-1_-1_-1_-1_-1_-1_-1_-1_-1_-1_-1,0.0,0.18333333333333332,0.6875,0,0
227,6,3,2021.0,2032.0,157.0,148.0,0.0016,7,-1,-1,1.0,1.0,1.0,1.0,1.0,2021_2024_2025_2026_2027_2028_2032,157_154_153_152_151_149_148,_-1_-1_-1_-1_-1_-1_-1,0.0,0.5833333333333334,0.7,0,0
228,6,3,432.0,495.0,94.0,83.0,0.0155,7,-1,-1,0.8571428571428571,1.0,1.0,1.0,1.0,432_439_442_454_492_493_495,94_93_92_90_85_84_83,_-1_-1_-1_-1_-1_-1_-1,0.0,0.109375,0.5833333333333334,0,0
229,6,3,1689.0,1742.0,263.0,247.0,0.3592,8,-1,-1,0.25,0.625,0.625,0.625,0.75,1689_1693_1719_1728_1729_1731_1736_1742,263_262_261_255_254_250_249_247,_-1_-1_-1_-1_-1_-1_-1_-1,0.6057692307692307,0.14814814814814814,0.47058823529411764,0,0
230,6,3,1226.0,1261.0,171.0,142.0,0.0255,6,-1,-1,1.0,1.0,1.0,1.0,1.0,1226_1234_1240_1244_1247_1261,171_166_165_163_162_142,_-1_-1_-1_-1_-1_-1,0.0,0.16666666666666666,0.2,0,0
231,6,3,1669.0,1695.0,242.0,237.0,0.0503,5,-1,-1,1.0,1.0,1.0,1.0,1.0,1669_1676_1677_1694_1695,242_241_240_238_237,_-1_-1_-1_-1_-1,0.0,0.18518518518518517,0.8333333333333334,0,0
232,6,3,315.0,351.0,57.0,37.0,0.2033,6,-1,-1,0.6666666666666666,0.6666666666666666,0.6666666666666666,0.8333333333333334,0.8333333333333334,315_316_318_319_339_351,57_55_52_51_45_37,_-1_-1_-1_-1_-1_-1,0.0,0.16216216216216217,0.2857142857142857,0,0
233,6,3,2045.0,2073.0,188.0,182.0,0.0603,5,-1,-1,1.0,1.0,1.0,1.0,1.0,2045_2059_2061_2069_2073,188_185_184_183_182,_-1_-1_-1_-1_-1,0.0,0.1724137931034483,0.7142857142857143,0,0
234,6,3,1729.0,1758.0,262.0,247.0,0.3675,6,-1,-1,0.3333333333333333,0.5,0.8333333333333334,1.0,1.0,1729_1739_1742_1744_1757_1758,262_255_254_250_249_247,_-1_-1_-1_-1_-1_-1,0.6060606060606061,0.2,0.375,0,0
235,6,3,1937.0,1974.0,210.0,203.0,0.0315,5,-1,-1,1.0,1.0,1.0,1.0,1.0,1937_1938_1960_1961_1974,210_209_206_205_203,_-1_-1_-1_-1_-1,0.0,0.13157894736842105,0.625,0,0
236,6,3,2170.0,2189.0,1028.0,1005.0,0.4396,5,-1,-1,0.0,0.0,0.2,0.4,1.0,2170_2171_2172_2177_2189,1028_1023_1021_1020_1005,_-1_-1_-1_-1_-1,0.55,0.25,0.20833333333333334,0,0
237,6,3,1755.0,1773.0,263.0,247.0,0.601,5,-1,-1,-0.2,0.2,0.4,0.6,0.6,1755_1757_1758_1772_1773,263_255_254_249_247,_-1_-1_-1_-1_-1,0.75,0.2631578947368421,0.29411764705882354,0,0
238,6,7,2177.0,2237.0,51.0,109.0,0.0094,19,-1,-1,0.9473684210526315,1.0,1.0,1.0,1.0,2177_2180_2183_2184_2189_2197_2198_2199_2213_2215_2216_2219_2228_2231_2232_2234_2235_2236_2237,51_53_56_58_59_72_73_74_78_79_80_85_93_99_100_101_103_106_109,_-1_-1_-1_-1_-1_-1_-1_-1_-1_-1_-1_-1_-1_-1_-1_-1_-1_-1_-1,0.002631578947368421,0.3114754098360656,0.3220338983050847,0,0
239,6,7,2335.0,2379.0,238.0,276.0,0.0262,12,-1,-1,1.0,1.0,1.0,1.0,1.0,2335_2340_2342_2351_2354_2358_2359_2364_2366_2370_2373_2379,238_241_249_250_264_266_267_268_272_274_275_276,_-1_-1_-1_-1_-1_-1_-1_-1_-1_-1_-1_-1,0.0,0.26666666666666666,0.3076923076923077,0,0
240,6,7,1590.0,1641.0,508.0,519.0,0.0261,7,-1,-1,1.0,1.0,1.0,1.0,1.0,1590_1593_1623_1625_1629_1631_1641,508_509_514_516_517_518_519,_-1_-1_-1_-1_-1_-1_-1,0.0,0.1346153846153846,0.5833333333333334,0,0
241,6,7,2079.0,2115.0,208.0,234.0,0.0335,7,-1,-1,0.8571428571428571,1.0,1.0,1.0,1.0,2079_2092_2096_2097_2106_2112_2115,208_214_215_216_227_228_234,_-1_-1_-1_-1_-1_-1_-1,0.0,0.1891891891891892,0.25925925925925924,0,0
242,6,7,2240.0,2322.0,49.0,9.0,0.0121,20,-1,-1,1.0,1.0,1.0,1.0,1.0,2240_2244_2246_2259_2266_2268_2269_2282_2288_2289_2295_2296_2297_2301_2303_2307_2309_2314_2315_2322,49_48_41_39_32_31_30_29_26_25_23_22_21_19_18_15_14_13_12_9,_-1_-1_-1_-1_-1_-1_-1_-1_-1_-1_-1_-1_-1_-1_-1_-1_-1_-1_-1_-1,0.0,0.24096385542168675,0.4878048780487805,0,0
243,6,7,2118.0,2169.0,180.0,112.0,0.0227,17,-1,-1,1.0,1.0,1.0,1.0,1.0,2118_2124_2127_2130_2131_2134_2142_2147_2151_2154_2155_2156_2157_2159_2162_2168_2169,180_165_145_143_142_140_136_135_133_131_129_120_119_118_117_113_112,_-1_-1_-1_-1_-1_-1_-1_-1_-1_-1_-1_-1_-1_-1_-1_-1_-1,0.0,0.3269230769230769,0.2463768115942029,0,0
244,6,7,44.0,151.0,1201.0,1139.0,0.1035,12,-1,-1,0.75,0.8333333333333334,0.9166666666666666,1.0,1.0,44_45_47_54_80_85_96_98_118_138_146_151,1201_1199_1196_1176_1175_1174_1173_1168_1160_1156_1155_1139,_-1_-1_-1_-1_-1_-1_-1_-1_-1_-1_-1_-1,0.08333333333333333,0.1111111111111111,0.19047619047619047,0,0
245,6,7,651.0,734.0,475.0,429.0,0.0745,10,-1,-1,1.0,1.0,1.0,1.0,1.0,651_677_678_679_685_700_717_722_725_734,475_474_473_470_468_451_443_438_435_429,_-1_-1_-1_-1_-1_-1_-1_-1_-1_-1,0.03333333333333333,0.11904761904761904,0.2127659574468085,0,0
246,7,1,1762.0,1770.0,843.0,850.0,0.0056,5,-1,-1,1.0,1.0,1.0,1.0,1.0,1762_1766_1767_1769_1770,843_847_848_849_850,_-1_-1_-1_-1_-1,0.0,0.5555555555555556,0.625,0,0
247,7,1,1624.0,1886.0,891.0,788.0,0.0376,48,-1,-1,0.8541666666666666,0.9583333333333334,0.9791666666666666,0.9791666666666666,1.0,1624_1625_1631_1644_1649_1651_1664_1665_1669_1673_1674_1679_1680_1681_1682_1683_1684_1687_1694_1695_1696_1699_1720_1722_1729_1740_1748_1756_1762_1764_1772_1780_1783_1786_1788_1790_1792_1798_1799_1801_1817_1819_1823_1827_1830_1842_1866_1886,891_890_888_887_886_885_884_883_882_880_879_878_877_875_874_873_872_871_870_869_867_866_862_861_856_855_851_846_843_841_840_839_836_833_832_831_830_819_818_817_815_814_813_807_806_798_793_788,_-1_-1_-1_-1_-1_-1_-1_-1_-1_-1_-1_-1_-1_-1_-1_-1_-1_-1_-1_-1_-1_-1_-1_-1_-1_-1_-1_-1_-1_-1_-1_-1_-1_-1_-1_-1_-1_-1_-1_-1_-1_-1_-1_-1_-1_-1_-1_-1,0.003676470588235294,0.18250950570342206,0.46153846153846156,0,0
248,7,2,1882.0,1940.0,488.0,457.0,0.0189,12,-1,-1,0.9166666666666666,1.0,1.0,1.0,1.0,1882_1888_1894_1895_1906_1910_1915_1920_1921_1922_1924_1940,488_486_484_483_469_468_466_464_463_462_461_457,_-1_-1_-1_-1_-1_-1_-1_-1_-1_-1_-1_-1,0.0,0.2033898305084746,0.375,0,0
249,7,3,516.0,524.0,247.0,262.0,0.0756,6,-1,-1,0.0,0.5,0.5,0.5,0.8333333333333334,516_517_518_522_523_524,247_249_250_254_255_262,_-1_-1_-1_-1_-1_-1,0.76,0.6666666666666666,0.375,0,0
250,7,3,518.0,527.0,263.0,247.0,0.1729,6,-1,-1,0.16666666666666666,0.5,0.8333333333333334,0.8333333333333334,0.8333333333333334,518_519_522_523_524_527,263_262_255_254_249_247,_-1_-1_-1_-1_-1_-1,0.7391304347826086,0.6,0.35294117647058826,0,0
251,7,3,516.0,523.0,255.0,247.0,0.154,5,-1,-1,0.2,0.2,0.6,0.6,1.0,516_517_518_522_523,255_254_250_249_247,_-1_-1_-1_-1_-1,0.7619047619047619,0.625,0.5555555555555556,0,0
252,7,6,28.0,74.0,350.0,374.0,0.0111,17,-1,-1,0.7647058823529411,0.9411764705882353,0.9411764705882353,1.0,1.0,28_30_32_33_35_39_40_46_47_59_60_61_63_64_65_71_74,350_351_352_353_356_358_359_361_362_364_365_367_368_369_370_373_374,_-1_-1_-1_-1_-1_-1_-1_-1_-1_-1_-1_-1_-1_-1_-1_-1_-1,0.012383900928792569,0.3617021276595745,0.68,0,0
253,7,6,16.0,26.0,724.0,731.0,0.0013,7,-1,-1,0.8571428571428571,1.0,1.0,1.0,1.0,16_17_18_20_23_24_26,724_725_726_727_728_729_731,_-1_-1_-1_-1_-1_-1_-1,0.0,0.6363636363636364,0.875,0,0
254,7,6,1889.0,1927.0,260.0,285.0,0.0364,6,-1,-1,0.5,1.0,1.0,1.0,1.0,1889_1905_1920_1921_1923_1927,260_271_277_278_279_285,_-1_-1_-1_-1_-1_-1,0.0,0.15384615384615385,0.23076923076923078,0,0
255,7,6,1395.0,1440.0,829.0,812.0,0.0467,7,-1,-1,1.0,1.0,1.0,1.0,1.0,1395_1397_1398_1404_1431_1439_1440,829_826_825_824_821_813_812,_-1_-1_-1_-1_-1_-1_-1,0.0,0.15217391304347827,0.3888888888888889,0,0
256,7,6,742.0,820.0,810.0,799.0,0.0451,5,-1,-1,1.0,1.0,1.0,1.0,1.0,742_750_784_805_820,810_808_805_800_799,_-1_-1_-1_-1_-1,0.0,0.06329113924050633,0.4166666666666667,0,0
257,7,7,1530.0,1606.0,721.0,769.0,0.0799,11,-1,-1,0.9090909090909091,1.0,1.0,1.0,1.0,1530_1544_1558_1562_1575_1581_1582_1598_1599_1600_1606,721_738_741_742_751_752_758_762_765_767_769,_-1_-1_-1_-1_-1_-1_-1_-1_-1_-1_-1,0.027972027972027972,0.14285714285714285,0.22448979591836735,0,0
258,7,7,236.0,292.0,528.0,546.0,0.0668,7,-1,-1,0.8571428571428571,1.0,1.0,1.0,1.0,236_250_273_276_287_291_292,528_531_539_540_543_544_546,_-1_-1_-1_-1_-1_-1_-1,0.0,0.12280701754385964,0.3684210526315789,0,0
259,7,7,468.0,502.0,542.0,557.0,0.0361,6,-1,-1,1.0,1.0,1.0,1.0,1.0,468_489_491_495_501_502,542_551_554_555_556_557,_-1_-1_-1_-1_-1_-1,0.0,0.17142857142857143,0.375,0,0
260,7,7,887.0,909.0,605.0,612.0,0.016,5,-1,-1,1.0,1.0,1.0,1.0,1.0,887_889_902_906_909,605_608_609_611_612,_-1_-1_-1_-1_-1,0.0,0.21739130434782608,0.625,0,0
261,7,7,109.0,236.0,741.0,668.0,0.0198,33,-1,-1,0.8484848484848485,0.9393939393939394,0.9696969696969697,0.9696969696969697,0.9696969696969697,109_124_130_132_150_158_163_165_166_169_174_180_183_187_188_189_192_193_194_196_199_200_201_203_204_206_211_213_217_219_224_225_236,741_737_736_734_733_731_728_727_726_724_721_720_719_717_716_714_710_709_700_699_698_695_690_688_686_684_683_682_681_679_672_669_668,_-1_-1_-1_-1_-1_-1_-1_-1_-1_-1_-1_-1_-1_-1_-1_-1_-1_-1_-1_-1_-1_-1_-1_-1_-1_-1_-1_-1_-1_-1_-1_-1_-1,0.0,0.2578125,0.44594594594594594,0,0
262,7,7,318.0,447.0,663.0,614.0,0.0616,16,-1,-1,0.9375,0.9375,1.0,1.0,1.0,318_327_331_343_353_358_360_381_383_389_390_392_397_413_416_447,663_658_657_656_655_654_650_648_644_643_640_638_637_634_630_614,_-1_-1_-1_-1_-1_-1_-1_-1_-1_-1_-1_-1_-1_-1_-1_-1,0.0,0.12307692307692308,0.32,0,0
263,7,7,619.0,665.0,625.0,593.0,0.0876,6,-1,-1,1.0,1.0,1.0,1.0,1.0,619_651_661_663_664_665,625_615_598_597_594_593,_-1_-1_-1_-1_-1_-1,0.0,0.1276595744680851,0.18181818181818182,0,0
264,7,7,557.0,582.0,588.0,569.0,0.0238,5,-1,-1,1.0,1.0,1.0,1.0,1.0,557_568_569_572_582,588_585_584_581_569,_-1_-1_-1_-1_-1,0.0,0.19230769230769232,0.25,0,0
265,8,1,207.0,253.0,830.0,864.0,0.1528,5,-1,-1,0.4,1.0,1.0,1.0,1.0,207_212_219_233_253,830_833_839_850_864,_-1_-1_-1_-1_-1,0.0,0.10638297872340426,0.14285714285714285,0,0
266,8,1,1985.0,2067.0,1040.0,1007.0,0.14,5,-1,-1,0.8,0.8,0.8,1.0,1.0,1985_2024_2043_2066_2067,1040_1033_1020_1008_1007,_-1_-1_-1_-1_-1,0.0,0.060240963855421686,0.14705882352941177,0,0
267,8,2,373.0,402.0,729.0,765.0,0.4208,5,-1,-1,-0.8,-0.8,-0.8,-0.8,0.2,373_375_376_387_402,729_738_739_741_765,_-1_-1_-1_-1_-1,0.4,0.16666666666666666,0.13513513513513514,0,0
268,8,6,21.0,218.0,258.0,347.0,0.009,55,-1,-1,0.8727272727272727,0.9636363636363636,1.0,1.0,1.0,21_23_24_27_30_31_32_33_34_35_36_46_47_48_57_59_62_63_65_67_71_80_85_90_93_95_101_104_107_113_114_118_119_129_137_138_142_146_147_155_156_159_167_176_184_187_188_195_196_200_204_207_210_217_218,258_259_260_262_263_264_265_267_268_269_270_271_273_274_275_276_277_278_279_284_285_286_288_289_290_291_296_297_298_299_300_301_302_306_310_311_313_317_318_320_321_322_327_328_330_331_333_337_338_339_340_341_345_346_347,_-1_-1_-1_-1_-1_-1_-1_-1_-1_-1_-1_-1_-1_-1_-1_-1_-1_-1_-1_-1_-1_-1_-1_-1_-1_-1_-1_-1_-1_-1_-1_-1_-1_-1_-1_-1_-1_-1_-1_-1_-1_-1_-1_-1_-1_-1_-1_-1_-1_-1_-1_-1_-1_-1_-1,0.0012759170653907496,0.2777777777777778,0.6111111111111112,0,0
269,8,6,1483.0,1724.0,138.0,255.0,0.0569,35,-1,-1,0.9714285714285714,1.0,1.0,1.0,1.0,1483_1507_1512_1517_1519_1522_1524_1532_1537_1543_1544_1545_1548_1550_1551_1565_1570_1576_1585_1586_1596_1609_1619_1624_1649_1651_1657_1667_1684_1690_1699_1716_1717_1723_1724,138_140_142_143_144_145_148_149_150_151_152_153_154_155_160_163_165_167_172_174_175_180_188_191_194_195_197_202_206_209_225_252_253_254_255,_-1_-1_-1_-1_-1_-1_-1_-1_-1_-1_-1_-1_-1_-1_-1_-1_-1_-1_-1_-1_-1_-1_-1_-1_-1_-1_-1_-1_-1_-1_-1_-1_-1_-1_-1,0.0,0.1446280991735537,0.2966101694915254,0,0
270,8,6,1156.0,1449.0,375.0,424.0,0.0911,22,-1,-1,0.8636363636363636,0.9545454545454546,1.0,1.0,1.0,1156_1184_1186_1205_1231_1253_1269_1271_1273_1281_1282_1295_1325_1337_1350_1369_1370_1395_1420_1423_1434_1449,375_380_381_386_387_390_391_392_393_394_395_396_400_406_409_410_412_413_416_417_421_424,_-1_-1_-1_-1_-1_-1_-1_-1_-1_-1_-1_-1_-1_-1_-1_-1_-1_-1_-1_-1_-1_-1,0.0,0.07482993197278912,0.44,0,0
271,8,6,1870.0,1941.0,101.0,129.0,0.0362,17,-1,-1,0.7647058823529411,0.8235294117647058,0.8235294117647058,0.8235294117647058,0.8823529411764706,1870_1872_1874_1878_1880_1883_1887_1891_1892_1903_1912_1917_1920_1923_1934_1939_1941,101_102_104_105_106_107_110_111_113_114_118_119_120_123_126_127_129,_-1_-1_-1_-1_-1_-1_-1_-1_-1_-1_-1_-1_-1_-1_-1_-1_-1,0.0032679738562091504,0.2361111111111111,0.5862068965517241,0,0
272,8,6,585.0,609.0,511.0,520.0,0.0011,9,-1,-1,1.0,1.0,1.0,1.0,1.0,585_587_589_592_599_600_603_607_609,511_512_513_514_516_517_518_519_520,_-1_-1_-1_-1_-1_-1_-1_-1_-1,0.0,0.36,0.9,0,0
273,8,6,2063.0,2093.0,6.0,48.0,0.055,9,-1,-1,0.8888888888888888,0.8888888888888888,0.8888888888888888,1.0,1.0,2063_2074_2076_2077_2078_2079_2085_2091_2093,6_34_37_38_39_45_46_47_48,_-1_-1_-1_-1_-1_-1_-1_-1_-1,0.0,0.2903225806451613,0.20930232558139536,0,0
274,8,6,646.0,702.0,479.0,503.0,0.1049,7,-1,-1,0.8571428571428571,1.0,1.0,1.0,1.0,646_659_661_663_664_668_702,479_488_493_496_497_500_503,_-1_-1_-1_-1_-1_-1_-1,0.06349206349206349,0.12280701754385964,0.28,0,0
275,8,6,1760.0,1772.0,231.0,248.0,0.0504,5,-1,-1,0.8,1.0,1.0,1.0,1.0,1760_1763_1764_1769_1772,231_232_233_236_248,_-1_-1_-1_-1_-1,0.1142857142857143,0.38461538461538464,0.2777777777777778,0,0
276,8,6,375.0,380.0,619.0,630.0,0.0238,6,-1,-1,-0.16666666666666666,0.0,0.16666666666666666,0.5,0.8333333333333334,375_376_377_378_379_380,619_621_622_623_627_630,_-1_-1_-1_-1_-1_-1,0.75,1.0,0.5,0,0
277,8,6,67.0,79.0,1222.0,1230.0,0.0716,5,-1,-1,0.6,0.8,0.8,0.8,0.8,67_68_75_77_79,1222_1223_1225_1228_1230,_-1_-1_-1_-1_-1,0.6095238095238096,0.38461538461538464,0.5555555555555556,0,0
278,8,6,370.0,374.0,619.0,630.0,0.0419,5,-1,-1,-0.2,0.0,0.4,0.4,0.6,370_371_372_373_374,619_621_622_627_630,_-1_-1_-1_-1_-1,0.5777777777777778,1.0,0.4166666666666667,0,0
279,8,6,53.0,75.0,1222.0,1230.0,0.2907,5,-1,-1,0.0,0.0,0.0,0.8,0.8,53_67_68_70_75,1222_1223_1225_1228_1230,_-1_-1_-1_-1_-1,0.7916666666666666,0.21739130434782608,0.5555555555555556,0,0
280,8,6,221.0,678.0,732.0,496.0,0.0887,87,-1,-1,0.8735632183908046,0.9195402298850575,0.9425287356321839,0.9655172413793104,1.0,221_225_226_231_233_234_235_245_246_248_250_253_256_265_273_278_289_290_291_296_298_315_320_322_326_331_351_352_355_356_360_361_362_369_372_377_378_384_385_387_391_393_394_398_403_406_409_412_413_419_422_440_441_444_445_458_459_461_462_465_479_481_500_503_508_509_510_527_536_539_542_543_551_552_554_555_566_574_575_578_582_609_612_636_668_674_678,732_702_701_698_696_695_691_690_689_688_686_684_680_674_666_665_663_660_657_656_655_654_652_650_649_646_645_642_640_639_637_636_635_631_630_627_623_622_621_619_617_616_615_614_613_612_611_610_608_607_604_603_602_600_599_597_595_594_593_591_590_588_586_585_584_583_581_580_571_570_567_564_561_559_558_557_536_535_533_523_521_520_511_509_500_499_496,_-1_-1_-1_-1_-1_-1_-1_-1_-1_-1_-1_-1_-1_-1_-1_-1_-1_-1_-1_-1_-1_-1_-1_-1_-1_-1_-1_-1_-1_-1_-1_-1_-1_-1_-1_-1_-1_-1_-1_-1_-1_-1_-1_-1_-1_-1_-1_-1_-1_-1_-1_-1_-1_-1_-1_-1_-1_-1_-1_-1_-1_-1_-1_-1_-1_-1_-1_-1_-1_-1_-1_-1_-1_-1_-1_-1_-1_-1_-1_-1_-1_-1_-1_-1_-1_-1_-1,0.03335385878489327,0.18995633187772926,0.3670886075949367,0,0
281,8,6,1941.0,2159.0,129.0,6.0,0.0398,53,-1,-1,0.8679245283018868,0.9622641509433962,0.9622641509433962,0.9622641509433962,0.9811320754716981,1941_1949_1954_1957_1963_1971_1972_1978_1979_1984_1990_1992_1995_2004_2006_2008_2009_2010_2013_2027_2043_2046_2052_2053_2054_2056_2059_2061_2066_2067_2070_2072_2079_2080_2081_2083_2097_2099_2101_2104_2110_2112_2115_2117_2130_2134_2143_2147_2148_2150_2151_2158_2159,129_98_96_93_92_90_89_86_85_82_81_80_78_76_75_74_73_72_70_69_63_62_61_60_59_58_57_55_53_52_50_49_45_44_41_40_34_33_32_30_28_27_26_25_20_17_16_15_13_12_10_7_6,_-1_-1_-1_-1_-1_-1_-1_-1_-1_-1_-1_-1_-1_-1_-1_-1_-1_-1_-1_-1_-1_-1_-1_-1_-1_-1_-1_-1_-1_-1_-1_-1_-1_-1_-1_-1_-1_-1_-1_-1_-1_-1_-1_-1_-1_-1_-1_-1_-1_-1_-1_-1_-1,0.0013722126929674098,0.2420091324200913,0.4274193548387097,0,0
282,8,6,1704.0,1812.0,257.0,207.0,0.077,21,-1,-1,0.9047619047619048,0.9523809523809523,0.9523809523809523,1.0,1.0,1704_1707_1713_1723_1727_1740_1750_1751_1752_1760_1763_1767_1773_1780_1789_1792_1799_1802_1809_1810_1812,257_256_255_254_251_248_242_241_240_233_232_231_230_229_227_226_225_222_219_208_207,_-1_-1_-1_-1_-1_-1_-1_-1_-1_-1_-1_-1_-1_-1_-1_-1_-1_-1_-1_-1_-1,0.008281573498964802,0.1926605504587156,0.4117647058823529,0,0
283,8,6,702.0,879.0,503.0,433.0,0.1209,15,-1,-1,0.8666666666666667,0.8666666666666667,0.9333333333333333,0.9333333333333333,0.9333333333333333,702_707_710_725_728_761_777_788_806_829_830_849_856_872_879,503_502_501_482_481_475_474_471_468_457_456_454_452_439_433,_-1_-1_-1_-1_-1_-1_-1_-1_-1_-1_-1_-1_-1_-1_-1,0.01568627450980392,0.08426966292134831,0.2112676056338028,0,0
284,8,6,1855.0,1911.0,137.0,111.0,0.1901,9,-1,-1,0.6666666666666666,0.6666666666666666,0.6666666666666666,0.7777777777777778,0.7777777777777778,1855_1866_1868_1869_1889_1891_1893_1902_1911,137_132_131_130_117_116_113_112_111,_-1_-1_-1_-1_-1_-1_-1_-1_-1,0.01111111111111111,0.15789473684210525,0.3333333333333333,0,0
285,8,6,1174.0,1220.0,391.0,382.0,0.1129,6,-1,-1,0.8333333333333334,0.8333333333333334,0.8333333333333334,0.8333333333333334,1.0,1174_1205_1206_1216_1218_1220,391_386_385_384_383_382,_-1_-1_-1_-1_-1_-1,0.0,0.1276595744680851,0.6,0,0
286,8,6,1817.0,1832.0,432.0,426.0,0.0054,5,-1,-1,1.0,1.0,1.0,1.0,1.0,1817_1819_1822_1830_1832,432_431_430_428_426,_-1_-1_-1_-1_-1,0.0,0.3125,0.7142857142857143,0,0
287,8,6,951.0,979.0,713.0,705.0,0.0536,5,-1,-1,0.6,1.0,1.0,1.0,1.0,951_953_954_972_979,713_712_711_708_705,_-1_-1_-1_-1_-1,0.1142857142857143,0.1724137931034483,0.5555555555555556,0,0
288,8,6,53.0,75.0,1230.0,1222.0,0.3427,5,-1,-1,0.2,0.2,0.6,0.8,1.0,53_67_68_70_75,1230_1228_1225_1223_1222,_-1_-1_-1_-1_-1,0.7916666666666666,0.21739130434782608,0.5555555555555556,0,0
289,8,6,67.0,77.0,1230.0,1222.0,0.4767,5,-1,-1,0.0,0.4,0.6,0.6,0.6,67_68_70_75_77,1230_1228_1225_1223_1222,_-1_-1_-1_-1_-1,0.8,0.45454545454545453,0.5555555555555556,0,0
290,9,1,2536.0,2668.0,725.0,790.0,0.0109,39,-1,-1,0.8974358974358975,0.9487179487179487,0.9743589743589743,0.9743589743589743,1.0,2536_2539_2542_2546_2550_2554_2558_2560_2569_2579_2580_2582_2588_2590_2591_2592_2594_2599_2603_2608_2611_2614_2616_2619_2625_2626_2627_2628_2630_2631_2633_2635_2636_2637_2640_2648_2650_2655_2668,725_727_729_731_735_738_739_740_742_744_745_746_748_750_752_753_754_756_757_758_760_761_762_763_765_767_769_770_771_773_774_775_776_777_779_780_781_782_790,_-1_-1_-1_-1_-1_-1_-1_-1_-1_-1_-1_-1_-1_-1_-1_-1_-1_-1_-1_-1_-1_-1_-1_-1_-1_-1_-1_-1_-1_-1_-1_-1_-1_-1_-1_-1_-1_-1_-1,0.0,0.2932330827067669,0.5909090909090909,0,0
291,9,1,2401.0,2518.0,633.0,684.0,0.0082,33,-1,-1,0.9393939393939394,0.9696969696969697,1.0,1.0,1.0,2401_2402_2410_2419_2422_2425_2428_2439_2442_2446_2448_2449_2450_2452_2455_2457_2459_2462_2466_2470_2475_2476_2479_2480_2485_2487_2489_2490_2493_2498_2504_2513_2518,633_634_635_639_640_642_643_644_645_646_648_649_650_651_654_655_656_657_658_660_661_662_664_665_669_670_671_672_674_676_677_682_684,_-1_-1_-1_-1_-1_-1_-1_-1_-1_-1_-1_-1_-1_-1_-1_-1_-1_-1_-1_-1_-1_-1_-1_-1_-1_-1_-1_-1_-1_-1_-1_-1_-1,0.0008912655971479501,0.2796610169491525,0.6346153846153846,0,0
292,9,1,1052.0,1248.0,1191.0,1239.0,0.0377,25,-1,-1,0.96,0.96,0.96,0.96,1.0,1052_1053_1054_1055_1066_1068_1075_1082_1103_1111_1113_1127_1163_1175_1195_1197_1200_1201_1206_1207_1216_1219_1234_1246_1248,1191_1193_1194_1195_1198_1204_1205_1206_1208_1210_1211_1214_1216_1218_1221_1225_1228_1229_1230_1231_1232_1233_1237_1238_1239,_-1_-1_-1_-1_-1_-1_-1_-1_-1_-1_-1_-1_-1_-1_-1_-1_-1_-1_-1_-1_-1_-1_-1_-1_-1,0.0015384615384615385,0.12690355329949238,0.5102040816326531,0,0
293,9,1,841.0,893.0,907.0,930.0,0.0642,9,-1,-1,0.8888888888888888,1.0,1.0,1.0,1.0,841_842_845_859_873_876_877_879_893,907_908_913_914_915_919_920_921_930,_-1_-1_-1_-1_-1_-1_-1_-1_-1,0.13675213675213674,0.16981132075471697,0.375,0,0
294,9,1,1725.0,1812.0,1143.0,1156.0,0.019,9,-1,-1,0.8888888888888888,1.0,1.0,1.0,1.0,1725_1736_1742_1751_1752_1753_1765_1780_1812,1143_1144_1147_1148_1149_1150_1154_1155_1156,_-1_-1_-1_-1_-1_-1_-1_-1_-1,0.0,0.10227272727272728,0.6428571428571429,0,0
295,9,1,1290.0,1390.0,1165.0,1190.0,0.1034,7,-1,-1,1.0,1.0,1.0,1.0,1.0,1290_1298_1303_1331_1362_1369_1390,1165_1167_1170_1184_1185_1188_1190,_-1_-1_-1_-1_-1_-1_-1,0.0,0.06930693069306931,0.2692307692307692,0,0
296,9,1,687.0,699.0,710.0,724.0,0.0207,5,-1,-1,0.6,0.6,0.8,0.8,0.8,687_691_693_696_699,710_712_713_714_724,_-1_-1_-1_-1_-1,0.0,0.38461538461538464,0.3333333333333333,0,0
297,9,1,2373.0,2392.0,1136.0,1127.0,0.0075,7,-1,-1,1.0,1.0,1.0,1.0,1.0,2373_2386_2387_2388_2389_2391_2392,1136_1135_1133_1132_1130_1129_1127,_-1_-1_-1_-1_-1_-1_-1,0.0,0.35,0.7,0,0
298,9,1,2704.0,2719.0,632.0,617.0,0.0084,7,-1,-1,1.0,1.0,1.0,1.0,1.0,2704_2706_2708_2709_2713_2716_2719,632_631_629_622_620_618_617,_-1_-1_-1_-1_-1_-1_-1,0.0,0.4375,0.4375,0,0
299,9,1,889.0,935.0,936.0,896.0,0.0912,8,-1,-1,0.875,0.875,1.0,1.0,1.0,889_893_895_902_916_918_920_935,936_930_921_905_902_898_897_896,_-1_-1_-1_-1_-1_-1_-1_-1,0.0,0.1702127659574468,0.1951219512195122,0,0
300,9,1,2667.0,2681.0,791.0,783.0,0.0135,6,-1,-1,0.8333333333333334,0.8333333333333334,1.0,1.0,1.0,2667_2668_2674_2676_2678_2681,791_790_788_785_784_783,_-1_-1_-1_-1_-1_-1,0.0,0.4,0.6666666666666666,0,0
301,9,1,828.0,853.0,926.0,909.0,0.0885,6,-1,-1,0.8333333333333334,0.8333333333333334,0.8333333333333334,1.0,1.0,828_833_843_845_849_853,926_922_914_913_910_909,_-1_-1_-1_-1_-1_-1,0.0,0.23076923076923078,0.3333333333333333,0,0
302,9,2,150.0,231.0,368.0,315.0,0.1534,6,-1,-1,0.8333333333333334,1.0,1.0,1.0,1.0,150_183_184_191_218_231,368_360_354_329_323_315,_-1_-1_-1_-1_-1_-1,0.0,0.07317073170731707,0.1111111111111111,0,0
303,9,3,315.0,337.0,1130.0,1160.0,0.0127,7,-1,-1,1.0,1.0,1.0,1.0,1.0,315_319_322_325_332_335_337,1130_1152_1154_1155_1157_1158_1160,_-1_-1_-1_-1_-1_-1_-1,0.0,0.30434782608695654,0.22580645161290322,0,0
304,9,3,144.0,149.0,1102.0,1131.0,0.0218,5,-1,-1,0.8,0.8,1.0,1.0,1.0,144_146_147_148_149,1102_1103_1110_1113_1131,_-1_-1_-1_-1_-1,0.1142857142857143,0.8333333333333334,0.16666666666666666,0,0
305,9,3,247.0,315.0,1151.0,1130.0,0.1744,5,-1,-1,0.8,0.8,1.0,1.0,1.0,247_280_291_311_315,1151_1142_1137_1131_1130,_-1_-1_-1_-1_-1,0.0,0.07246376811594203,0.22727272727272727,0,0
306,9,5,583.0,682.0,221.0,254.0,0.0498,13,-1,-1,0.9230769230769231,0.9230769230769231,0.9230769230769231,1.0,1.0,583_597_606_624_625_647_653_654_661_667_671_679_682,221_222_226_239_240_243_244_245_247_250_251_253_254,_-1_-1_-1_-1_-1_-1_-1_-1_-1_-1_-1_-1_-1,0.0,0.13,0.38235294117647056,0,0
307,9,5,434.0,487.0,584.0,606.0,0.0316,11,-1,-1,0.9090909090909091,1.0,1.0,1.0,1.0,434_438_439_440_451_461_476_477_484_486_487,584_586_587_588_589_591_594_595_596_597_606,_-1_-1_-1_-1_-1_-1_-1_-1_-1_-1_-1,0.007575757575757576,0.2037037037037037,0.4782608695652174,0,0
308,9,5,2303.0,2359.0,173.0,189.0,0.096,7,-1,-1,1.0,1.0,1.0,1.0,1.0,2303_2320_2322_2328_2347_2353_2359,173_177_178_182_185_188_189,_-1_-1_-1_-1_-1_-1_-1,0.06349206349206349,0.12280701754385964,0.4117647058823529,0,0
309,9,5,1931.0,1972.0,114.0,160.0,0.0266,7,-1,-1,1.0,1.0,1.0,1.0,1.0,1931_1940_1948_1955_1958_1960_1972,114_116_130_132_135_137_160,_-1_-1_-1_-1_-1_-1_-1,0.0,0.16666666666666666,0.14893617021276595,0,0
310,9,5,1251.0,1290.0,189.0,204.0,0.0346,5,-1,-1,0.8,0.8,0.8,1.0,1.0,1251_1255_1265_1279_1290,189_191_192_195_204,_-1_-1_-1_-1_-1,0.0,0.125,0.3125,0,0
311,9,5,500.0,542.0,294.0,276.0,0.0293,9,-1,-1,1.0,1.0,1.0,1.0,1.0,500_502_504_510_523_524_528_535_542,294_291_289_288_287_286_279_278_276,_-1_-1_-1_-1_-1_-1_-1_-1_-1,0.0,0.20930232558139536,0.47368421052631576,0,0
312,9,5,1982.0,2028.0,160.0,138.0,0.0313,7,-1,-1,1.0,1.0,1.0,1.0,1.0,1982_1989_2000_2003_2024_2027_2028,160_159_142_141_140_139_138,_-1_-1_-1_-1_-1_-1_-1,0.0,0.14893617021276595,0.30434782608695654,0,0
313,9,5,2070.0,2130.0,168.0,119.0,0.1208,8,-1,-1,0.875,1.0,1.0,1.0,1.0,2070_2090_2097_2111_2117_2124_2125_2130,168_167_128_124_123_121_120_119,_-1_-1_-1_-1_-1_-1_-1_-1,0.0,0.13114754098360656,0.16,0,0
314,9,5,573.0,638.0,257.0,232.0,0.222,7,-1,-1,0.8571428571428571,0.8571428571428571,1.0,1.0,1.0,573_584_612_625_632_636_638,257_255_242_240_236_233_232,_-1_-1_-1_-1_-1_-1_-1,0.0,0.10606060606060606,0.2692307692307692,0,0
315,9,5,695.0,732.0,129.0,101.0,0.0399,6,-1,-1,0.5,0.5,0.5,0.8333333333333334,0.8333333333333334,695_704_713_721_727_732,129_120_111_108_106_101,_-1_-1_-1_-1_-1_-1,0.0,0.15789473684210525,0.20689655172413793,0,0
316,9,5,741.0,812.0,274.0,259.0,0.1166,5,-1,-1,0.8,0.8,1.0,1.0,1.0,741_758_795_804_812,274_270_269_262_259,_-1_-1_-1_-1_-1,0.0,0.06944444444444445,0.3125,0,0
317,9,5,2293.0,2344.0,191.0,174.0,0.5126,5,-1,-1,0.4,0.6,0.6,1.0,1.0,2293_2320_2322_2335_2344,191_182_178_177_174,_-1_-1_-1_-1_-1,0.1142857142857143,0.09615384615384616,0.2777777777777778,0,0
318,9,6,2488.0,2535.0,916.0,928.0,0.1337,5,-1,-1,0.6,0.6,0.8,1.0,1.0,2488_2494_2502_2516_2535,916_917_924_927_928,_-1_-1_-1_-1_-1,0.0,0.10416666666666667,0.38461538461538464,0,0
319,9,6,350.0,378.0,1817.0,1812.0,0.0099,5,-1,-1,0.8,0.8,0.8,0.8,1.0,350_370_372_374_378,1817_1816_1814_1813_1812,_-1_-1_-1_-1_-1,0.0,0.1724137931034483,0.8333333333333334,0,0
